device_id,temperature,humidity,battery,measured_at
office-occupancy-sensor-001,23.7,26.272,100.0,2015-02-02T14:19:00
office-occupancy-sensor-001,23.718,26.29,100.0,2015-02-02T14:19:59
office-occupancy-sensor-001,23.73,26.23,100.0,2015-02-02T14:21:00
office-occupancy-sensor-001,23.722,26.125,100.0,2015-02-02T14:22:00
office-occupancy-sensor-001,23.754,26.2,100.0,2015-02-02T14:23:00
office-occupancy-sensor-001,23.76,26.26,100.0,2015-02-02T14:23:59
office-occupancy-sensor-001,23.73,26.29,100.0,2015-02-02T14:25:00
office-occupancy-sensor-001,23.754,26.29,100.0,2015-02-02T14:25:59
office-occupancy-sensor-001,23.754,26.35,100.0,2015-02-02T14:26:59
office-occupancy-sensor-001,23.736,26.39,100.0,2015-02-02T14:28:00
office-occupancy-sensor-001,23.745,26.445,100.0,2015-02-02T14:29:00
office-occupancy-sensor-001,23.7,26.56,100.0,2015-02-02T14:30:00
office-occupancy-sensor-001,23.7,26.6,100.0,2015-02-02T14:31:00
office-occupancy-sensor-001,23.7,26.7,100.0,2015-02-02T14:31:59
office-occupancy-sensor-001,23.7,26.774,100.0,2015-02-02T14:32:59
office-occupancy-sensor-001,23.7,26.89,100.0,2015-02-02T14:34:00
office-occupancy-sensor-001,23.7,26.972,100.0,2015-02-02T14:35:00
office-occupancy-sensor-001,23.6,26.89,100.0,2015-02-02T14:36:00
office-occupancy-sensor-001,23.64,26.976,100.0,2015-02-02T14:37:00
office-occupancy-sensor-001,23.65,27.05,100.0,2015-02-02T14:38:00
office-occupancy-sensor-001,23.64,27.1,100.0,2015-02-02T14:38:59
office-occupancy-sensor-001,23.6,27.16,100.0,2015-02-02T14:39:59
office-occupancy-sensor-001,23.6,27.236,100.0,2015-02-02T14:41:00
office-occupancy-sensor-001,23.6,27.29,100.0,2015-02-02T14:42:00
office-occupancy-sensor-001,23.6,27.33,100.0,2015-02-02T14:43:00
office-occupancy-sensor-001,23.6,27.34,100.0,2015-02-02T14:44:00
office-occupancy-sensor-001,23.625,27.392,100.0,2015-02-02T14:44:59
office-occupancy-sensor-001,23.6,27.39,100.0,2015-02-02T14:45:59
office-occupancy-sensor-001,23.6,27.412,100.0,2015-02-02T14:47:00
office-occupancy-sensor-001,23.6,27.5,100.0,2015-02-02T14:48:00
office-occupancy-sensor-001,23.6,27.525,100.0,2015-02-02T14:49:00
office-occupancy-sensor-001,23.6,27.6,100.0,2015-02-02T14:50:00
office-occupancy-sensor-001,23.6,27.6,100.0,2015-02-02T14:51:00
office-occupancy-sensor-001,23.6,27.54,100.0,2015-02-02T14:51:59
office-occupancy-sensor-001,23.6,27.6,100.0,2015-02-02T14:53:00
office-occupancy-sensor-001,23.617,27.633,100.0,2015-02-02T14:54:00
office-occupancy-sensor-001,23.667,27.7,100.0,2015-02-02T14:55:00
office-occupancy-sensor-001,23.6,27.7,100.0,2015-02-02T14:55:59
office-occupancy-sensor-001,23.6,27.722,100.0,2015-02-02T14:57:00
office-occupancy-sensor-001,23.6,27.79,100.0,2015-02-02T14:57:59
office-occupancy-sensor-001,23.6,27.857,100.0,2015-02-02T14:58:59
office-occupancy-sensor-001,23.6,27.804,100.0,2015-02-02T15:00:00
office-occupancy-sensor-001,23.575,27.79,100.0,2015-02-02T15:01:00
office-occupancy-sensor-001,23.54,27.81,100.0,2015-02-02T15:02:00
office-occupancy-sensor-001,23.6,27.978,100.0,2015-02-02T15:03:00
office-occupancy-sensor-001,23.525,28.0,100.0,2015-02-02T15:04:00
office-occupancy-sensor-001,23.5,27.978,100.0,2015-02-02T15:04:59
office-occupancy-sensor-001,23.5,28.0,100.0,2015-02-02T15:06:00
office-occupancy-sensor-001,23.5,28.0,100.0,2015-02-02T15:07:00
office-occupancy-sensor-001,23.5,28.0,100.0,2015-02-02T15:08:00
office-occupancy-sensor-001,23.5,28.0,100.0,2015-02-02T15:08:59
office-occupancy-sensor-001,23.5,28.025,100.0,2015-02-02T15:10:00
office-occupancy-sensor-001,23.445,28.125,100.0,2015-02-02T15:10:59
office-occupancy-sensor-001,23.39,28.18,100.0,2015-02-02T15:11:59
office-occupancy-sensor-001,23.39,28.2,100.0,2015-02-02T15:13:00
office-occupancy-sensor-001,23.39,28.2,100.0,2015-02-02T15:14:00
office-occupancy-sensor-001,23.39,28.2,100.0,2015-02-02T15:15:00
office-occupancy-sensor-001,23.39,28.222,100.0,2015-02-02T15:16:00
office-occupancy-sensor-001,23.39,28.373,100.0,2015-02-02T15:16:59
office-occupancy-sensor-001,23.37,28.39,100.0,2015-02-02T15:17:59
office-occupancy-sensor-001,23.39,28.323,100.0,2015-02-02T15:19:00
office-occupancy-sensor-001,23.373,28.445,100.0,2015-02-02T15:20:00
office-occupancy-sensor-001,23.39,28.5,100.0,2015-02-02T15:21:00
office-occupancy-sensor-001,23.323,28.5,100.0,2015-02-02T15:22:00
office-occupancy-sensor-001,23.365,28.5,100.0,2015-02-02T15:23:00
office-occupancy-sensor-001,23.29,28.5,100.0,2015-02-02T15:23:59
office-occupancy-sensor-001,23.307,28.533,100.0,2015-02-02T15:24:59
office-occupancy-sensor-001,23.29,28.7,100.0,2015-02-02T15:26:00
office-occupancy-sensor-001,23.29,28.7,100.0,2015-02-02T15:27:00
office-occupancy-sensor-001,23.29,28.675,100.0,2015-02-02T15:28:00
office-occupancy-sensor-001,23.29,28.617,100.0,2015-02-02T15:29:00
office-occupancy-sensor-001,23.29,28.66,100.0,2015-02-02T15:29:59
office-occupancy-sensor-001,23.29,28.55,100.0,2015-02-02T15:30:59
office-occupancy-sensor-001,23.29,28.6,100.0,2015-02-02T15:32:00
office-occupancy-sensor-001,23.272,28.6,100.0,2015-02-02T15:33:00
office-occupancy-sensor-001,23.2,28.418,100.0,2015-02-02T15:34:00
office-occupancy-sensor-001,23.23,28.5,100.0,2015-02-02T15:35:00
office-occupancy-sensor-001,23.29,28.5,100.0,2015-02-02T15:36:00
office-occupancy-sensor-001,23.215,28.633,100.0,2015-02-02T15:36:59
office-occupancy-sensor-001,23.2,28.6,100.0,2015-02-02T15:38:00
office-occupancy-sensor-001,44.0,28.65,100.0,2015-02-02T15:39:00
office-occupancy-sensor-001,44.0,28.62,100.0,2015-02-02T15:40:00
office-occupancy-sensor-001,44.0,28.7,100.0,2015-02-02T15:40:59
office-occupancy-sensor-001,23.2,28.7,100.0,2015-02-02T15:42:00
office-occupancy-sensor-001,23.2,28.718,100.0,2015-02-02T15:42:59
office-occupancy-sensor-001,23.2,28.79,100.0,2015-02-02T15:43:59
office-occupancy-sensor-001,23.2,28.79,100.0,2015-02-02T15:45:00
office-occupancy-sensor-001,23.14,28.79,100.0,2015-02-02T15:46:00
office-occupancy-sensor-001,23.15,28.89,100.0,2015-02-02T15:47:00
office-occupancy-sensor-001,23.15,28.89,100.0,2015-02-02T15:48:00
office-occupancy-sensor-001,23.18,28.83,100.0,2015-02-02T15:49:00
office-occupancy-sensor-001,23.117,28.945,100.0,2015-02-02T15:49:59
office-occupancy-sensor-001,23.14,28.956,100.0,2015-02-02T15:51:00
office-occupancy-sensor-001,23.1,29.0,100.0,2015-02-02T15:52:00
office-occupancy-sensor-001,23.1,29.075,100.0,2015-02-02T15:53:00
office-occupancy-sensor-001,23.1,28.918,100.0,2015-02-02T15:53:59
office-occupancy-sensor-001,23.1,27.925,100.0,2015-02-02T15:55:00
office-occupancy-sensor-001,23.06,27.772,100.0,2015-02-02T15:55:59
office-occupancy-sensor-001,23.02,27.556,100.0,2015-02-02T15:56:59
office-occupancy-sensor-001,23.01,27.819,100.0,2015-02-02T15:58:00
office-occupancy-sensor-001,23.0,28.082,100.0,2015-02-02T15:59:00
office-occupancy-sensor-001,23.0,27.956,100.0,2015-02-02T16:00:00
office-occupancy-sensor-001,22.982,27.908,100.0,2015-02-02T16:01:00
office-occupancy-sensor-001,23.0,27.927,100.0,2015-02-02T16:01:59
office-occupancy-sensor-001,23.0,28.018,100.0,2015-02-02T16:02:59
office-occupancy-sensor-001,22.982,28.067,100.0,2015-02-02T16:04:00
office-occupancy-sensor-001,22.945,28.1,100.0,2015-02-02T16:05:00
office-occupancy-sensor-001,23.0,28.1,100.0,2015-02-02T16:06:00
office-occupancy-sensor-001,22.956,28.2,100.0,2015-02-02T16:07:00
office-occupancy-sensor-001,22.972,28.1,100.0,2015-02-02T16:08:00
office-occupancy-sensor-001,22.945,28.133,100.0,2015-02-02T16:08:59
office-occupancy-sensor-001,23.0,28.2,100.0,2015-02-02T16:09:59
office-occupancy-sensor-001,22.945,28.2,100.0,2015-02-02T16:11:00
office-occupancy-sensor-001,23.0,28.133,100.0,2015-02-02T16:12:00
office-occupancy-sensor-001,22.912,28.1,100.0,2015-02-02T16:13:00
office-occupancy-sensor-001,22.89,28.1,100.0,2015-02-02T16:14:00
office-occupancy-sensor-001,22.89,27.956,100.0,2015-02-02T16:14:59
office-occupancy-sensor-001,22.865,27.84,100.0,2015-02-02T16:15:59
office-occupancy-sensor-001,22.873,27.683,100.0,2015-02-02T16:17:00
office-occupancy-sensor-001,22.873,27.6,100.0,2015-02-02T16:18:00
office-occupancy-sensor-001,22.89,27.6,100.0,2015-02-02T16:19:00
office-occupancy-sensor-001,22.815,27.445,100.0,2015-02-02T16:20:00
office-occupancy-sensor-001,22.84,27.373,100.0,2015-02-02T16:21:00
office-occupancy-sensor-001,22.79,27.365,100.0,2015-02-02T16:21:59
office-occupancy-sensor-001,22.79,27.2,100.0,2015-02-02T16:23:00
office-occupancy-sensor-001,22.79,27.171,100.0,2015-02-02T16:24:00
office-occupancy-sensor-001,22.79,27.067,100.0,2015-02-02T16:25:00
office-occupancy-sensor-001,22.79,27.02,100.0,2015-02-02T16:25:59
office-occupancy-sensor-001,22.772,26.934,100.0,2015-02-02T16:27:00
office-occupancy-sensor-001,22.76,26.823,100.0,2015-02-02T16:27:59
office-occupancy-sensor-001,22.7,26.754,100.0,2015-02-02T16:28:59
office-occupancy-sensor-001,22.722,26.7,100.0,2015-02-02T16:30:00
office-occupancy-sensor-001,22.7,26.683,100.0,2015-02-02T16:31:00
office-occupancy-sensor-001,22.7,26.533,100.0,2015-02-02T16:32:00
office-occupancy-sensor-001,22.7,26.463,100.0,2015-02-02T16:33:00
office-occupancy-sensor-001,22.7,26.445,100.0,2015-02-02T16:34:00
office-occupancy-sensor-001,22.7,26.34,100.0,2015-02-02T16:34:59
office-occupancy-sensor-001,22.7,26.26,100.0,2015-02-02T16:36:00
office-occupancy-sensor-001,22.7,26.2,100.0,2015-02-02T16:37:00
office-occupancy-sensor-001,22.7,26.16,100.0,2015-02-02T16:38:00
office-occupancy-sensor-001,22.7,12.0,100.0,2015-02-02T16:38:59
office-occupancy-sensor-001,22.7,12.0,100.0,2015-02-02T16:40:00
office-occupancy-sensor-001,22.7,12.0,100.0,2015-02-02T16:40:59
office-occupancy-sensor-001,22.7,25.934,100.0,2015-02-02T16:41:59
office-occupancy-sensor-001,22.7,25.927,100.0,2015-02-02T16:43:00
office-occupancy-sensor-001,22.7,25.815,100.0,2015-02-02T16:44:00
office-occupancy-sensor-001,22.68,25.772,100.0,2015-02-02T16:45:00
office-occupancy-sensor-001,22.64,25.696,100.0,2015-02-02T16:46:00
office-occupancy-sensor-001,22.6,25.575,100.0,2015-02-02T16:46:59
office-occupancy-sensor-001,22.667,25.6,100.0,2015-02-02T16:47:59
office-occupancy-sensor-001,22.6,25.525,100.0,2015-02-02T16:49:00
office-occupancy-sensor-001,22.62,25.476,100.0,2015-02-02T16:50:00
office-occupancy-sensor-001,22.625,25.55,100.0,2015-02-02T16:51:00
office-occupancy-sensor-001,22.6,25.39,100.0,2015-02-02T16:52:00
office-occupancy-sensor-001,22.65,25.42,100.0,2015-02-02T16:53:00
office-occupancy-sensor-001,22.6,25.268,100.0,2015-02-02T16:53:59
office-occupancy-sensor-001,22.6,25.218,100.0,2015-02-02T16:54:59
office-occupancy-sensor-001,22.6,25.2,100.0,2015-02-02T16:56:00
office-occupancy-sensor-001,22.6,25.2,100.0,2015-02-02T16:57:00
office-occupancy-sensor-001,22.6,25.15,100.0,2015-02-02T16:58:00
office-occupancy-sensor-001,22.6,25.14,100.0,2015-02-02T16:59:00
office-occupancy-sensor-001,22.6,25.15,100.0,2015-02-02T16:59:59
office-occupancy-sensor-001,22.6,25.04,100.0,2015-02-02T17:00:59
office-occupancy-sensor-001,22.6,25.05,100.0,2015-02-02T17:02:00
office-occupancy-sensor-001,22.6,25.06,100.0,2015-02-02T17:03:00
office-occupancy-sensor-001,22.6,25.0,100.0,2015-02-02T17:04:00
office-occupancy-sensor-001,22.6,25.0,100.0,2015-02-02T17:05:00
office-occupancy-sensor-001,22.6,25.0,100.0,2015-02-02T17:06:00
office-occupancy-sensor-001,22.6,25.025,100.0,2015-02-02T17:06:59
office-occupancy-sensor-001,22.6,25.1,100.0,2015-02-02T17:08:00
office-occupancy-sensor-001,22.2,31.1,100.0,2015-02-02T17:09:00
office-occupancy-sensor-001,22.2,31.1,100.0,2015-02-02T17:10:00
office-occupancy-sensor-001,22.2,31.1,100.0,2015-02-02T17:10:59
office-occupancy-sensor-001,22.2,31.1,100.0,2015-02-02T17:12:00
office-occupancy-sensor-001,22.2,31.1,100.0,2015-02-02T17:12:59
office-occupancy-sensor-001,22.55,25.2,100.0,2015-02-02T17:13:59
office-occupancy-sensor-001,22.6,24.918,100.0,2015-02-02T17:15:00
office-occupancy-sensor-001,22.58,25.06,100.0,2015-02-02T17:16:00
office-occupancy-sensor-001,22.567,24.908,100.0,2015-02-02T17:17:00
office-occupancy-sensor-001,22.525,24.945,100.0,2015-02-02T17:18:00
office-occupancy-sensor-001,22.54,24.89,100.0,2015-02-02T17:19:00
office-occupancy-sensor-001,22.5,24.865,100.0,2015-02-02T17:19:59
office-occupancy-sensor-001,22.5,24.918,100.0,2015-02-02T17:21:00
office-occupancy-sensor-001,22.5,24.912,100.0,2015-02-02T17:22:00
office-occupancy-sensor-001,22.56,24.81,100.0,2015-02-02T17:23:00
office-occupancy-sensor-001,22.525,24.89,100.0,2015-02-02T17:23:59
office-occupancy-sensor-001,22.52,24.976,100.0,2015-02-02T17:25:00
office-occupancy-sensor-001,22.575,25.075,100.0,2015-02-02T17:25:59
office-occupancy-sensor-001,22.6,25.0,100.0,2015-02-02T17:26:59
office-occupancy-sensor-001,22.6,25.021,100.0,2015-02-02T17:28:00
office-occupancy-sensor-001,22.6,25.043,100.0,2015-02-02T17:29:00
office-occupancy-sensor-001,22.6,25.1,100.0,2015-02-02T17:30:00
office-occupancy-sensor-001,22.6,25.1,100.0,2015-02-02T17:31:00
office-occupancy-sensor-001,22.6,25.08,100.0,2015-02-02T17:31:59
office-occupancy-sensor-001,22.6,25.167,100.0,2015-02-02T17:32:59
office-occupancy-sensor-001,22.6,25.067,100.0,2015-02-02T17:34:00
office-occupancy-sensor-001,22.6,25.2,100.0,2015-02-02T17:35:00
office-occupancy-sensor-001,22.6,25.2,100.0,2015-02-02T17:36:00
office-occupancy-sensor-001,22.54,25.16,100.0,2015-02-02T17:37:00
office-occupancy-sensor-001,22.54,25.16,100.0,2015-02-02T17:38:00
office-occupancy-sensor-001,22.54,25.14,100.0,2015-02-02T17:38:59
office-occupancy-sensor-001,22.525,25.1,100.0,2015-02-02T17:39:59
office-occupancy-sensor-001,22.5,25.04,100.0,2015-02-02T17:41:00
office-occupancy-sensor-001,22.5,25.0,100.0,2015-02-02T17:42:00
office-occupancy-sensor-001,22.5,25.0,100.0,2015-02-02T17:43:00
office-occupancy-sensor-001,22.5,25.0,100.0,2015-02-02T17:44:00
office-occupancy-sensor-001,22.5,24.912,100.0,2015-02-02T17:44:59
office-occupancy-sensor-001,22.5,24.89,100.0,2015-02-02T17:45:59
office-occupancy-sensor-001,22.5,24.89,100.0,2015-02-02T17:47:00
office-occupancy-sensor-001,22.5,24.89,100.0,2015-02-02T17:48:00
office-occupancy-sensor-001,22.478,24.87,100.0,2015-02-02T17:49:00
office-occupancy-sensor-001,22.456,24.83,100.0,2015-02-02T17:50:00
office-occupancy-sensor-001,22.5,24.857,100.0,2015-02-02T17:51:00
office-occupancy-sensor-001,22.418,24.748,100.0,2015-02-02T17:51:59
office-occupancy-sensor-001,22.456,24.81,100.0,2015-02-02T17:53:00
office-occupancy-sensor-001,22.39,24.7,100.0,2015-02-02T17:54:00
office-occupancy-sensor-001,22.418,24.722,100.0,2015-02-02T17:55:00
office-occupancy-sensor-001,22.39,24.7,100.0,2015-02-02T17:55:59
office-occupancy-sensor-001,22.39,24.722,100.0,2015-02-02T17:57:00
office-occupancy-sensor-001,22.39,24.717,100.0,2015-02-02T17:57:59
office-occupancy-sensor-001,22.39,24.712,100.0,2015-02-02T17:58:59
office-occupancy-sensor-001,22.39,24.625,100.0,2015-02-02T18:00:00
office-occupancy-sensor-001,22.39,24.754,100.0,2015-02-02T18:01:00
office-occupancy-sensor-001,22.39,24.912,100.0,2015-02-02T18:02:00
office-occupancy-sensor-001,22.39,25.245,100.0,2015-02-02T18:03:00
office-occupancy-sensor-001,22.39,25.092,100.0,2015-02-02T18:04:00
office-occupancy-sensor-001,22.39,25.0,100.0,2015-02-02T18:04:59
office-occupancy-sensor-001,22.35,24.978,100.0,2015-02-02T18:06:00
office-occupancy-sensor-001,22.323,25.0,100.0,2015-02-02T18:07:00
office-occupancy-sensor-001,22.365,24.972,100.0,2015-02-02T18:08:00
office-occupancy-sensor-001,22.315,24.89,100.0,2015-02-02T18:08:59
office-occupancy-sensor-001,22.29,24.918,100.0,2015-02-02T18:10:00
office-occupancy-sensor-001,22.29,24.912,100.0,2015-02-02T18:10:59
office-occupancy-sensor-001,22.26,24.857,100.0,2015-02-02T18:11:59
office-occupancy-sensor-001,22.254,24.85,100.0,2015-02-02T18:13:00
office-occupancy-sensor-001,22.23,24.793,100.0,2015-02-02T18:14:00
office-occupancy-sensor-001,22.26,24.823,100.0,2015-02-02T18:15:00
office-occupancy-sensor-001,22.2,24.79,100.0,2015-02-02T18:16:00
office-occupancy-sensor-001,22.2,24.79,100.0,2015-02-02T18:16:59
office-occupancy-sensor-001,22.2,24.736,100.0,2015-02-02T18:17:59
office-occupancy-sensor-001,22.2,24.79,100.0,2015-02-02T18:19:00
office-occupancy-sensor-001,22.133,24.7,100.0,2015-02-02T18:20:00
office-occupancy-sensor-001,22.1,24.7,100.0,2015-02-02T18:21:00
office-occupancy-sensor-001,22.15,24.722,100.0,2015-02-02T18:22:00
office-occupancy-sensor-001,22.1,24.7,100.0,2015-02-02T18:23:00
office-occupancy-sensor-001,22.1,24.7,100.0,2015-02-02T18:23:59
office-occupancy-sensor-001,22.133,24.7,100.0,2015-02-02T18:24:59
office-occupancy-sensor-001,22.1,24.7,100.0,2015-02-02T18:26:00
office-occupancy-sensor-001,22.1,24.675,100.0,2015-02-02T18:27:00
office-occupancy-sensor-001,22.067,24.667,100.0,2015-02-02T18:28:00
office-occupancy-sensor-001,22.067,24.667,100.0,2015-02-02T18:29:00
office-occupancy-sensor-001,22.0,24.58,100.0,2015-02-02T18:29:59
office-occupancy-sensor-001,21.978,24.6,100.0,2015-02-02T18:30:59
office-occupancy-sensor-001,21.978,24.56,100.0,2015-02-02T18:32:00
office-occupancy-sensor-001,21.945,24.6,100.0,2015-02-02T18:33:00
office-occupancy-sensor-001,21.927,24.5,100.0,2015-02-02T18:34:00
office-occupancy-sensor-001,21.89,24.5,100.0,2015-02-02T18:35:00
office-occupancy-sensor-001,21.89,24.525,100.0,2015-02-02T18:36:00
office-occupancy-sensor-001,21.89,24.5,100.0,2015-02-02T18:36:59
office-occupancy-sensor-001,21.89,24.5,100.0,2015-02-02T18:38:00
office-occupancy-sensor-001,21.815,24.418,100.0,2015-02-02T18:39:00
office-occupancy-sensor-001,21.823,24.463,100.0,2015-02-02T18:40:00
office-occupancy-sensor-001,21.79,24.39,100.0,2015-02-02T18:40:59
office-occupancy-sensor-001,21.79,24.39,100.0,2015-02-02T18:42:00
office-occupancy-sensor-001,21.79,24.39,100.0,2015-02-02T18:42:59
office-occupancy-sensor-001,21.768,24.39,100.0,2015-02-02T18:43:59
office-occupancy-sensor-001,21.768,24.365,100.0,2015-02-02T18:45:00
office-occupancy-sensor-001,21.754,24.35,100.0,2015-02-02T18:46:00
office-occupancy-sensor-001,21.7,24.29,100.0,2015-02-02T18:47:00
office-occupancy-sensor-001,21.7,24.29,100.0,2015-02-02T18:48:00
office-occupancy-sensor-001,21.7,24.29,100.0,2015-02-02T18:49:00
office-occupancy-sensor-001,21.7,24.29,100.0,2015-02-02T18:49:59
office-occupancy-sensor-001,21.64,24.236,100.0,2015-02-02T18:51:00
office-occupancy-sensor-001,21.6,24.2,100.0,2015-02-02T18:52:00
office-occupancy-sensor-001,21.6,24.2,100.0,2015-02-02T18:53:00
office-occupancy-sensor-001,21.6,24.222,100.0,2015-02-02T18:53:59
office-occupancy-sensor-001,21.5,24.26,100.0,2015-02-02T18:55:00
office-occupancy-sensor-001,21.5,24.2,100.0,2015-02-02T18:55:59
office-occupancy-sensor-001,21.55,24.2,100.0,2015-02-02T18:56:59
office-occupancy-sensor-001,21.5,24.2,100.0,2015-02-02T18:58:00
office-occupancy-sensor-001,21.5,24.2,100.0,2015-02-02T18:59:00
office-occupancy-sensor-001,21.5,24.2,100.0,2015-02-02T19:00:00
office-occupancy-sensor-001,21.5,24.2,100.0,2015-02-02T19:01:00
office-occupancy-sensor-001,21.5,24.15,100.0,2015-02-02T19:01:59
office-occupancy-sensor-001,21.5,24.175,100.0,2015-02-02T19:02:59
office-occupancy-sensor-001,21.5,24.125,100.0,2015-02-02T19:04:00
office-occupancy-sensor-001,21.5,24.15,100.0,2015-02-02T19:05:00
office-occupancy-sensor-001,21.5,24.125,100.0,2015-02-02T19:06:00
office-occupancy-sensor-001,21.5,24.1,100.0,2015-02-02T19:07:00
office-occupancy-sensor-001,21.5,24.1,100.0,2015-02-02T19:08:00
office-occupancy-sensor-001,21.5,24.1,100.0,2015-02-02T19:08:59
office-occupancy-sensor-001,21.5,24.1,100.0,2015-02-02T19:09:59
office-occupancy-sensor-001,21.472,24.075,100.0,2015-02-02T19:11:00
office-occupancy-sensor-001,21.39,24.0,100.0,2015-02-02T19:12:00
office-occupancy-sensor-001,21.427,23.927,100.0,2015-02-02T19:13:00
office-occupancy-sensor-001,21.39,23.972,100.0,2015-02-02T19:14:00
office-occupancy-sensor-001,21.39,23.918,100.0,2015-02-02T19:14:59
office-occupancy-sensor-001,21.39,23.945,100.0,2015-02-02T19:15:59
office-occupancy-sensor-001,21.365,23.89,100.0,2015-02-02T19:17:00
office-occupancy-sensor-001,21.323,24.0,100.0,2015-02-02T19:18:00
office-occupancy-sensor-001,21.34,23.972,100.0,2015-02-02T19:19:00
office-occupancy-sensor-001,21.315,23.972,100.0,2015-02-02T19:20:00
office-occupancy-sensor-001,21.357,24.0,100.0,2015-02-02T19:21:00
office-occupancy-sensor-001,21.39,23.972,100.0,2015-02-02T19:21:59
office-occupancy-sensor-001,21.315,23.89,100.0,2015-02-02T19:23:00
office-occupancy-sensor-001,21.29,23.945,100.0,2015-02-02T19:24:00
office-occupancy-sensor-001,21.29,23.972,100.0,2015-02-02T19:25:00
office-occupancy-sensor-001,21.29,23.89,100.0,2015-02-02T19:25:59
office-occupancy-sensor-001,21.29,23.927,100.0,2015-02-02T19:27:00
office-occupancy-sensor-001,21.29,23.89,100.0,2015-02-02T19:27:59
office-occupancy-sensor-001,21.29,23.89,100.0,2015-02-02T19:28:59
office-occupancy-sensor-001,21.254,23.85,100.0,2015-02-02T19:30:00
office-occupancy-sensor-001,21.23,23.823,100.0,2015-02-02T19:31:00
office-occupancy-sensor-001,21.218,23.81,100.0,2015-02-02T19:32:00
office-occupancy-sensor-001,21.2,23.79,100.0,2015-02-02T19:33:00
office-occupancy-sensor-001,21.2,23.79,100.0,2015-02-02T19:34:00
office-occupancy-sensor-001,21.2,23.79,100.0,2015-02-02T19:34:59
office-occupancy-sensor-001,21.2,23.79,100.0,2015-02-02T19:36:00
office-occupancy-sensor-001,21.2,23.79,100.0,2015-02-02T19:37:00
office-occupancy-sensor-001,21.2,23.768,100.0,2015-02-02T19:38:00
office-occupancy-sensor-001,21.2,23.745,100.0,2015-02-02T19:38:59
office-occupancy-sensor-001,21.2,23.76,100.0,2015-02-02T19:40:00
office-occupancy-sensor-001,21.2,23.7,100.0,2015-02-02T19:40:59
office-occupancy-sensor-001,21.2,23.79,100.0,2015-02-02T19:41:59
office-occupancy-sensor-001,21.175,23.7,100.0,2015-02-02T19:43:00
office-occupancy-sensor-001,21.167,23.7,100.0,2015-02-02T19:44:00
office-occupancy-sensor-001,21.125,23.675,100.0,2015-02-02T19:45:00
office-occupancy-sensor-001,21.1,23.65,100.0,2015-02-02T19:46:00
office-occupancy-sensor-001,21.125,23.65,100.0,2015-02-02T19:46:59
office-occupancy-sensor-001,21.1,23.6,100.0,2015-02-02T19:47:59
office-occupancy-sensor-001,21.133,23.6,100.0,2015-02-02T19:49:00
office-occupancy-sensor-001,21.1,23.6,100.0,2015-02-02T19:50:00
office-occupancy-sensor-001,21.1,23.6,100.0,2015-02-02T19:51:00
office-occupancy-sensor-001,21.1,23.6,100.0,2015-02-02T19:52:00
office-occupancy-sensor-001,21.1,23.6,100.0,2015-02-02T19:53:00
office-occupancy-sensor-001,21.1,23.575,100.0,2015-02-02T19:53:59
office-occupancy-sensor-001,21.1,23.533,100.0,2015-02-02T19:54:59
office-occupancy-sensor-001,21.1,23.472,100.0,2015-02-02T19:56:00
office-occupancy-sensor-001,21.1,23.472,100.0,2015-02-02T19:57:00
office-occupancy-sensor-001,21.1,23.5,100.0,2015-02-02T19:58:00
office-occupancy-sensor-001,21.1,23.5,100.0,2015-02-02T19:59:00
office-occupancy-sensor-001,21.125,23.5,100.0,2015-02-02T19:59:59
office-occupancy-sensor-001,21.1,23.5,100.0,2015-02-02T20:00:59
office-occupancy-sensor-001,21.133,23.5,100.0,2015-02-02T20:02:00
office-occupancy-sensor-001,21.1,23.392,100.0,2015-02-02T20:03:00
office-occupancy-sensor-001,21.1,23.472,100.0,2015-02-02T20:04:00
office-occupancy-sensor-001,21.1,23.5,100.0,2015-02-02T20:05:00
office-occupancy-sensor-001,21.1,23.5,100.0,2015-02-02T20:06:00
office-occupancy-sensor-001,21.1,23.5,100.0,2015-02-02T20:06:59
office-occupancy-sensor-001,21.1,23.5,100.0,2015-02-02T20:08:00
office-occupancy-sensor-001,21.1,23.5,100.0,2015-02-02T20:09:00
office-occupancy-sensor-001,21.1,23.434,100.0,2015-02-02T20:10:00
office-occupancy-sensor-001,21.1,23.39,100.0,2015-02-02T20:10:59
office-occupancy-sensor-001,21.1,23.39,100.0,2015-02-02T20:12:00
office-occupancy-sensor-001,21.125,23.39,100.0,2015-02-02T20:12:59
office-occupancy-sensor-001,21.1,23.39,100.0,2015-02-02T20:13:59
office-occupancy-sensor-001,21.1,23.39,100.0,2015-02-02T20:15:00
office-occupancy-sensor-001,21.1,23.39,100.0,2015-02-02T20:16:00
office-occupancy-sensor-001,21.1,23.365,100.0,2015-02-02T20:17:00
office-occupancy-sensor-001,21.1,23.39,100.0,2015-02-02T20:18:00
office-occupancy-sensor-001,21.1,23.365,100.0,2015-02-02T20:19:00
office-occupancy-sensor-001,21.1,23.33,100.0,2015-02-02T20:19:59
office-occupancy-sensor-001,21.075,23.315,100.0,2015-02-02T20:21:00
office-occupancy-sensor-001,21.075,23.34,100.0,2015-02-02T20:22:00
office-occupancy-sensor-001,21.1,23.29,100.0,2015-02-02T20:23:00
office-occupancy-sensor-001,21.033,23.29,100.0,2015-02-02T20:23:59
office-occupancy-sensor-001,21.02,23.29,100.0,2015-02-02T20:25:00
office-occupancy-sensor-001,21.025,23.29,100.0,2015-02-02T20:25:59
office-occupancy-sensor-001,21.0,23.29,100.0,2015-02-02T20:26:59
office-occupancy-sensor-001,21.0,23.29,100.0,2015-02-02T20:28:00
office-occupancy-sensor-001,21.0,23.254,100.0,2015-02-02T20:29:00
office-occupancy-sensor-001,21.0,23.26,100.0,2015-02-02T20:30:00
office-occupancy-sensor-001,21.0,23.268,100.0,2015-02-02T20:31:00
office-occupancy-sensor-001,21.0,23.29,100.0,2015-02-02T20:31:59
office-occupancy-sensor-001,21.0,23.29,100.0,2015-02-02T20:32:59
office-occupancy-sensor-001,21.0,23.29,100.0,2015-02-02T20:34:00
office-occupancy-sensor-001,21.0,23.29,100.0,2015-02-02T20:35:00
office-occupancy-sensor-001,21.0,23.29,100.0,2015-02-02T20:36:00
office-occupancy-sensor-001,20.972,23.29,100.0,2015-02-02T20:37:00
office-occupancy-sensor-001,21.0,23.29,100.0,2015-02-02T20:38:00
office-occupancy-sensor-001,20.972,23.29,100.0,2015-02-02T20:38:59
office-occupancy-sensor-001,20.963,23.29,100.0,2015-02-02T20:39:59
office-occupancy-sensor-001,21.0,23.29,100.0,2015-02-02T20:41:00
office-occupancy-sensor-001,20.89,23.2,100.0,2015-02-02T20:42:00
office-occupancy-sensor-001,20.89,23.245,100.0,2015-02-02T20:43:00
office-occupancy-sensor-001,20.89,23.222,100.0,2015-02-02T20:44:00
office-occupancy-sensor-001,20.89,23.254,100.0,2015-02-02T20:44:59
office-occupancy-sensor-001,20.89,23.26,100.0,2015-02-02T20:45:59
office-occupancy-sensor-001,20.89,23.222,100.0,2015-02-02T20:47:00
office-occupancy-sensor-001,20.89,23.2,100.0,2015-02-02T20:48:00
office-occupancy-sensor-001,20.89,23.2,100.0,2015-02-02T20:49:00
office-occupancy-sensor-001,20.89,23.2,100.0,2015-02-02T20:50:00
office-occupancy-sensor-001,20.89,23.2,100.0,2015-02-02T20:51:00
office-occupancy-sensor-001,20.89,23.2,100.0,2015-02-02T20:51:59
office-occupancy-sensor-001,20.89,23.125,100.0,2015-02-02T20:53:00
office-occupancy-sensor-001,20.89,23.125,100.0,2015-02-02T20:54:00
office-occupancy-sensor-001,20.89,23.1,100.0,2015-02-02T20:55:00
office-occupancy-sensor-001,20.89,23.1,100.0,2015-02-02T20:55:59
office-occupancy-sensor-001,20.89,23.1,100.0,2015-02-02T20:57:00
office-occupancy-sensor-001,20.89,23.1,100.0,2015-02-02T20:57:59
office-occupancy-sensor-001,20.89,23.1,100.0,2015-02-02T20:58:59
office-occupancy-sensor-001,20.89,23.1,100.0,2015-02-02T21:00:00
office-occupancy-sensor-001,20.89,23.1,100.0,2015-02-02T21:01:00
office-occupancy-sensor-001,20.89,23.1,100.0,2015-02-02T21:02:00
office-occupancy-sensor-001,20.972,23.1,100.0,2015-02-02T21:03:00
office-occupancy-sensor-001,20.918,23.1,100.0,2015-02-02T21:04:00
office-occupancy-sensor-001,20.89,23.1,100.0,2015-02-02T21:04:59
office-occupancy-sensor-001,20.89,23.05,100.0,2015-02-02T21:06:00
office-occupancy-sensor-001,20.89,23.05,100.0,2015-02-02T21:07:00
office-occupancy-sensor-001,20.912,23.0,100.0,2015-02-02T21:08:00
office-occupancy-sensor-001,20.927,23.0,100.0,2015-02-02T21:08:59
office-occupancy-sensor-001,20.89,23.0,100.0,2015-02-02T21:10:00
office-occupancy-sensor-001,20.89,22.956,100.0,2015-02-02T21:10:59
office-occupancy-sensor-001,20.934,22.934,100.0,2015-02-02T21:11:59
office-occupancy-sensor-001,20.89,23.0,100.0,2015-02-02T21:13:00
office-occupancy-sensor-001,20.89,23.0,100.0,2015-02-02T21:14:00
office-occupancy-sensor-001,20.918,22.972,100.0,2015-02-02T21:15:00
office-occupancy-sensor-001,20.89,22.945,100.0,2015-02-02T21:16:00
office-occupancy-sensor-001,20.89,22.89,100.0,2015-02-02T21:16:59
office-occupancy-sensor-001,20.918,22.945,100.0,2015-02-02T21:17:59
office-occupancy-sensor-001,20.89,22.956,100.0,2015-02-02T21:19:00
office-occupancy-sensor-001,20.945,22.89,100.0,2015-02-02T21:20:00
office-occupancy-sensor-001,20.89,22.918,100.0,2015-02-02T21:21:00
office-occupancy-sensor-001,20.89,22.89,100.0,2015-02-02T21:22:00
office-occupancy-sensor-001,20.89,22.89,100.0,2015-02-02T21:23:00
office-occupancy-sensor-001,20.89,22.89,100.0,2015-02-02T21:23:59
office-occupancy-sensor-001,20.89,22.89,100.0,2015-02-02T21:24:59
office-occupancy-sensor-001,20.89,22.89,100.0,2015-02-02T21:26:00
office-occupancy-sensor-001,20.89,22.89,100.0,2015-02-02T21:27:00
office-occupancy-sensor-001,20.89,22.89,100.0,2015-02-02T21:28:00
office-occupancy-sensor-001,20.857,22.857,100.0,2015-02-02T21:29:00
office-occupancy-sensor-001,20.89,22.89,100.0,2015-02-02T21:29:59
office-occupancy-sensor-001,20.89,22.865,100.0,2015-02-02T21:30:59
office-occupancy-sensor-001,20.89,22.89,100.0,2015-02-02T21:32:00
office-occupancy-sensor-001,20.89,22.865,100.0,2015-02-02T21:33:00
office-occupancy-sensor-001,20.89,22.89,100.0,2015-02-02T21:34:00
office-occupancy-sensor-001,20.89,22.89,100.0,2015-02-02T21:35:00
office-occupancy-sensor-001,20.89,22.84,100.0,2015-02-02T21:36:00
office-occupancy-sensor-001,20.89,22.84,100.0,2015-02-02T21:36:59
office-occupancy-sensor-001,20.89,22.79,100.0,2015-02-02T21:38:00
office-occupancy-sensor-001,20.89,22.76,100.0,2015-02-02T21:39:00
office-occupancy-sensor-001,20.89,22.815,100.0,2015-02-02T21:40:00
office-occupancy-sensor-001,20.89,22.79,100.0,2015-02-02T21:40:59
office-occupancy-sensor-001,20.89,22.79,100.0,2015-02-02T21:42:00
office-occupancy-sensor-001,20.865,22.768,100.0,2015-02-02T21:42:59
office-occupancy-sensor-001,20.865,22.768,100.0,2015-02-02T21:43:59
office-occupancy-sensor-001,20.89,22.79,100.0,2015-02-02T21:45:00
office-occupancy-sensor-001,20.89,22.79,100.0,2015-02-02T21:46:00
office-occupancy-sensor-001,20.89,22.768,100.0,2015-02-02T21:47:00
office-occupancy-sensor-001,20.865,22.675,100.0,2015-02-02T21:48:00
office-occupancy-sensor-001,20.87,22.718,100.0,2015-02-02T21:49:00
office-occupancy-sensor-001,20.89,22.7,100.0,2015-02-02T21:49:59
office-occupancy-sensor-001,20.89,22.7,100.0,2015-02-02T21:51:00
office-occupancy-sensor-001,20.85,22.678,100.0,2015-02-02T21:52:00
office-occupancy-sensor-001,20.81,22.62,100.0,2015-02-02T21:53:00
office-occupancy-sensor-001,20.79,22.6,100.0,2015-02-02T21:53:59
office-occupancy-sensor-001,20.79,22.65,100.0,2015-02-02T21:55:00
office-occupancy-sensor-001,20.823,22.73,100.0,2015-02-02T21:55:59
office-occupancy-sensor-001,20.79,22.6,100.0,2015-02-02T21:56:59
office-occupancy-sensor-001,20.79,22.64,100.0,2015-02-02T21:58:00
office-occupancy-sensor-001,20.79,22.7,100.0,2015-02-02T21:59:00
office-occupancy-sensor-001,20.79,22.65,100.0,2015-02-02T22:00:00
office-occupancy-sensor-001,20.79,22.633,100.0,2015-02-02T22:01:00
office-occupancy-sensor-001,20.79,22.7,100.0,2015-02-02T22:01:59
office-occupancy-sensor-001,20.79,22.6,100.0,2015-02-02T22:02:59
office-occupancy-sensor-001,20.79,22.6,100.0,2015-02-02T22:04:00
office-occupancy-sensor-001,20.772,22.6,100.0,2015-02-02T22:05:00
office-occupancy-sensor-001,20.79,22.6,100.0,2015-02-02T22:06:00
office-occupancy-sensor-001,20.79,22.625,100.0,2015-02-02T22:07:00
office-occupancy-sensor-001,20.73,22.6,100.0,2015-02-02T22:08:00
office-occupancy-sensor-001,20.79,22.6,100.0,2015-02-02T22:08:59
office-occupancy-sensor-001,20.79,22.6,100.0,2015-02-02T22:09:59
office-occupancy-sensor-001,20.79,22.6,100.0,2015-02-02T22:11:00
office-occupancy-sensor-001,20.745,22.6,100.0,2015-02-02T22:12:00
office-occupancy-sensor-001,20.76,22.6,100.0,2015-02-02T22:13:00
office-occupancy-sensor-001,20.722,22.6,100.0,2015-02-02T22:14:00
office-occupancy-sensor-001,20.722,22.6,100.0,2015-02-02T22:14:59
office-occupancy-sensor-001,20.722,22.6,100.0,2015-02-02T22:15:59
office-occupancy-sensor-001,20.745,22.55,100.0,2015-02-02T22:17:00
office-occupancy-sensor-001,20.722,22.55,100.0,2015-02-02T22:18:00
office-occupancy-sensor-001,20.76,22.567,100.0,2015-02-02T22:19:00
office-occupancy-sensor-001,20.722,22.5,100.0,2015-02-02T22:20:00
office-occupancy-sensor-001,20.722,22.5,100.0,2015-02-02T22:21:00
office-occupancy-sensor-001,20.768,22.5,100.0,2015-02-02T22:21:59
office-occupancy-sensor-001,20.745,22.5,100.0,2015-02-02T22:23:00
office-occupancy-sensor-001,20.7,22.5,100.0,2015-02-02T22:24:00
office-occupancy-sensor-001,20.7,22.5,100.0,2015-02-02T22:25:00
office-occupancy-sensor-001,20.768,22.5,100.0,2015-02-02T22:25:59
office-occupancy-sensor-001,20.718,22.52,100.0,2015-02-02T22:27:00
office-occupancy-sensor-001,20.7,22.5,100.0,2015-02-02T22:27:59
office-occupancy-sensor-001,20.73,22.5,100.0,2015-02-02T22:28:59
office-occupancy-sensor-001,20.7,22.5,100.0,2015-02-02T22:30:00
office-occupancy-sensor-001,20.7,22.5,100.0,2015-02-02T22:31:00
office-occupancy-sensor-001,20.722,22.5,100.0,2015-02-02T22:32:00
office-occupancy-sensor-001,20.7,22.5,100.0,2015-02-02T22:33:00
office-occupancy-sensor-001,20.722,22.445,100.0,2015-02-02T22:34:00
office-occupancy-sensor-001,20.7,22.5,100.0,2015-02-02T22:34:59
office-occupancy-sensor-001,20.7,22.5,100.0,2015-02-02T22:36:00
office-occupancy-sensor-001,20.718,22.5,100.0,2015-02-02T22:37:00
office-occupancy-sensor-001,20.7,22.5,100.0,2015-02-02T22:38:00
office-occupancy-sensor-001,20.7,22.456,100.0,2015-02-02T22:38:59
office-occupancy-sensor-001,20.7,22.5,100.0,2015-02-02T22:40:00
office-occupancy-sensor-001,20.7,22.5,100.0,2015-02-02T22:40:59
office-occupancy-sensor-001,20.7,22.5,100.0,2015-02-02T22:41:59
office-occupancy-sensor-001,20.7,22.427,100.0,2015-02-02T22:43:00
office-occupancy-sensor-001,20.7,22.5,100.0,2015-02-02T22:44:00
office-occupancy-sensor-001,20.722,22.472,100.0,2015-02-02T22:45:00
office-occupancy-sensor-001,20.718,22.434,100.0,2015-02-02T22:46:00
office-occupancy-sensor-001,20.73,22.39,100.0,2015-02-02T22:46:59
office-occupancy-sensor-001,20.7,22.39,100.0,2015-02-02T22:47:59
office-occupancy-sensor-001,20.745,22.39,100.0,2015-02-02T22:49:00
office-occupancy-sensor-001,20.722,22.365,100.0,2015-02-02T22:50:00
office-occupancy-sensor-001,20.745,22.39,100.0,2015-02-02T22:51:00
office-occupancy-sensor-001,20.772,22.37,100.0,2015-02-02T22:52:00
office-occupancy-sensor-001,20.76,22.39,100.0,2015-02-02T22:53:00
office-occupancy-sensor-001,20.768,22.365,100.0,2015-02-02T22:53:59
office-occupancy-sensor-001,20.745,22.39,100.0,2015-02-02T22:54:59
office-occupancy-sensor-001,20.736,22.39,100.0,2015-02-02T22:56:00
office-occupancy-sensor-001,20.73,22.357,100.0,2015-02-02T22:57:00
office-occupancy-sensor-001,20.7,22.34,100.0,2015-02-02T22:58:00
office-occupancy-sensor-001,20.76,22.357,100.0,2015-02-02T22:59:00
office-occupancy-sensor-001,20.745,22.39,100.0,2015-02-02T22:59:59
office-occupancy-sensor-001,20.73,22.39,100.0,2015-02-02T23:00:59
office-occupancy-sensor-001,20.745,22.34,100.0,2015-02-02T23:02:00
office-occupancy-sensor-001,20.7,22.37,100.0,2015-02-02T23:03:00
office-occupancy-sensor-001,20.7,22.365,100.0,2015-02-02T23:04:00
office-occupancy-sensor-001,20.7,22.365,100.0,2015-02-02T23:05:00
office-occupancy-sensor-001,20.722,22.34,100.0,2015-02-02T23:06:00
office-occupancy-sensor-001,20.7,22.34,100.0,2015-02-02T23:06:59
office-occupancy-sensor-001,20.7,22.39,100.0,2015-02-02T23:08:00
office-occupancy-sensor-001,20.7,22.315,100.0,2015-02-02T23:09:00
office-occupancy-sensor-001,20.7,22.29,100.0,2015-02-02T23:10:00
office-occupancy-sensor-001,20.7,22.365,100.0,2015-02-02T23:10:59
office-occupancy-sensor-001,20.7,22.34,100.0,2015-02-02T23:12:00
office-occupancy-sensor-001,20.7,22.29,100.0,2015-02-02T23:12:59
office-occupancy-sensor-001,20.7,22.29,100.0,2015-02-02T23:13:59
office-occupancy-sensor-001,20.7,22.29,100.0,2015-02-02T23:15:00
office-occupancy-sensor-001,20.7,22.33,100.0,2015-02-02T23:16:00
office-occupancy-sensor-001,20.7,22.29,100.0,2015-02-02T23:17:00
office-occupancy-sensor-001,20.7,22.29,100.0,2015-02-02T23:18:00
office-occupancy-sensor-001,20.7,22.29,100.0,2015-02-02T23:19:00
office-occupancy-sensor-001,20.7,22.29,100.0,2015-02-02T23:19:59
office-occupancy-sensor-001,20.7,22.29,100.0,2015-02-02T23:21:00
office-occupancy-sensor-001,20.7,22.29,100.0,2015-02-02T23:22:00
office-occupancy-sensor-001,20.7,22.29,100.0,2015-02-02T23:23:00
office-occupancy-sensor-001,20.7,22.29,100.0,2015-02-02T23:23:59
office-occupancy-sensor-001,20.7,22.29,100.0,2015-02-02T23:25:00
office-occupancy-sensor-001,20.7,22.29,100.0,2015-02-02T23:25:59
office-occupancy-sensor-001,20.7,22.315,100.0,2015-02-02T23:26:59
office-occupancy-sensor-001,20.675,22.29,100.0,2015-02-02T23:28:00
office-occupancy-sensor-001,20.675,22.29,100.0,2015-02-02T23:29:00
office-occupancy-sensor-001,20.7,22.29,100.0,2015-02-02T23:30:00
office-occupancy-sensor-001,20.675,22.22,100.0,2015-02-02T23:31:00
office-occupancy-sensor-001,20.675,22.268,100.0,2015-02-02T23:31:59
office-occupancy-sensor-001,20.667,22.26,100.0,2015-02-02T23:32:59
office-occupancy-sensor-001,20.625,22.222,100.0,2015-02-02T23:34:00
office-occupancy-sensor-001,20.675,22.268,100.0,2015-02-02T23:35:00
office-occupancy-sensor-001,20.65,22.245,100.0,2015-02-02T23:36:00
office-occupancy-sensor-001,20.64,22.236,100.0,2015-02-02T23:37:00
office-occupancy-sensor-001,20.633,22.26,100.0,2015-02-02T23:38:00
office-occupancy-sensor-001,20.7,22.29,100.0,2015-02-02T23:38:59
office-occupancy-sensor-001,20.675,22.268,100.0,2015-02-02T23:39:59
office-occupancy-sensor-001,20.625,22.245,100.0,2015-02-02T23:41:00
office-occupancy-sensor-001,20.675,22.268,100.0,2015-02-02T23:42:00
office-occupancy-sensor-001,20.625,22.222,100.0,2015-02-02T23:43:00
office-occupancy-sensor-001,20.65,22.268,100.0,2015-02-02T23:44:00
office-occupancy-sensor-001,20.667,22.26,100.0,2015-02-02T23:44:59
office-occupancy-sensor-001,20.64,22.236,100.0,2015-02-02T23:45:59
office-occupancy-sensor-001,20.633,22.23,100.0,2015-02-02T23:47:00
office-occupancy-sensor-001,20.65,22.245,100.0,2015-02-02T23:48:00
office-occupancy-sensor-001,20.65,22.245,100.0,2015-02-02T23:49:00
office-occupancy-sensor-001,20.65,22.245,100.0,2015-02-02T23:50:00
office-occupancy-sensor-001,20.633,22.23,100.0,2015-02-02T23:51:00
office-occupancy-sensor-001,20.65,22.245,100.0,2015-02-02T23:51:59
office-occupancy-sensor-001,20.625,22.222,100.0,2015-02-02T23:53:00
office-occupancy-sensor-001,20.6,22.2,100.0,2015-02-02T23:54:00
office-occupancy-sensor-001,20.6,22.2,100.0,2015-02-02T23:55:00
office-occupancy-sensor-001,20.6,22.222,100.0,2015-02-02T23:55:59
office-occupancy-sensor-001,20.6,22.2,100.0,2015-02-02T23:57:00
office-occupancy-sensor-001,20.6,22.2,100.0,2015-02-02T23:57:59
office-occupancy-sensor-001,20.6,22.222,100.0,2015-02-02T23:58:59
office-occupancy-sensor-001,20.6,22.2,100.0,2015-02-03T00:00:00
office-occupancy-sensor-001,20.6,22.2,100.0,2015-02-03T00:01:00
office-occupancy-sensor-001,20.6,22.2,100.0,2015-02-03T00:02:00
office-occupancy-sensor-001,20.633,22.23,100.0,2015-02-03T00:03:00
office-occupancy-sensor-001,20.6,22.2,100.0,2015-02-03T00:04:00
office-occupancy-sensor-001,20.6,22.2,100.0,2015-02-03T00:04:59
office-occupancy-sensor-001,20.6,22.2,100.0,2015-02-03T00:06:00
office-occupancy-sensor-001,20.6,22.2,100.0,2015-02-03T00:07:00
office-occupancy-sensor-001,20.6,22.2,100.0,2015-02-03T00:08:00
office-occupancy-sensor-001,20.6,22.2,100.0,2015-02-03T00:08:59
office-occupancy-sensor-001,20.575,22.222,100.0,2015-02-03T00:10:00
office-occupancy-sensor-001,20.6,22.222,100.0,2015-02-03T00:10:59
office-occupancy-sensor-001,20.575,22.268,100.0,2015-02-03T00:11:59
office-occupancy-sensor-001,20.58,22.254,100.0,2015-02-03T00:13:00
office-occupancy-sensor-001,20.6,22.23,100.0,2015-02-03T00:14:00
office-occupancy-sensor-001,20.6,22.26,100.0,2015-02-03T00:15:00
office-occupancy-sensor-001,20.6,22.2,100.0,2015-02-03T00:16:00
office-occupancy-sensor-001,20.575,22.2,100.0,2015-02-03T00:16:59
office-occupancy-sensor-001,20.55,22.268,100.0,2015-02-03T00:17:59
office-occupancy-sensor-001,20.6,22.2,100.0,2015-02-03T00:19:00
office-occupancy-sensor-001,20.6,22.2,100.0,2015-02-03T00:20:00
office-occupancy-sensor-001,20.567,22.23,100.0,2015-02-03T00:21:00
office-occupancy-sensor-001,20.575,22.268,100.0,2015-02-03T00:22:00
office-occupancy-sensor-001,20.6,22.2,100.0,2015-02-03T00:23:00
office-occupancy-sensor-001,20.6,22.268,100.0,2015-02-03T00:23:59
office-occupancy-sensor-001,20.6,22.218,100.0,2015-02-03T00:24:59
office-occupancy-sensor-001,20.6,22.2,100.0,2015-02-03T00:26:00
office-occupancy-sensor-001,20.6,22.26,100.0,2015-02-03T00:27:00
office-occupancy-sensor-001,20.6,22.2,100.0,2015-02-03T00:28:00
office-occupancy-sensor-001,20.6,22.2,100.0,2015-02-03T00:29:00
office-occupancy-sensor-001,20.6,22.2,100.0,2015-02-03T00:29:59
office-occupancy-sensor-001,20.6,22.2,100.0,2015-02-03T00:30:59
office-occupancy-sensor-001,20.6,22.2,100.0,2015-02-03T00:32:00
office-occupancy-sensor-001,20.6,22.2,100.0,2015-02-03T00:33:00
office-occupancy-sensor-001,20.58,22.2,100.0,2015-02-03T00:34:00
office-occupancy-sensor-001,20.6,22.2,100.0,2015-02-03T00:35:00
office-occupancy-sensor-001,20.6,22.2,100.0,2015-02-03T00:36:00
office-occupancy-sensor-001,20.6,22.2,100.0,2015-02-03T00:36:59
office-occupancy-sensor-001,20.6,22.222,100.0,2015-02-03T00:38:00
office-occupancy-sensor-001,20.6,22.222,100.0,2015-02-03T00:39:00
office-occupancy-sensor-001,20.6,22.2,100.0,2015-02-03T00:40:00
office-occupancy-sensor-001,20.58,22.218,100.0,2015-02-03T00:40:59
office-occupancy-sensor-001,20.567,22.26,100.0,2015-02-03T00:42:00
office-occupancy-sensor-001,20.6,22.2,100.0,2015-02-03T00:42:59
office-occupancy-sensor-001,20.6,22.268,100.0,2015-02-03T00:43:59
office-occupancy-sensor-001,20.6,22.29,100.0,2015-02-03T00:45:00
office-occupancy-sensor-001,20.6,22.29,100.0,2015-02-03T00:46:00
office-occupancy-sensor-001,20.55,22.29,100.0,2015-02-03T00:47:00
office-occupancy-sensor-001,20.55,22.29,100.0,2015-02-03T00:48:00
office-occupancy-sensor-001,20.525,22.222,100.0,2015-02-03T00:49:00
office-occupancy-sensor-001,20.575,22.29,100.0,2015-02-03T00:49:59
office-occupancy-sensor-001,20.6,22.29,100.0,2015-02-03T00:51:00
office-occupancy-sensor-001,20.575,22.29,100.0,2015-02-03T00:52:00
office-occupancy-sensor-001,20.567,22.29,100.0,2015-02-03T00:53:00
office-occupancy-sensor-001,20.58,22.254,100.0,2015-02-03T00:53:59
office-occupancy-sensor-001,20.533,22.26,100.0,2015-02-03T00:55:00
office-occupancy-sensor-001,20.575,22.2,100.0,2015-02-03T00:55:59
office-occupancy-sensor-001,20.575,22.29,100.0,2015-02-03T00:56:59
office-occupancy-sensor-001,20.525,22.268,100.0,2015-02-03T00:58:00
office-occupancy-sensor-001,20.6,22.2,100.0,2015-02-03T00:59:00
office-occupancy-sensor-001,20.6,22.254,100.0,2015-02-03T01:00:00
office-occupancy-sensor-001,20.56,22.29,100.0,2015-02-03T01:01:00
office-occupancy-sensor-001,20.6,22.29,100.0,2015-02-03T01:01:59
office-occupancy-sensor-001,20.55,22.29,100.0,2015-02-03T01:02:59
office-occupancy-sensor-001,20.55,22.29,100.0,2015-02-03T01:04:00
office-occupancy-sensor-001,20.6,22.29,100.0,2015-02-03T01:05:00
office-occupancy-sensor-001,20.525,22.268,100.0,2015-02-03T01:06:00
office-occupancy-sensor-001,20.525,22.29,100.0,2015-02-03T01:07:00
office-occupancy-sensor-001,20.52,22.29,100.0,2015-02-03T01:08:00
office-occupancy-sensor-001,20.5,22.268,100.0,2015-02-03T01:08:59
office-occupancy-sensor-001,20.5,22.29,100.0,2015-02-03T01:09:59
office-occupancy-sensor-001,20.525,22.29,100.0,2015-02-03T01:11:00
office-occupancy-sensor-001,20.6,22.26,100.0,2015-02-03T01:12:00
office-occupancy-sensor-001,20.5,22.2,100.0,2015-02-03T01:13:00
office-occupancy-sensor-001,20.6,22.222,100.0,2015-02-03T01:14:00
office-occupancy-sensor-001,20.56,22.2,100.0,2015-02-03T01:14:59
office-occupancy-sensor-001,20.6,22.2,100.0,2015-02-03T01:15:59
office-occupancy-sensor-001,20.567,22.2,100.0,2015-02-03T01:17:00
office-occupancy-sensor-001,20.567,22.2,100.0,2015-02-03T01:18:00
office-occupancy-sensor-001,20.575,22.2,100.0,2015-02-03T01:19:00
office-occupancy-sensor-001,20.55,22.245,100.0,2015-02-03T01:20:00
office-occupancy-sensor-001,20.6,22.245,100.0,2015-02-03T01:21:00
office-occupancy-sensor-001,20.6,22.222,100.0,2015-02-03T01:21:59
office-occupancy-sensor-001,20.6,22.2,100.0,2015-02-03T01:23:00
office-occupancy-sensor-001,20.567,22.2,100.0,2015-02-03T01:24:00
office-occupancy-sensor-001,20.6,22.2,100.0,2015-02-03T01:25:00
office-occupancy-sensor-001,20.6,22.2,100.0,2015-02-03T01:25:59
office-occupancy-sensor-001,20.6,22.14,100.0,2015-02-03T01:27:00
office-occupancy-sensor-001,20.6,22.125,100.0,2015-02-03T01:27:59
office-occupancy-sensor-001,20.6,22.1,100.0,2015-02-03T01:28:59
office-occupancy-sensor-001,20.6,22.1,100.0,2015-02-03T01:30:00
office-occupancy-sensor-001,20.6,22.125,100.0,2015-02-03T01:31:00
office-occupancy-sensor-001,20.6,22.1,100.0,2015-02-03T01:32:00
office-occupancy-sensor-001,20.58,22.14,100.0,2015-02-03T01:33:00
office-occupancy-sensor-001,20.567,22.133,100.0,2015-02-03T01:34:00
office-occupancy-sensor-001,20.6,22.1,100.0,2015-02-03T01:34:59
office-occupancy-sensor-001,20.567,22.1,100.0,2015-02-03T01:36:00
office-occupancy-sensor-001,20.6,22.15,100.0,2015-02-03T01:37:00
office-occupancy-sensor-001,20.575,22.125,100.0,2015-02-03T01:38:00
office-occupancy-sensor-001,20.575,22.1,100.0,2015-02-03T01:38:59
office-occupancy-sensor-001,20.6,22.1,100.0,2015-02-03T01:40:00
office-occupancy-sensor-001,20.6,22.1,100.0,2015-02-03T01:40:59
office-occupancy-sensor-001,20.6,22.133,100.0,2015-02-03T01:41:59
office-occupancy-sensor-001,20.6,22.125,100.0,2015-02-03T01:43:00
office-occupancy-sensor-001,20.6,22.1,100.0,2015-02-03T01:44:00
office-occupancy-sensor-001,20.575,22.175,100.0,2015-02-03T01:45:00
office-occupancy-sensor-001,20.575,22.175,100.0,2015-02-03T01:46:00
office-occupancy-sensor-001,20.6,22.133,100.0,2015-02-03T01:46:59
office-occupancy-sensor-001,20.575,22.125,100.0,2015-02-03T01:47:59
office-occupancy-sensor-001,20.55,22.2,100.0,2015-02-03T01:49:00
office-occupancy-sensor-001,20.567,22.2,100.0,2015-02-03T01:50:00
office-occupancy-sensor-001,20.525,22.2,100.0,2015-02-03T01:51:00
office-occupancy-sensor-001,20.56,22.2,100.0,2015-02-03T01:52:00
office-occupancy-sensor-001,20.6,22.2,100.0,2015-02-03T01:53:00
office-occupancy-sensor-001,20.533,22.2,100.0,2015-02-03T01:53:59
office-occupancy-sensor-001,20.58,22.2,100.0,2015-02-03T01:54:59
office-occupancy-sensor-001,20.6,22.2,100.0,2015-02-03T01:56:00
office-occupancy-sensor-001,20.6,22.2,100.0,2015-02-03T01:57:00
office-occupancy-sensor-001,20.56,22.2,100.0,2015-02-03T01:58:00
office-occupancy-sensor-001,20.55,22.2,100.0,2015-02-03T01:59:00
office-occupancy-sensor-001,20.6,22.2,100.0,2015-02-03T01:59:59
office-occupancy-sensor-001,20.58,22.2,100.0,2015-02-03T02:00:59
office-occupancy-sensor-001,20.6,22.2,100.0,2015-02-03T02:02:00
office-occupancy-sensor-001,20.575,22.2,100.0,2015-02-03T02:03:00
office-occupancy-sensor-001,20.567,22.23,100.0,2015-02-03T02:04:00
office-occupancy-sensor-001,20.575,22.268,100.0,2015-02-03T02:05:00
office-occupancy-sensor-001,20.6,22.222,100.0,2015-02-03T02:06:00
office-occupancy-sensor-001,20.533,22.2,100.0,2015-02-03T02:06:59
office-occupancy-sensor-001,20.56,22.2,100.0,2015-02-03T02:08:00
office-occupancy-sensor-001,20.6,22.2,100.0,2015-02-03T02:09:00
office-occupancy-sensor-001,20.575,22.2,100.0,2015-02-03T02:10:00
office-occupancy-sensor-001,20.525,22.245,100.0,2015-02-03T02:10:59
office-occupancy-sensor-001,20.525,22.268,100.0,2015-02-03T02:12:00
office-occupancy-sensor-001,20.5,22.29,100.0,2015-02-03T02:12:59
office-occupancy-sensor-001,20.525,22.29,100.0,2015-02-03T02:13:59
office-occupancy-sensor-001,20.5,22.29,100.0,2015-02-03T02:15:00
office-occupancy-sensor-001,20.5,22.29,100.0,2015-02-03T02:16:00
office-occupancy-sensor-001,20.5,22.29,100.0,2015-02-03T02:17:00
office-occupancy-sensor-001,20.5,22.29,100.0,2015-02-03T02:18:00
office-occupancy-sensor-001,20.5,22.29,100.0,2015-02-03T02:19:00
office-occupancy-sensor-001,20.5,22.29,100.0,2015-02-03T02:19:59
office-occupancy-sensor-001,20.5,22.29,100.0,2015-02-03T02:21:00
office-occupancy-sensor-001,20.5,22.29,100.0,2015-02-03T02:22:00
office-occupancy-sensor-001,20.5,22.29,100.0,2015-02-03T02:23:00
office-occupancy-sensor-001,20.5,22.29,100.0,2015-02-03T02:23:59
office-occupancy-sensor-001,20.5,22.29,100.0,2015-02-03T02:25:00
office-occupancy-sensor-001,20.5,22.29,100.0,2015-02-03T02:25:59
office-occupancy-sensor-001,20.5,22.29,100.0,2015-02-03T02:26:59
office-occupancy-sensor-001,20.5,22.29,100.0,2015-02-03T02:28:00
office-occupancy-sensor-001,20.5,22.29,100.0,2015-02-03T02:29:00
office-occupancy-sensor-001,20.5,22.29,100.0,2015-02-03T02:30:00
office-occupancy-sensor-001,20.5,22.29,100.0,2015-02-03T02:31:00
office-occupancy-sensor-001,20.5,22.29,100.0,2015-02-03T02:31:59
office-occupancy-sensor-001,20.5,22.29,100.0,2015-02-03T02:32:59
office-occupancy-sensor-001,20.5,22.29,100.0,2015-02-03T02:34:00
office-occupancy-sensor-001,20.5,22.29,100.0,2015-02-03T02:35:00
office-occupancy-sensor-001,20.5,22.29,100.0,2015-02-03T02:36:00
office-occupancy-sensor-001,20.5,22.29,100.0,2015-02-03T02:37:00
office-occupancy-sensor-001,20.5,22.29,100.0,2015-02-03T02:38:00
office-occupancy-sensor-001,20.5,22.315,100.0,2015-02-03T02:38:59
office-occupancy-sensor-001,20.5,22.39,100.0,2015-02-03T02:39:59
office-occupancy-sensor-001,20.5,22.357,100.0,2015-02-03T02:41:00
office-occupancy-sensor-001,20.5,22.365,100.0,2015-02-03T02:42:00
office-occupancy-sensor-001,20.5,22.39,100.0,2015-02-03T02:43:00
office-occupancy-sensor-001,20.5,22.365,100.0,2015-02-03T02:44:00
office-occupancy-sensor-001,20.5,22.39,100.0,2015-02-03T02:44:59
office-occupancy-sensor-001,20.5,22.39,100.0,2015-02-03T02:45:59
office-occupancy-sensor-001,20.5,22.29,100.0,2015-02-03T02:47:00
office-occupancy-sensor-001,20.5,22.323,100.0,2015-02-03T02:48:00
office-occupancy-sensor-001,20.5,22.315,100.0,2015-02-03T02:49:00
office-occupancy-sensor-001,20.5,22.315,100.0,2015-02-03T02:50:00
office-occupancy-sensor-001,20.5,22.357,100.0,2015-02-03T02:51:00
office-occupancy-sensor-001,20.5,22.39,100.0,2015-02-03T02:51:59
office-occupancy-sensor-001,20.5,22.39,100.0,2015-02-03T02:53:00
office-occupancy-sensor-001,20.5,22.39,100.0,2015-02-03T02:54:00
office-occupancy-sensor-001,20.5,22.39,100.0,2015-02-03T02:55:00
office-occupancy-sensor-001,20.5,22.34,100.0,2015-02-03T02:55:59
office-occupancy-sensor-001,20.5,22.37,100.0,2015-02-03T02:57:00
office-occupancy-sensor-001,20.5,22.39,100.0,2015-02-03T02:57:59
office-occupancy-sensor-001,20.463,22.357,100.0,2015-02-03T02:58:59
office-occupancy-sensor-001,20.5,22.39,100.0,2015-02-03T03:00:00
office-occupancy-sensor-001,20.5,22.315,100.0,2015-02-03T03:01:00
office-occupancy-sensor-001,20.5,22.37,100.0,2015-02-03T03:02:00
office-occupancy-sensor-001,20.5,22.357,100.0,2015-02-03T03:03:00
office-occupancy-sensor-001,20.5,22.39,100.0,2015-02-03T03:04:00
office-occupancy-sensor-001,20.5,22.34,100.0,2015-02-03T03:04:59
office-occupancy-sensor-001,20.5,22.39,100.0,2015-02-03T03:06:00
office-occupancy-sensor-001,20.5,22.39,100.0,2015-02-03T03:07:00
office-occupancy-sensor-001,20.5,22.39,100.0,2015-02-03T03:08:00
office-occupancy-sensor-001,20.5,22.39,100.0,2015-02-03T03:08:59
office-occupancy-sensor-001,20.5,22.39,100.0,2015-02-03T03:10:00
office-occupancy-sensor-001,20.5,22.39,100.0,2015-02-03T03:10:59
office-occupancy-sensor-001,20.478,22.37,100.0,2015-02-03T03:11:59
office-occupancy-sensor-001,20.456,22.35,100.0,2015-02-03T03:13:00
office-occupancy-sensor-001,20.478,22.392,100.0,2015-02-03T03:14:00
office-occupancy-sensor-001,20.5,22.39,100.0,2015-02-03T03:15:00
office-occupancy-sensor-001,20.427,22.323,100.0,2015-02-03T03:16:00
office-occupancy-sensor-001,20.5,22.39,100.0,2015-02-03T03:16:59
office-occupancy-sensor-001,20.478,22.392,100.0,2015-02-03T03:17:59
office-occupancy-sensor-001,20.427,22.323,100.0,2015-02-03T03:19:00
office-occupancy-sensor-001,20.418,22.392,100.0,2015-02-03T03:20:00
office-occupancy-sensor-001,20.456,22.414,100.0,2015-02-03T03:21:00
office-occupancy-sensor-001,20.472,22.39,100.0,2015-02-03T03:22:00
office-occupancy-sensor-001,20.463,22.393,100.0,2015-02-03T03:23:00
office-occupancy-sensor-001,20.5,22.39,100.0,2015-02-03T03:23:59
office-occupancy-sensor-001,20.418,22.342,100.0,2015-02-03T03:24:59
office-occupancy-sensor-001,20.463,22.463,100.0,2015-02-03T03:26:00
office-occupancy-sensor-001,20.478,22.478,100.0,2015-02-03T03:27:00
office-occupancy-sensor-001,20.5,22.456,100.0,2015-02-03T03:28:00
office-occupancy-sensor-001,20.5,22.412,100.0,2015-02-03T03:29:00
office-occupancy-sensor-001,20.472,22.392,100.0,2015-02-03T03:29:59
office-occupancy-sensor-001,20.445,22.34,100.0,2015-02-03T03:30:59
office-occupancy-sensor-001,20.5,22.434,100.0,2015-02-03T03:32:00
office-occupancy-sensor-001,20.5,22.39,100.0,2015-02-03T03:33:00
office-occupancy-sensor-001,20.5,22.39,100.0,2015-02-03T03:34:00
office-occupancy-sensor-001,20.5,22.39,100.0,2015-02-03T03:35:00
office-occupancy-sensor-001,20.5,22.39,100.0,2015-02-03T03:36:00
office-occupancy-sensor-001,20.5,22.39,100.0,2015-02-03T03:36:59
office-occupancy-sensor-001,20.5,22.427,100.0,2015-02-03T03:38:00
office-occupancy-sensor-001,20.5,22.445,100.0,2015-02-03T03:39:00
office-occupancy-sensor-001,20.5,22.39,100.0,2015-02-03T03:40:00
office-occupancy-sensor-001,20.472,22.392,100.0,2015-02-03T03:40:59
office-occupancy-sensor-001,20.5,22.463,100.0,2015-02-03T03:42:00
office-occupancy-sensor-001,20.5,22.456,100.0,2015-02-03T03:42:59
office-occupancy-sensor-001,20.5,22.39,100.0,2015-02-03T03:43:59
office-occupancy-sensor-001,20.5,22.39,100.0,2015-02-03T03:45:00
office-occupancy-sensor-001,20.472,22.39,100.0,2015-02-03T03:46:00
office-occupancy-sensor-001,20.472,22.418,100.0,2015-02-03T03:47:00
office-occupancy-sensor-001,20.5,22.5,100.0,2015-02-03T03:48:00
office-occupancy-sensor-001,20.5,22.478,100.0,2015-02-03T03:49:00
office-occupancy-sensor-001,20.434,22.412,100.0,2015-02-03T03:49:59
office-occupancy-sensor-001,20.418,22.34,100.0,2015-02-03T03:51:00
office-occupancy-sensor-001,20.39,22.39,100.0,2015-02-03T03:52:00
office-occupancy-sensor-001,20.39,22.39,100.0,2015-02-03T03:53:00
office-occupancy-sensor-001,20.39,22.39,100.0,2015-02-03T03:53:59
office-occupancy-sensor-001,20.39,22.39,100.0,2015-02-03T03:55:00
office-occupancy-sensor-001,20.39,22.39,100.0,2015-02-03T03:55:59
office-occupancy-sensor-001,20.39,22.5,100.0,2015-02-03T03:56:59
office-occupancy-sensor-001,20.39,22.463,100.0,2015-02-03T03:58:00
office-occupancy-sensor-001,20.39,22.5,100.0,2015-02-03T03:59:00
office-occupancy-sensor-001,20.39,22.5,100.0,2015-02-03T04:00:00
office-occupancy-sensor-001,20.39,22.5,100.0,2015-02-03T04:01:00
office-occupancy-sensor-001,20.39,22.5,100.0,2015-02-03T04:01:59
office-occupancy-sensor-001,20.39,22.5,100.0,2015-02-03T04:02:59
office-occupancy-sensor-001,20.39,22.5,100.0,2015-02-03T04:04:00
office-occupancy-sensor-001,20.39,22.5,100.0,2015-02-03T04:05:00
office-occupancy-sensor-001,20.39,22.5,100.0,2015-02-03T04:06:00
office-occupancy-sensor-001,20.39,22.5,100.0,2015-02-03T04:07:00
office-occupancy-sensor-001,20.39,22.5,100.0,2015-02-03T04:08:00
office-occupancy-sensor-001,20.39,22.5,100.0,2015-02-03T04:08:59
office-occupancy-sensor-001,20.39,22.5,100.0,2015-02-03T04:09:59
office-occupancy-sensor-001,20.39,22.5,100.0,2015-02-03T04:11:00
office-occupancy-sensor-001,20.35,22.5,100.0,2015-02-03T04:12:00
office-occupancy-sensor-001,20.39,22.5,100.0,2015-02-03T04:13:00
office-occupancy-sensor-001,20.39,22.5,100.0,2015-02-03T04:14:00
office-occupancy-sensor-001,20.39,22.5,100.0,2015-02-03T04:14:59
office-occupancy-sensor-001,20.39,22.5,100.0,2015-02-03T04:15:59
office-occupancy-sensor-001,20.39,22.5,100.0,2015-02-03T04:17:00
office-occupancy-sensor-001,20.39,22.463,100.0,2015-02-03T04:18:00
office-occupancy-sensor-001,20.39,22.5,100.0,2015-02-03T04:19:00
office-occupancy-sensor-001,20.39,22.5,100.0,2015-02-03T04:20:00
office-occupancy-sensor-001,20.39,22.5,100.0,2015-02-03T04:21:00
office-occupancy-sensor-001,20.39,22.5,100.0,2015-02-03T04:21:59
office-occupancy-sensor-001,20.39,22.5,100.0,2015-02-03T04:23:00
office-occupancy-sensor-001,20.39,22.5,100.0,2015-02-03T04:24:00
office-occupancy-sensor-001,20.39,22.472,100.0,2015-02-03T04:25:00
office-occupancy-sensor-001,20.39,22.463,100.0,2015-02-03T04:25:59
office-occupancy-sensor-001,20.39,22.5,100.0,2015-02-03T04:27:00
office-occupancy-sensor-001,20.39,22.5,100.0,2015-02-03T04:27:59
office-occupancy-sensor-001,20.39,22.5,100.0,2015-02-03T04:28:59
office-occupancy-sensor-001,20.39,22.5,100.0,2015-02-03T04:30:00
office-occupancy-sensor-001,20.39,22.463,100.0,2015-02-03T04:31:00
office-occupancy-sensor-001,20.39,22.472,100.0,2015-02-03T04:32:00
office-occupancy-sensor-001,20.39,22.5,100.0,2015-02-03T04:33:00
office-occupancy-sensor-001,20.39,22.5,100.0,2015-02-03T04:34:00
office-occupancy-sensor-001,20.39,22.472,100.0,2015-02-03T04:34:59
office-occupancy-sensor-001,20.39,22.445,100.0,2015-02-03T04:36:00
office-occupancy-sensor-001,20.39,22.427,100.0,2015-02-03T04:37:00
office-occupancy-sensor-001,20.39,22.5,100.0,2015-02-03T04:38:00
office-occupancy-sensor-001,20.39,22.5,100.0,2015-02-03T04:38:59
office-occupancy-sensor-001,20.39,22.5,100.0,2015-02-03T04:40:00
office-occupancy-sensor-001,20.39,22.456,100.0,2015-02-03T04:40:59
office-occupancy-sensor-001,20.39,22.5,100.0,2015-02-03T04:41:59
office-occupancy-sensor-001,20.39,22.5,100.0,2015-02-03T04:43:00
office-occupancy-sensor-001,20.39,22.463,100.0,2015-02-03T04:44:00
office-occupancy-sensor-001,20.39,22.445,100.0,2015-02-03T04:45:00
office-occupancy-sensor-001,20.39,22.5,100.0,2015-02-03T04:46:00
office-occupancy-sensor-001,20.39,22.5,100.0,2015-02-03T04:46:59
office-occupancy-sensor-001,20.39,22.5,100.0,2015-02-03T04:47:59
office-occupancy-sensor-001,20.39,22.5,100.0,2015-02-03T04:49:00
office-occupancy-sensor-001,20.39,22.5,100.0,2015-02-03T04:50:00
office-occupancy-sensor-001,20.39,22.5,100.0,2015-02-03T04:51:00
office-occupancy-sensor-001,20.39,22.427,100.0,2015-02-03T04:52:00
office-occupancy-sensor-001,20.39,22.472,100.0,2015-02-03T04:53:00
office-occupancy-sensor-001,20.39,22.5,100.0,2015-02-03T04:53:59
office-occupancy-sensor-001,20.39,22.5,100.0,2015-02-03T04:54:59
office-occupancy-sensor-001,20.39,22.5,100.0,2015-02-03T04:56:00
office-occupancy-sensor-001,20.39,22.5,100.0,2015-02-03T04:57:00
office-occupancy-sensor-001,20.39,22.5,100.0,2015-02-03T04:58:00
office-occupancy-sensor-001,20.39,22.5,100.0,2015-02-03T04:59:00
office-occupancy-sensor-001,20.39,22.5,100.0,2015-02-03T04:59:59
office-occupancy-sensor-001,20.39,22.5,100.0,2015-02-03T05:00:59
office-occupancy-sensor-001,20.39,22.5,100.0,2015-02-03T05:02:00
office-occupancy-sensor-001,20.39,22.5,100.0,2015-02-03T05:03:00
office-occupancy-sensor-001,20.39,22.5,100.0,2015-02-03T05:04:00
office-occupancy-sensor-001,20.39,22.5,100.0,2015-02-03T05:05:00
office-occupancy-sensor-001,20.39,22.5,100.0,2015-02-03T05:06:00
office-occupancy-sensor-001,20.39,22.5,100.0,2015-02-03T05:06:59
office-occupancy-sensor-001,20.39,22.5,100.0,2015-02-03T05:08:00
office-occupancy-sensor-001,20.39,22.5,100.0,2015-02-03T05:09:00
office-occupancy-sensor-001,20.365,22.5,100.0,2015-02-03T05:10:00
office-occupancy-sensor-001,20.39,22.5,100.0,2015-02-03T05:10:59
office-occupancy-sensor-001,20.39,22.5,100.0,2015-02-03T05:12:00
office-occupancy-sensor-001,20.39,22.5,100.0,2015-02-03T05:12:59
office-occupancy-sensor-001,20.39,22.5,100.0,2015-02-03T05:13:59
office-occupancy-sensor-001,20.39,22.5,100.0,2015-02-03T05:15:00
office-occupancy-sensor-001,20.39,22.5,100.0,2015-02-03T05:16:00
office-occupancy-sensor-001,20.39,22.5,100.0,2015-02-03T05:17:00
office-occupancy-sensor-001,20.39,22.5,100.0,2015-02-03T05:18:00
office-occupancy-sensor-001,20.39,22.5,100.0,2015-02-03T05:19:00
office-occupancy-sensor-001,20.365,22.5,100.0,2015-02-03T05:19:59
office-occupancy-sensor-001,20.365,22.5,100.0,2015-02-03T05:21:00
office-occupancy-sensor-001,20.34,22.575,100.0,2015-02-03T05:22:00
office-occupancy-sensor-001,20.315,22.6,100.0,2015-02-03T05:23:00
office-occupancy-sensor-001,20.315,22.6,100.0,2015-02-03T05:23:59
office-occupancy-sensor-001,20.357,22.6,100.0,2015-02-03T05:25:00
office-occupancy-sensor-001,20.34,22.6,100.0,2015-02-03T05:25:59
office-occupancy-sensor-001,20.365,22.575,100.0,2015-02-03T05:26:59
office-occupancy-sensor-001,20.29,22.6,100.0,2015-02-03T05:28:00
office-occupancy-sensor-001,20.29,22.6,100.0,2015-02-03T05:29:00
office-occupancy-sensor-001,20.29,22.6,100.0,2015-02-03T05:30:00
office-occupancy-sensor-001,20.323,22.6,100.0,2015-02-03T05:31:00
office-occupancy-sensor-001,20.29,22.6,100.0,2015-02-03T05:31:59
office-occupancy-sensor-001,20.323,22.6,100.0,2015-02-03T05:32:59
office-occupancy-sensor-001,20.29,22.6,100.0,2015-02-03T05:34:00
office-occupancy-sensor-001,20.29,22.625,100.0,2015-02-03T05:35:00
office-occupancy-sensor-001,20.29,22.633,100.0,2015-02-03T05:36:00
office-occupancy-sensor-001,20.29,22.675,100.0,2015-02-03T05:37:00
office-occupancy-sensor-001,20.29,22.7,100.0,2015-02-03T05:38:00
office-occupancy-sensor-001,20.29,22.7,100.0,2015-02-03T05:38:59
office-occupancy-sensor-001,20.29,22.7,100.0,2015-02-03T05:39:59
office-occupancy-sensor-001,20.29,22.7,100.0,2015-02-03T05:41:00
office-occupancy-sensor-001,20.29,22.7,100.0,2015-02-03T05:42:00
office-occupancy-sensor-001,20.29,22.65,100.0,2015-02-03T05:43:00
office-occupancy-sensor-001,20.29,22.6,100.0,2015-02-03T05:44:00
office-occupancy-sensor-001,20.29,22.7,100.0,2015-02-03T05:44:59
office-occupancy-sensor-001,20.29,22.675,100.0,2015-02-03T05:45:59
office-occupancy-sensor-001,20.29,22.7,100.0,2015-02-03T05:47:00
office-occupancy-sensor-001,20.29,22.7,100.0,2015-02-03T05:48:00
office-occupancy-sensor-001,20.29,22.7,100.0,2015-02-03T05:49:00
office-occupancy-sensor-001,20.29,22.675,100.0,2015-02-03T05:50:00
office-occupancy-sensor-001,20.29,22.65,100.0,2015-02-03T05:51:00
office-occupancy-sensor-001,20.29,22.7,100.0,2015-02-03T05:51:59
office-occupancy-sensor-001,20.29,22.7,100.0,2015-02-03T05:53:00
office-occupancy-sensor-001,20.29,22.7,100.0,2015-02-03T05:54:00
office-occupancy-sensor-001,20.29,22.7,100.0,2015-02-03T05:55:00
office-occupancy-sensor-001,20.29,22.7,100.0,2015-02-03T05:55:59
office-occupancy-sensor-001,20.29,22.7,100.0,2015-02-03T05:57:00
office-occupancy-sensor-001,20.29,22.7,100.0,2015-02-03T05:57:59
office-occupancy-sensor-001,20.29,22.7,100.0,2015-02-03T05:58:59
office-occupancy-sensor-001,20.29,22.7,100.0,2015-02-03T06:00:00
office-occupancy-sensor-001,20.272,22.68,100.0,2015-02-03T06:01:00
office-occupancy-sensor-001,20.26,22.667,100.0,2015-02-03T06:02:00
office-occupancy-sensor-001,20.29,22.7,100.0,2015-02-03T06:03:00
office-occupancy-sensor-001,20.29,22.7,100.0,2015-02-03T06:04:00
office-occupancy-sensor-001,20.29,22.7,100.0,2015-02-03T06:04:59
office-occupancy-sensor-001,20.29,22.7,100.0,2015-02-03T06:06:00
office-occupancy-sensor-001,20.29,22.7,100.0,2015-02-03T06:07:00
office-occupancy-sensor-001,20.29,22.7,100.0,2015-02-03T06:08:00
office-occupancy-sensor-001,20.29,22.722,100.0,2015-02-03T06:08:59
office-occupancy-sensor-001,20.268,22.7,100.0,2015-02-03T06:10:00
office-occupancy-sensor-001,20.26,22.76,100.0,2015-02-03T06:10:59
office-occupancy-sensor-001,20.29,22.7,100.0,2015-02-03T06:11:59
office-occupancy-sensor-001,20.29,22.7,100.0,2015-02-03T06:13:00
office-occupancy-sensor-001,20.29,22.7,100.0,2015-02-03T06:14:00
office-occupancy-sensor-001,20.268,22.675,100.0,2015-02-03T06:15:00
office-occupancy-sensor-001,20.268,22.72,100.0,2015-02-03T06:16:00
office-occupancy-sensor-001,20.29,22.76,100.0,2015-02-03T06:16:59
office-occupancy-sensor-001,20.29,22.772,100.0,2015-02-03T06:17:59
office-occupancy-sensor-001,20.29,22.79,100.0,2015-02-03T06:19:00
office-occupancy-sensor-001,20.29,22.768,100.0,2015-02-03T06:20:00
office-occupancy-sensor-001,20.29,22.76,100.0,2015-02-03T06:21:00
office-occupancy-sensor-001,20.29,22.7,100.0,2015-02-03T06:22:00
office-occupancy-sensor-001,20.29,22.7,100.0,2015-02-03T06:23:00
office-occupancy-sensor-001,20.29,22.7,100.0,2015-02-03T06:23:59
office-occupancy-sensor-001,20.29,22.79,100.0,2015-02-03T06:24:59
office-occupancy-sensor-001,20.29,22.722,100.0,2015-02-03T06:26:00
office-occupancy-sensor-001,20.29,22.7,100.0,2015-02-03T06:27:00
office-occupancy-sensor-001,20.29,22.768,100.0,2015-02-03T06:28:00
office-occupancy-sensor-001,20.29,22.722,100.0,2015-02-03T06:29:00
office-occupancy-sensor-001,20.29,22.7,100.0,2015-02-03T06:29:59
office-occupancy-sensor-001,20.323,22.7,100.0,2015-02-03T06:30:59
office-occupancy-sensor-001,20.365,22.7,100.0,2015-02-03T06:32:00
office-occupancy-sensor-001,20.39,22.7,100.0,2015-02-03T06:33:00
office-occupancy-sensor-001,20.39,22.7,100.0,2015-02-03T06:34:00
office-occupancy-sensor-001,20.39,22.7,100.0,2015-02-03T06:35:00
office-occupancy-sensor-001,20.39,22.7,100.0,2015-02-03T06:36:00
office-occupancy-sensor-001,20.39,22.7,100.0,2015-02-03T06:36:59
office-occupancy-sensor-001,20.39,22.65,100.0,2015-02-03T06:38:00
office-occupancy-sensor-001,20.39,22.68,100.0,2015-02-03T06:39:00
office-occupancy-sensor-001,20.39,22.7,100.0,2015-02-03T06:40:00
office-occupancy-sensor-001,20.39,22.7,100.0,2015-02-03T06:40:59
office-occupancy-sensor-001,20.39,22.7,100.0,2015-02-03T06:42:00
office-occupancy-sensor-001,20.39,22.675,100.0,2015-02-03T06:42:59
office-occupancy-sensor-001,20.39,22.7,100.0,2015-02-03T06:43:59
office-occupancy-sensor-001,20.37,22.7,100.0,2015-02-03T06:45:00
office-occupancy-sensor-001,20.323,22.7,100.0,2015-02-03T06:46:00
office-occupancy-sensor-001,20.29,22.722,100.0,2015-02-03T06:47:00
office-occupancy-sensor-001,20.29,22.745,100.0,2015-02-03T06:48:00
office-occupancy-sensor-001,20.29,22.79,100.0,2015-02-03T06:49:00
office-occupancy-sensor-001,20.29,22.79,100.0,2015-02-03T06:49:59
office-occupancy-sensor-001,20.29,22.79,100.0,2015-02-03T06:51:00
office-occupancy-sensor-001,20.29,22.79,100.0,2015-02-03T06:52:00
office-occupancy-sensor-001,20.29,22.79,100.0,2015-02-03T06:53:00
office-occupancy-sensor-001,20.26,22.79,100.0,2015-02-03T06:53:59
office-occupancy-sensor-001,20.29,22.84,100.0,2015-02-03T06:55:00
office-occupancy-sensor-001,20.268,22.84,100.0,2015-02-03T06:55:59
office-occupancy-sensor-001,20.245,22.815,100.0,2015-02-03T06:56:59
office-occupancy-sensor-001,20.236,22.83,100.0,2015-02-03T06:58:00
office-occupancy-sensor-001,20.29,22.89,100.0,2015-02-03T06:59:00
office-occupancy-sensor-001,20.2,22.79,100.0,2015-02-03T07:00:00
office-occupancy-sensor-001,20.218,22.81,100.0,2015-02-03T07:01:00
office-occupancy-sensor-001,20.245,22.84,100.0,2015-02-03T07:01:59
office-occupancy-sensor-001,20.2,22.79,100.0,2015-02-03T07:02:59
office-occupancy-sensor-001,20.245,22.84,100.0,2015-02-03T07:04:00
office-occupancy-sensor-001,20.268,22.865,100.0,2015-02-03T07:05:00
office-occupancy-sensor-001,20.2,22.79,100.0,2015-02-03T07:06:00
office-occupancy-sensor-001,20.222,22.815,100.0,2015-02-03T07:07:00
office-occupancy-sensor-001,20.2,22.79,100.0,2015-02-03T07:08:00
office-occupancy-sensor-001,20.2,22.79,100.0,2015-02-03T07:08:59
office-occupancy-sensor-001,20.222,22.815,100.0,2015-02-03T07:09:59
office-occupancy-sensor-001,20.2,22.79,100.0,2015-02-03T07:11:00
office-occupancy-sensor-001,20.2,22.815,100.0,2015-02-03T07:12:00
office-occupancy-sensor-001,20.222,22.868,100.0,2015-02-03T07:13:00
office-occupancy-sensor-001,20.2,22.89,100.0,2015-02-03T07:14:00
office-occupancy-sensor-001,20.2,22.89,100.0,2015-02-03T07:14:59
office-occupancy-sensor-001,20.2,22.89,100.0,2015-02-03T07:15:59
office-occupancy-sensor-001,20.2,22.89,100.0,2015-02-03T07:17:00
office-occupancy-sensor-001,20.2,22.89,100.0,2015-02-03T07:18:00
office-occupancy-sensor-001,20.2,22.89,100.0,2015-02-03T07:19:00
office-occupancy-sensor-001,20.236,22.83,100.0,2015-02-03T07:20:00
office-occupancy-sensor-001,20.29,22.84,100.0,2015-02-03T07:21:00
office-occupancy-sensor-001,20.29,22.79,100.0,2015-02-03T07:21:59
office-occupancy-sensor-001,20.29,22.79,100.0,2015-02-03T07:23:00
office-occupancy-sensor-001,20.29,22.79,100.0,2015-02-03T07:24:00
office-occupancy-sensor-001,20.29,22.79,100.0,2015-02-03T07:25:00
office-occupancy-sensor-001,20.29,22.79,100.0,2015-02-03T07:25:59
office-occupancy-sensor-001,20.29,22.79,100.0,2015-02-03T07:27:00
office-occupancy-sensor-001,20.315,22.79,100.0,2015-02-03T07:27:59
office-occupancy-sensor-001,20.357,22.7,100.0,2015-02-03T07:28:59
office-occupancy-sensor-001,20.34,22.745,100.0,2015-02-03T07:30:00
office-occupancy-sensor-001,20.34,22.722,100.0,2015-02-03T07:31:00
office-occupancy-sensor-001,20.315,22.768,100.0,2015-02-03T07:32:00
office-occupancy-sensor-001,20.315,22.768,100.0,2015-02-03T07:33:00
office-occupancy-sensor-001,20.29,22.79,100.0,2015-02-03T07:34:00
office-occupancy-sensor-001,20.29,22.79,100.0,2015-02-03T07:34:59
office-occupancy-sensor-001,20.29,22.79,100.0,2015-02-03T07:36:00
office-occupancy-sensor-001,20.29,22.857,100.0,2015-02-03T07:37:00
office-occupancy-sensor-001,20.29,22.956,100.0,2015-02-03T07:38:00
office-occupancy-sensor-001,20.29,23.0,100.0,2015-02-03T07:38:59
office-occupancy-sensor-001,20.315,23.1,100.0,2015-02-03T07:40:00
office-occupancy-sensor-001,20.29,23.2,100.0,2015-02-03T07:40:59
office-occupancy-sensor-001,20.31,23.2,100.0,2015-02-03T07:41:59
office-occupancy-sensor-001,20.31,23.2,100.0,2015-02-03T07:43:00
office-occupancy-sensor-001,20.33,23.2,100.0,2015-02-03T07:44:00
office-occupancy-sensor-001,20.39,23.2,100.0,2015-02-03T07:45:00
office-occupancy-sensor-001,20.365,23.245,100.0,2015-02-03T07:46:00
office-occupancy-sensor-001,20.39,23.34,100.0,2015-02-03T07:46:59
office-occupancy-sensor-001,20.39,23.434,100.0,2015-02-03T07:47:59
office-occupancy-sensor-001,20.39,23.5,100.0,2015-02-03T07:49:00
office-occupancy-sensor-001,20.39,23.66,100.0,2015-02-03T07:50:00
office-occupancy-sensor-001,20.39,23.7,100.0,2015-02-03T07:51:00
office-occupancy-sensor-001,20.39,23.7,100.0,2015-02-03T07:52:00
office-occupancy-sensor-001,20.445,23.818,100.0,2015-02-03T07:53:00
office-occupancy-sensor-001,20.5,23.89,100.0,2015-02-03T07:53:59
office-occupancy-sensor-001,20.5,23.978,100.0,2015-02-03T07:54:59
office-occupancy-sensor-001,20.5,24.033,100.0,2015-02-03T07:56:00
office-occupancy-sensor-001,20.5,24.1,100.0,2015-02-03T07:57:00
office-occupancy-sensor-001,20.5,24.1,100.0,2015-02-03T07:58:00
office-occupancy-sensor-001,20.5,24.1,100.0,2015-02-03T07:59:00
office-occupancy-sensor-001,20.5,24.18,100.0,2015-02-03T07:59:59
office-occupancy-sensor-001,20.52,24.236,100.0,2015-02-03T08:00:59
office-occupancy-sensor-001,20.5,24.323,100.0,2015-02-03T08:02:00
office-occupancy-sensor-001,20.5,24.39,100.0,2015-02-03T08:03:00
office-occupancy-sensor-001,20.5,24.39,100.0,2015-02-03T08:04:00
office-occupancy-sensor-001,20.56,24.39,100.0,2015-02-03T08:05:00
office-occupancy-sensor-001,20.55,24.39,100.0,2015-02-03T08:06:00
office-occupancy-sensor-001,20.55,24.39,100.0,2015-02-03T08:06:59
office-occupancy-sensor-001,20.58,24.39,100.0,2015-02-03T08:08:00
office-occupancy-sensor-001,20.6,24.39,100.0,2015-02-03T08:09:00
office-occupancy-sensor-001,20.667,24.39,100.0,2015-02-03T08:10:00
office-occupancy-sensor-001,20.7,24.37,100.0,2015-02-03T08:10:59
office-occupancy-sensor-001,20.7,24.39,100.0,2015-02-03T08:12:00
office-occupancy-sensor-001,20.7,24.39,100.0,2015-02-03T08:12:59
office-occupancy-sensor-001,20.7,24.39,100.0,2015-02-03T08:13:59
office-occupancy-sensor-001,20.736,24.39,100.0,2015-02-03T08:15:00
office-occupancy-sensor-001,20.73,24.39,100.0,2015-02-03T08:16:00
office-occupancy-sensor-001,20.7,24.5,100.0,2015-02-03T08:17:00
office-occupancy-sensor-001,20.754,24.5,100.0,2015-02-03T08:18:00
office-occupancy-sensor-001,20.79,24.5,100.0,2015-02-03T08:19:00
office-occupancy-sensor-001,20.772,24.52,100.0,2015-02-03T08:19:59
office-occupancy-sensor-001,20.768,24.6,100.0,2015-02-03T08:21:00
office-occupancy-sensor-001,20.754,24.66,100.0,2015-02-03T08:22:00
office-occupancy-sensor-001,20.772,24.7,100.0,2015-02-03T08:23:00
office-occupancy-sensor-001,20.79,24.7,100.0,2015-02-03T08:23:59
office-occupancy-sensor-001,20.79,24.7,100.0,2015-02-03T08:25:00
office-occupancy-sensor-001,20.79,24.736,100.0,2015-02-03T08:25:59
office-occupancy-sensor-001,20.79,24.79,100.0,2015-02-03T08:26:59
office-occupancy-sensor-001,20.775,24.79,100.0,2015-02-03T08:28:00
office-occupancy-sensor-001,20.79,24.79,100.0,2015-02-03T08:29:00
office-occupancy-sensor-001,20.79,24.79,100.0,2015-02-03T08:30:00
office-occupancy-sensor-001,20.79,24.79,100.0,2015-02-03T08:31:00
office-occupancy-sensor-001,20.79,24.79,100.0,2015-02-03T08:31:59
office-occupancy-sensor-001,20.79,24.79,100.0,2015-02-03T08:32:59
office-occupancy-sensor-001,20.79,24.79,100.0,2015-02-03T08:34:00
office-occupancy-sensor-001,20.79,24.79,100.0,2015-02-03T08:35:00
office-occupancy-sensor-001,20.79,24.79,100.0,2015-02-03T08:36:00
office-occupancy-sensor-001,20.79,24.79,100.0,2015-02-03T08:37:00
office-occupancy-sensor-001,20.815,24.815,100.0,2015-02-03T08:38:00
office-occupancy-sensor-001,20.79,24.79,100.0,2015-02-03T08:38:59
office-occupancy-sensor-001,20.84,24.84,100.0,2015-02-03T08:39:59
office-occupancy-sensor-001,20.79,24.79,100.0,2015-02-03T08:41:00
office-occupancy-sensor-001,20.89,24.89,100.0,2015-02-03T08:42:00
office-occupancy-sensor-001,20.83,24.83,100.0,2015-02-03T08:43:00
office-occupancy-sensor-001,20.87,24.87,100.0,2015-02-03T08:44:00
office-occupancy-sensor-001,20.89,24.873,100.0,2015-02-03T08:44:59
office-occupancy-sensor-001,20.89,24.89,100.0,2015-02-03T08:45:59
office-occupancy-sensor-001,20.873,24.84,100.0,2015-02-03T08:47:00
office-occupancy-sensor-001,20.873,24.775,100.0,2015-02-03T08:48:00
office-occupancy-sensor-001,20.89,24.84,100.0,2015-02-03T08:49:00
office-occupancy-sensor-001,20.89,24.857,100.0,2015-02-03T08:50:00
office-occupancy-sensor-001,20.89,24.823,100.0,2015-02-03T08:51:00
office-occupancy-sensor-001,20.89,24.79,100.0,2015-02-03T08:51:59
office-occupancy-sensor-001,20.927,24.79,100.0,2015-02-03T08:53:00
office-occupancy-sensor-001,20.89,24.85,100.0,2015-02-03T08:54:00
office-occupancy-sensor-001,20.89,24.89,100.0,2015-02-03T08:55:00
office-occupancy-sensor-001,20.89,24.945,100.0,2015-02-03T08:55:59
office-occupancy-sensor-001,20.89,24.918,100.0,2015-02-03T08:57:00
office-occupancy-sensor-001,20.89,24.978,100.0,2015-02-03T08:57:59
office-occupancy-sensor-001,20.89,25.0,100.0,2015-02-03T08:58:59
office-occupancy-sensor-001,20.89,25.0,100.0,2015-02-03T09:00:00
office-occupancy-sensor-001,20.89,25.0,100.0,2015-02-03T09:01:00
office-occupancy-sensor-001,20.918,25.0,100.0,2015-02-03T09:02:00
office-occupancy-sensor-001,20.978,25.0,100.0,2015-02-03T09:03:00
office-occupancy-sensor-001,21.0,24.963,100.0,2015-02-03T09:04:00
office-occupancy-sensor-001,21.0,24.912,100.0,2015-02-03T09:04:59
office-occupancy-sensor-001,21.025,24.89,100.0,2015-02-03T09:06:00
office-occupancy-sensor-001,21.075,24.89,100.0,2015-02-03T09:07:00
office-occupancy-sensor-001,21.1,24.89,100.0,2015-02-03T09:08:00
office-occupancy-sensor-001,21.1,24.89,100.0,2015-02-03T09:08:59
office-occupancy-sensor-001,21.133,24.823,100.0,2015-02-03T09:10:00
office-occupancy-sensor-001,21.167,24.858,100.0,2015-02-03T09:10:59
office-occupancy-sensor-001,21.2,25.163,100.0,2015-02-03T09:11:59
office-occupancy-sensor-001,21.175,25.04,100.0,2015-02-03T09:13:00
office-occupancy-sensor-001,21.15,24.918,100.0,2015-02-03T09:14:00
office-occupancy-sensor-001,21.183,25.198,100.0,2015-02-03T09:15:00
office-occupancy-sensor-001,21.2,25.34,100.0,2015-02-03T09:16:00
office-occupancy-sensor-001,21.2,25.392,100.0,2015-02-03T09:16:59
office-occupancy-sensor-001,21.23,25.445,100.0,2015-02-03T09:17:59
office-occupancy-sensor-001,21.254,25.578,100.0,2015-02-03T09:19:00
office-occupancy-sensor-001,21.2,25.763,100.0,2015-02-03T09:20:00
office-occupancy-sensor-001,21.2,25.89,100.0,2015-02-03T09:21:00
office-occupancy-sensor-001,21.2,26.05,100.0,2015-02-03T09:22:00
office-occupancy-sensor-001,21.2,26.1,100.0,2015-02-03T09:23:00
office-occupancy-sensor-001,21.2,26.157,100.0,2015-02-03T09:23:59
office-occupancy-sensor-001,21.2,26.245,100.0,2015-02-03T09:24:59
office-occupancy-sensor-001,21.2,26.29,100.0,2015-02-03T09:26:00
office-occupancy-sensor-001,21.218,26.31,100.0,2015-02-03T09:27:00
office-occupancy-sensor-001,21.236,26.412,100.0,2015-02-03T09:28:00
office-occupancy-sensor-001,21.23,26.498,100.0,2015-02-03T09:29:00
office-occupancy-sensor-001,21.222,26.525,100.0,2015-02-03T09:29:59
office-occupancy-sensor-001,21.245,26.583,100.0,2015-02-03T09:30:59
office-occupancy-sensor-001,21.26,26.567,100.0,2015-02-03T09:32:00
office-occupancy-sensor-001,21.29,26.683,100.0,2015-02-03T09:33:00
office-occupancy-sensor-001,21.29,26.76,100.0,2015-02-03T09:34:00
office-occupancy-sensor-001,21.29,26.79,100.0,2015-02-03T09:35:00
office-occupancy-sensor-001,21.315,26.768,100.0,2015-02-03T09:36:00
office-occupancy-sensor-001,21.307,26.79,100.0,2015-02-03T09:36:59
office-occupancy-sensor-001,21.31,26.79,100.0,2015-02-03T09:38:00
office-occupancy-sensor-001,21.357,26.79,100.0,2015-02-03T09:39:00
office-occupancy-sensor-001,21.31,26.83,100.0,2015-02-03T09:40:00
office-occupancy-sensor-001,21.29,26.89,100.0,2015-02-03T09:40:59
office-occupancy-sensor-001,21.35,26.934,100.0,2015-02-03T09:42:00
office-occupancy-sensor-001,21.34,26.945,100.0,2015-02-03T09:42:59
office-occupancy-sensor-001,21.315,27.0,100.0,2015-02-03T09:43:59
office-occupancy-sensor-001,21.39,27.0,100.0,2015-02-03T09:45:00
office-occupancy-sensor-001,21.39,27.1,100.0,2015-02-03T09:46:00
office-occupancy-sensor-001,21.39,27.08,100.0,2015-02-03T09:47:00
office-occupancy-sensor-001,21.39,27.1,100.0,2015-02-03T09:48:00
office-occupancy-sensor-001,21.418,27.22,100.0,2015-02-03T09:49:00
office-occupancy-sensor-001,21.427,27.23,100.0,2015-02-03T09:49:59
office-occupancy-sensor-001,21.412,27.272,100.0,2015-02-03T09:51:00
office-occupancy-sensor-001,21.456,27.33,100.0,2015-02-03T09:52:00
office-occupancy-sensor-001,21.482,27.357,100.0,2015-02-03T09:53:00
office-occupancy-sensor-001,21.5,27.312,100.0,2015-02-03T09:53:59
office-occupancy-sensor-001,21.5,27.315,100.0,2015-02-03T09:55:00
office-occupancy-sensor-001,21.54,27.718,100.0,2015-02-03T09:55:59
office-occupancy-sensor-001,21.55,27.5,100.0,2015-02-03T09:56:59
office-occupancy-sensor-001,21.6,27.463,100.0,2015-02-03T09:58:00
office-occupancy-sensor-001,21.6,27.463,100.0,2015-02-03T09:59:00
office-occupancy-sensor-001,21.6,27.472,100.0,2015-02-03T10:00:00
office-occupancy-sensor-001,21.6,27.456,100.0,2015-02-03T10:01:00
office-occupancy-sensor-001,21.6,27.5,100.0,2015-02-03T10:01:59
office-occupancy-sensor-001,21.6,27.6,100.0,2015-02-03T10:02:59
office-occupancy-sensor-001,21.6,27.54,100.0,2015-02-03T10:04:00
office-occupancy-sensor-001,21.6,27.525,100.0,2015-02-03T10:05:00
office-occupancy-sensor-001,21.6,27.567,100.0,2015-02-03T10:06:00
office-occupancy-sensor-001,21.625,27.625,100.0,2015-02-03T10:07:00
office-occupancy-sensor-001,21.64,27.716,100.0,2015-02-03T10:08:00
office-occupancy-sensor-001,21.66,27.83,100.0,2015-02-03T10:08:59
office-occupancy-sensor-001,21.683,27.84,100.0,2015-02-03T10:09:59
office-occupancy-sensor-001,21.65,27.84,100.0,2015-02-03T10:11:00
office-occupancy-sensor-001,21.7,27.84,100.0,2015-02-03T10:12:00
office-occupancy-sensor-001,21.7,27.912,100.0,2015-02-03T10:13:00
office-occupancy-sensor-001,21.7,28.072,100.0,2015-02-03T10:14:00
office-occupancy-sensor-001,21.7,27.968,100.0,2015-02-03T10:14:59
office-occupancy-sensor-001,21.7,27.893,100.0,2015-02-03T10:15:59
office-occupancy-sensor-001,21.7,27.945,100.0,2015-02-03T10:17:00
office-occupancy-sensor-001,21.7,27.912,100.0,2015-02-03T10:18:00
office-occupancy-sensor-001,21.7,27.972,100.0,2015-02-03T10:19:00
office-occupancy-sensor-001,21.7,27.918,100.0,2015-02-03T10:20:00
office-occupancy-sensor-001,21.7,27.89,100.0,2015-02-03T10:21:00
office-occupancy-sensor-001,21.7,27.857,100.0,2015-02-03T10:21:59
office-occupancy-sensor-001,21.7,27.934,100.0,2015-02-03T10:23:00
office-occupancy-sensor-001,21.7,28.1,100.0,2015-02-03T10:24:00
office-occupancy-sensor-001,21.7,27.908,100.0,2015-02-03T10:25:00
office-occupancy-sensor-001,21.7,27.962,100.0,2015-02-03T10:25:59
office-occupancy-sensor-001,21.718,27.974,100.0,2015-02-03T10:27:00
office-occupancy-sensor-001,21.7,28.1,100.0,2015-02-03T10:27:59
office-occupancy-sensor-001,21.79,28.067,100.0,2015-02-03T10:28:59
office-occupancy-sensor-001,21.718,28.1,100.0,2015-02-03T10:30:00
office-occupancy-sensor-001,21.76,28.083,100.0,2015-02-03T10:31:00
office-occupancy-sensor-001,21.768,28.125,100.0,2015-02-03T10:32:00
office-occupancy-sensor-001,21.73,28.133,100.0,2015-02-03T10:33:00
office-occupancy-sensor-001,21.775,28.05,100.0,2015-02-03T10:34:00
office-occupancy-sensor-001,21.777,28.086,100.0,2015-02-03T10:34:59
office-occupancy-sensor-001,21.79,28.125,100.0,2015-02-03T10:36:00
office-occupancy-sensor-001,21.79,28.158,100.0,2015-02-03T10:37:00
office-occupancy-sensor-001,21.79,28.26,100.0,2015-02-03T10:38:00
office-occupancy-sensor-001,21.84,28.1,100.0,2015-02-03T10:38:59
office-occupancy-sensor-001,21.823,28.133,100.0,2015-02-03T10:40:00
office-occupancy-sensor-001,21.87,28.252,100.0,2015-02-03T10:40:59
office-occupancy-sensor-001,21.89,28.183,100.0,2015-02-03T10:41:59
office-occupancy-sensor-001,21.89,28.254,100.0,2015-02-03T10:43:00
office-occupancy-sensor-001,21.89,28.29,100.0,2015-02-03T10:44:00
office-occupancy-sensor-001,21.89,28.31,100.0,2015-02-03T10:45:00
office-occupancy-sensor-001,21.89,28.376,100.0,2015-02-03T10:46:00
office-occupancy-sensor-001,21.89,28.39,100.0,2015-02-03T10:46:59
office-occupancy-sensor-001,21.89,28.376,100.0,2015-02-03T10:47:59
office-occupancy-sensor-001,21.89,28.307,100.0,2015-02-03T10:49:00
office-occupancy-sensor-001,21.89,28.315,100.0,2015-02-03T10:50:00
office-occupancy-sensor-001,21.89,28.31,100.0,2015-02-03T10:51:00
office-occupancy-sensor-001,21.89,28.365,100.0,2015-02-03T10:52:00
office-occupancy-sensor-001,21.912,28.37,100.0,2015-02-03T10:53:00
office-occupancy-sensor-001,21.89,28.39,100.0,2015-02-03T10:53:59
office-occupancy-sensor-001,21.89,28.445,100.0,2015-02-03T10:54:59
office-occupancy-sensor-001,21.89,28.445,100.0,2015-02-03T10:56:00
office-occupancy-sensor-001,21.89,28.5,100.0,2015-02-03T10:57:00
office-occupancy-sensor-001,21.89,28.33,100.0,2015-02-03T10:58:00
office-occupancy-sensor-001,21.908,28.308,100.0,2015-02-03T10:59:00
office-occupancy-sensor-001,21.945,28.29,100.0,2015-02-03T10:59:59
office-occupancy-sensor-001,21.934,28.29,100.0,2015-02-03T11:00:59
office-occupancy-sensor-001,22.0,28.29,100.0,2015-02-03T11:02:00
office-occupancy-sensor-001,21.982,28.29,100.0,2015-02-03T11:03:00
office-occupancy-sensor-001,21.945,28.29,100.0,2015-02-03T11:04:00
office-occupancy-sensor-001,21.978,28.29,100.0,2015-02-03T11:05:00
office-occupancy-sensor-001,22.0,28.29,100.0,2015-02-03T11:06:00
office-occupancy-sensor-001,22.0,28.29,100.0,2015-02-03T11:06:59
office-occupancy-sensor-001,22.0,28.2,100.0,2015-02-03T11:08:00
office-occupancy-sensor-001,22.0,28.218,100.0,2015-02-03T11:09:00
office-occupancy-sensor-001,22.0,28.222,100.0,2015-02-03T11:10:00
office-occupancy-sensor-001,22.0,28.268,100.0,2015-02-03T11:10:59
office-occupancy-sensor-001,22.025,28.258,100.0,2015-02-03T11:12:00
office-occupancy-sensor-001,22.06,28.274,100.0,2015-02-03T11:12:59
office-occupancy-sensor-001,22.05,28.34,100.0,2015-02-03T11:13:59
office-occupancy-sensor-001,22.1,28.39,100.0,2015-02-03T11:15:00
office-occupancy-sensor-001,22.08,28.37,100.0,2015-02-03T11:16:00
office-occupancy-sensor-001,22.1,28.39,100.0,2015-02-03T11:17:00
office-occupancy-sensor-001,22.1,28.365,100.0,2015-02-03T11:18:00
office-occupancy-sensor-001,22.06,28.35,100.0,2015-02-03T11:19:00
office-occupancy-sensor-001,22.1,28.39,100.0,2015-02-03T11:19:59
office-occupancy-sensor-001,22.083,28.358,100.0,2015-02-03T11:21:00
office-occupancy-sensor-001,22.1,28.39,100.0,2015-02-03T11:22:00
office-occupancy-sensor-001,22.1,28.357,100.0,2015-02-03T11:23:00
office-occupancy-sensor-001,22.1,28.372,100.0,2015-02-03T11:23:59
office-occupancy-sensor-001,22.1,28.2,100.0,2015-02-03T11:25:00
office-occupancy-sensor-001,22.1,28.2,100.0,2015-02-03T11:25:59
office-occupancy-sensor-001,22.15,28.1,100.0,2015-02-03T11:26:59
office-occupancy-sensor-001,22.1,28.2,100.0,2015-02-03T11:28:00
office-occupancy-sensor-001,22.117,28.067,100.0,2015-02-03T11:29:00
office-occupancy-sensor-001,22.167,28.0,100.0,2015-02-03T11:30:00
office-occupancy-sensor-001,22.18,28.06,100.0,2015-02-03T11:31:00
office-occupancy-sensor-001,22.133,28.0,100.0,2015-02-03T11:31:59
office-occupancy-sensor-001,22.16,27.956,100.0,2015-02-03T11:32:59
office-occupancy-sensor-001,22.2,27.918,100.0,2015-02-03T11:34:00
office-occupancy-sensor-001,22.175,27.945,100.0,2015-02-03T11:35:00
office-occupancy-sensor-001,22.183,27.807,100.0,2015-02-03T11:36:00
office-occupancy-sensor-001,22.2,27.823,100.0,2015-02-03T11:37:00
office-occupancy-sensor-001,22.2,27.79,100.0,2015-02-03T11:38:00
office-occupancy-sensor-001,22.2,27.79,100.0,2015-02-03T11:38:59
office-occupancy-sensor-001,22.2,27.772,100.0,2015-02-03T11:39:59
office-occupancy-sensor-001,22.2,27.722,100.0,2015-02-03T11:41:00
office-occupancy-sensor-001,22.2,27.772,100.0,2015-02-03T11:42:00
office-occupancy-sensor-001,22.2,27.722,100.0,2015-02-03T11:43:00
office-occupancy-sensor-001,22.2,27.7,100.0,2015-02-03T11:44:00
office-occupancy-sensor-001,22.175,27.7,100.0,2015-02-03T11:44:59
office-occupancy-sensor-001,22.2,27.7,100.0,2015-02-03T11:45:59
office-occupancy-sensor-001,22.2,27.7,100.0,2015-02-03T11:47:00
office-occupancy-sensor-001,22.2,27.643,100.0,2015-02-03T11:48:00
office-occupancy-sensor-001,22.2,27.7,100.0,2015-02-03T11:49:00
office-occupancy-sensor-001,22.2,27.6,100.0,2015-02-03T11:50:00
office-occupancy-sensor-001,22.2,27.517,100.0,2015-02-03T11:51:00
office-occupancy-sensor-001,22.2,27.5,100.0,2015-02-03T11:51:59
office-occupancy-sensor-001,22.2,27.54,100.0,2015-02-03T11:53:00
office-occupancy-sensor-001,22.2,27.567,100.0,2015-02-03T11:54:00
office-occupancy-sensor-001,22.2,27.52,100.0,2015-02-03T11:55:00
office-occupancy-sensor-001,22.2,27.58,100.0,2015-02-03T11:55:59
office-occupancy-sensor-001,22.2,27.6,100.0,2015-02-03T11:57:00
office-occupancy-sensor-001,22.2,27.56,100.0,2015-02-03T11:57:59
office-occupancy-sensor-001,22.2,27.5,100.0,2015-02-03T11:58:59
office-occupancy-sensor-001,22.254,27.56,100.0,2015-02-03T12:00:00
office-occupancy-sensor-001,22.222,27.575,100.0,2015-02-03T12:01:00
office-occupancy-sensor-001,22.245,27.583,100.0,2015-02-03T12:02:00
office-occupancy-sensor-001,22.254,27.54,100.0,2015-02-03T12:03:00
office-occupancy-sensor-001,22.29,27.55,100.0,2015-02-03T12:04:00
office-occupancy-sensor-001,22.29,27.5,100.0,2015-02-03T12:04:59
office-occupancy-sensor-001,22.272,27.5,100.0,2015-02-03T12:06:00
office-occupancy-sensor-001,22.29,27.482,100.0,2015-02-03T12:07:00
office-occupancy-sensor-001,22.29,27.5,100.0,2015-02-03T12:08:00
office-occupancy-sensor-001,22.29,27.445,100.0,2015-02-03T12:08:59
office-occupancy-sensor-001,22.29,27.456,100.0,2015-02-03T12:10:00
office-occupancy-sensor-001,22.29,27.37,100.0,2015-02-03T12:10:59
office-occupancy-sensor-001,22.29,27.357,100.0,2015-02-03T12:11:59
office-occupancy-sensor-001,22.307,27.39,100.0,2015-02-03T12:13:00
office-occupancy-sensor-001,22.33,27.37,100.0,2015-02-03T12:14:00
office-occupancy-sensor-001,22.35,27.33,100.0,2015-02-03T12:15:00
office-occupancy-sensor-001,22.39,27.29,100.0,2015-02-03T12:16:00
office-occupancy-sensor-001,22.39,27.29,100.0,2015-02-03T12:16:59
office-occupancy-sensor-001,22.39,27.254,100.0,2015-02-03T12:17:59
office-occupancy-sensor-001,22.39,27.29,100.0,2015-02-03T12:19:00
office-occupancy-sensor-001,22.39,27.268,100.0,2015-02-03T12:20:00
office-occupancy-sensor-001,22.39,27.2,100.0,2015-02-03T12:21:00
office-occupancy-sensor-001,22.39,27.14,100.0,2015-02-03T12:22:00
office-occupancy-sensor-001,22.434,27.04,100.0,2015-02-03T12:23:00
office-occupancy-sensor-001,22.427,27.033,100.0,2015-02-03T12:23:59
office-occupancy-sensor-001,22.427,27.033,100.0,2015-02-03T12:24:59
office-occupancy-sensor-001,22.427,26.982,100.0,2015-02-03T12:26:00
office-occupancy-sensor-001,22.5,27.0,100.0,2015-02-03T12:27:00
office-occupancy-sensor-001,22.5,27.0,100.0,2015-02-03T12:28:00
office-occupancy-sensor-001,22.5,26.963,100.0,2015-02-03T12:29:00
office-occupancy-sensor-001,22.5,26.89,100.0,2015-02-03T12:29:59
office-occupancy-sensor-001,22.58,26.81,100.0,2015-02-03T12:30:59
office-occupancy-sensor-001,22.575,26.79,100.0,2015-02-03T12:32:00
office-occupancy-sensor-001,22.6,26.79,100.0,2015-02-03T12:33:00
office-occupancy-sensor-001,22.6,26.79,100.0,2015-02-03T12:34:00
office-occupancy-sensor-001,22.6,26.722,100.0,2015-02-03T12:35:00
office-occupancy-sensor-001,22.667,26.713,100.0,2015-02-03T12:36:00
office-occupancy-sensor-001,22.675,26.675,100.0,2015-02-03T12:36:59
office-occupancy-sensor-001,22.7,26.7,100.0,2015-02-03T12:38:00
office-occupancy-sensor-001,22.7,26.683,100.0,2015-02-03T12:39:00
office-occupancy-sensor-001,22.722,26.6,100.0,2015-02-03T12:40:00
office-occupancy-sensor-001,22.745,26.6,100.0,2015-02-03T12:40:59
office-occupancy-sensor-001,22.745,26.55,100.0,2015-02-03T12:42:00
office-occupancy-sensor-001,22.79,26.517,100.0,2015-02-03T12:42:59
office-occupancy-sensor-001,22.79,26.6,100.0,2015-02-03T12:43:59
office-occupancy-sensor-001,22.79,26.525,100.0,2015-02-03T12:45:00
office-occupancy-sensor-001,22.84,26.5,100.0,2015-02-03T12:46:00
office-occupancy-sensor-001,22.87,26.456,100.0,2015-02-03T12:47:00
office-occupancy-sensor-001,22.89,26.445,100.0,2015-02-03T12:48:00
office-occupancy-sensor-001,22.89,26.39,100.0,2015-02-03T12:49:00
office-occupancy-sensor-001,22.908,26.39,100.0,2015-02-03T12:49:59
office-occupancy-sensor-001,22.956,26.39,100.0,2015-02-03T12:51:00
office-occupancy-sensor-001,22.963,26.29,100.0,2015-02-03T12:52:00
office-occupancy-sensor-001,23.0,26.29,100.0,2015-02-03T12:53:00
office-occupancy-sensor-001,22.956,26.236,100.0,2015-02-03T12:53:59
office-occupancy-sensor-001,23.0,26.2,100.0,2015-02-03T12:55:00
office-occupancy-sensor-001,23.0,26.2,100.0,2015-02-03T12:55:59
office-occupancy-sensor-001,23.02,26.16,100.0,2015-02-03T12:56:59
office-occupancy-sensor-001,23.025,26.125,100.0,2015-02-03T12:58:00
office-occupancy-sensor-001,23.05,26.083,100.0,2015-02-03T12:59:00
office-occupancy-sensor-001,23.1,26.0,100.0,2015-02-03T13:00:00
office-occupancy-sensor-001,23.1,26.0,100.0,2015-02-03T13:01:00
office-occupancy-sensor-001,23.1,26.0,100.0,2015-02-03T13:01:59
office-occupancy-sensor-001,23.14,26.0,100.0,2015-02-03T13:02:59
office-occupancy-sensor-001,23.18,26.0,100.0,2015-02-03T13:04:00
office-occupancy-sensor-001,23.2,26.0,100.0,2015-02-03T13:05:00
office-occupancy-sensor-001,23.2,26.0,100.0,2015-02-03T13:06:00
office-occupancy-sensor-001,23.2,25.945,100.0,2015-02-03T13:07:00
office-occupancy-sensor-001,23.222,25.918,100.0,2015-02-03T13:08:00
office-occupancy-sensor-001,23.222,25.815,100.0,2015-02-03T13:08:59
office-occupancy-sensor-001,23.26,25.857,100.0,2015-02-03T13:09:59
office-occupancy-sensor-001,23.29,25.978,100.0,2015-02-03T13:11:00
office-occupancy-sensor-001,23.272,25.87,100.0,2015-02-03T13:12:00
office-occupancy-sensor-001,23.29,25.89,100.0,2015-02-03T13:13:00
office-occupancy-sensor-001,23.268,25.865,100.0,2015-02-03T13:14:00
office-occupancy-sensor-001,23.29,25.89,100.0,2015-02-03T13:14:59
office-occupancy-sensor-001,23.245,25.825,100.0,2015-02-03T13:15:59
office-occupancy-sensor-001,23.254,25.85,100.0,2015-02-03T13:17:00
office-occupancy-sensor-001,23.26,25.793,100.0,2015-02-03T13:18:00
office-occupancy-sensor-001,23.272,25.772,100.0,2015-02-03T13:19:00
office-occupancy-sensor-001,23.245,25.715,100.0,2015-02-03T13:20:00
office-occupancy-sensor-001,23.29,25.722,100.0,2015-02-03T13:21:00
office-occupancy-sensor-001,23.245,25.7,100.0,2015-02-03T13:21:59
office-occupancy-sensor-001,23.215,25.683,100.0,2015-02-03T13:23:00
office-occupancy-sensor-001,23.215,25.683,100.0,2015-02-03T13:24:00
office-occupancy-sensor-001,23.2,25.6,100.0,2015-02-03T13:25:00
office-occupancy-sensor-001,23.2,25.6,100.0,2015-02-03T13:25:59
office-occupancy-sensor-001,23.2,25.58,100.0,2015-02-03T13:27:00
office-occupancy-sensor-001,23.2,25.55,100.0,2015-02-03T13:27:59
office-occupancy-sensor-001,23.2,25.55,100.0,2015-02-03T13:28:59
office-occupancy-sensor-001,23.2,25.5,100.0,2015-02-03T13:30:00
office-occupancy-sensor-001,23.2,25.5,100.0,2015-02-03T13:31:00
office-occupancy-sensor-001,23.186,25.529,100.0,2015-02-03T13:32:00
office-occupancy-sensor-001,23.2,25.7,100.0,2015-02-03T13:33:00
office-occupancy-sensor-001,23.2,25.792,100.0,2015-02-03T13:34:00
office-occupancy-sensor-001,23.2,25.65,100.0,2015-02-03T13:34:59
office-occupancy-sensor-001,23.2,25.533,100.0,2015-02-03T13:36:00
office-occupancy-sensor-001,23.2,25.5,100.0,2015-02-03T13:37:00
office-occupancy-sensor-001,23.2,25.517,100.0,2015-02-03T13:38:00
office-occupancy-sensor-001,23.2,25.722,100.0,2015-02-03T13:38:59
office-occupancy-sensor-001,23.2,25.54,100.0,2015-02-03T13:40:00
office-occupancy-sensor-001,23.183,25.517,100.0,2015-02-03T13:40:59
office-occupancy-sensor-001,23.15,25.5,100.0,2015-02-03T13:41:59
office-occupancy-sensor-001,23.2,25.5,100.0,2015-02-03T13:43:00
office-occupancy-sensor-001,23.2,25.5,100.0,2015-02-03T13:44:00
office-occupancy-sensor-001,23.18,25.5,100.0,2015-02-03T13:45:00
office-occupancy-sensor-001,23.2,25.525,100.0,2015-02-03T13:46:00
office-occupancy-sensor-001,23.2,25.58,100.0,2015-02-03T13:46:59
office-occupancy-sensor-001,23.175,25.6,100.0,2015-02-03T13:47:59
office-occupancy-sensor-001,23.183,25.7,100.0,2015-02-03T13:49:00
office-occupancy-sensor-001,23.2,25.68,100.0,2015-02-03T13:50:00
office-occupancy-sensor-001,23.2,25.7,100.0,2015-02-03T13:51:00
office-occupancy-sensor-001,23.218,25.7,100.0,2015-02-03T13:52:00
office-occupancy-sensor-001,23.23,25.715,100.0,2015-02-03T13:53:00
office-occupancy-sensor-001,23.254,25.68,100.0,2015-02-03T13:53:59
office-occupancy-sensor-001,23.268,25.722,100.0,2015-02-03T13:54:59
office-occupancy-sensor-001,23.272,25.772,100.0,2015-02-03T13:56:00
office-occupancy-sensor-001,23.29,25.79,100.0,2015-02-03T13:57:00
office-occupancy-sensor-001,23.29,25.79,100.0,2015-02-03T13:58:00
office-occupancy-sensor-001,23.29,25.79,100.0,2015-02-03T13:59:00
office-occupancy-sensor-001,23.29,25.79,100.0,2015-02-03T13:59:59
office-occupancy-sensor-001,23.29,25.79,100.0,2015-02-03T14:00:59
office-occupancy-sensor-001,23.29,25.79,100.0,2015-02-03T14:02:00
office-occupancy-sensor-001,23.29,25.79,100.0,2015-02-03T14:03:00
office-occupancy-sensor-001,23.29,25.768,100.0,2015-02-03T14:04:00
office-occupancy-sensor-001,23.29,25.754,100.0,2015-02-03T14:05:00
office-occupancy-sensor-001,23.29,25.793,100.0,2015-02-03T14:06:00
office-occupancy-sensor-001,23.29,26.16,100.0,2015-02-03T14:06:59
office-occupancy-sensor-001,23.29,25.89,100.0,2015-02-03T14:08:00
office-occupancy-sensor-001,23.29,25.89,100.0,2015-02-03T14:09:00
office-occupancy-sensor-001,23.29,26.059,100.0,2015-02-03T14:10:00
office-occupancy-sensor-001,23.29,26.228,100.0,2015-02-03T14:10:59
office-occupancy-sensor-001,23.29,26.456,100.0,2015-02-03T14:12:00
office-occupancy-sensor-001,23.29,26.575,100.0,2015-02-03T14:12:59
office-occupancy-sensor-001,23.29,26.62,100.0,2015-02-03T14:13:59
office-occupancy-sensor-001,23.29,26.754,100.0,2015-02-03T14:15:00
office-occupancy-sensor-001,23.29,26.79,100.0,2015-02-03T14:16:00
office-occupancy-sensor-001,23.29,26.87,100.0,2015-02-03T14:17:00
office-occupancy-sensor-001,23.33,26.956,100.0,2015-02-03T14:18:00
office-occupancy-sensor-001,23.29,27.0,100.0,2015-02-03T14:19:00
office-occupancy-sensor-001,23.35,27.08,100.0,2015-02-03T14:19:59
office-occupancy-sensor-001,23.315,27.1,100.0,2015-02-03T14:21:00
office-occupancy-sensor-001,23.29,27.14,100.0,2015-02-03T14:22:00
office-occupancy-sensor-001,23.29,27.26,100.0,2015-02-03T14:23:00
office-occupancy-sensor-001,23.29,27.408,100.0,2015-02-03T14:23:59
office-occupancy-sensor-001,23.29,27.418,100.0,2015-02-03T14:25:00
office-occupancy-sensor-001,23.29,27.5,100.0,2015-02-03T14:25:59
office-occupancy-sensor-001,23.29,27.5,100.0,2015-02-03T14:26:59
office-occupancy-sensor-001,23.319,27.586,100.0,2015-02-03T14:28:00
office-occupancy-sensor-001,23.29,27.65,100.0,2015-02-03T14:29:00
office-occupancy-sensor-001,23.29,27.772,100.0,2015-02-03T14:30:00
office-occupancy-sensor-001,23.29,27.7,100.0,2015-02-03T14:31:00
office-occupancy-sensor-001,23.29,27.79,100.0,2015-02-03T14:31:59
office-occupancy-sensor-001,23.33,27.874,100.0,2015-02-03T14:32:59
office-occupancy-sensor-001,23.29,27.918,100.0,2015-02-03T14:34:00
office-occupancy-sensor-001,23.29,27.963,100.0,2015-02-03T14:35:00
office-occupancy-sensor-001,23.304,28.014,100.0,2015-02-03T14:36:00
office-occupancy-sensor-001,23.323,28.1,100.0,2015-02-03T14:37:00
office-occupancy-sensor-001,23.29,28.1,100.0,2015-02-03T14:38:00
office-occupancy-sensor-001,23.29,28.236,100.0,2015-02-03T14:38:59
office-occupancy-sensor-001,23.29,28.35,100.0,2015-02-03T14:39:59
office-occupancy-sensor-001,23.29,28.39,100.0,2015-02-03T14:41:00
office-occupancy-sensor-001,23.29,28.533,100.0,2015-02-03T14:42:00
office-occupancy-sensor-001,23.29,28.575,100.0,2015-02-03T14:43:00
office-occupancy-sensor-001,23.29,28.6,100.0,2015-02-03T14:44:00
office-occupancy-sensor-001,23.29,28.683,100.0,2015-02-03T14:44:59
office-occupancy-sensor-001,23.29,28.772,100.0,2015-02-03T14:45:59
office-occupancy-sensor-001,23.29,28.79,100.0,2015-02-03T14:47:00
office-occupancy-sensor-001,23.29,28.89,100.0,2015-02-03T14:48:00
office-occupancy-sensor-001,23.254,28.912,100.0,2015-02-03T14:49:00
office-occupancy-sensor-001,23.245,28.92,100.0,2015-02-03T14:50:00
office-occupancy-sensor-001,23.236,28.978,100.0,2015-02-03T14:51:00
office-occupancy-sensor-001,23.2,29.05,100.0,2015-02-03T14:51:59
office-occupancy-sensor-001,23.222,29.15,100.0,2015-02-03T14:53:00
office-occupancy-sensor-001,23.2,29.2,100.0,2015-02-03T14:54:00
office-occupancy-sensor-001,23.2,29.2,100.0,2015-02-03T14:55:00
office-occupancy-sensor-001,23.2,29.2,100.0,2015-02-03T14:55:59
office-occupancy-sensor-001,23.2,29.254,100.0,2015-02-03T14:57:00
office-occupancy-sensor-001,23.2,29.33,100.0,2015-02-03T14:57:59
office-occupancy-sensor-001,23.2,29.357,100.0,2015-02-03T14:58:59
office-occupancy-sensor-001,23.14,29.456,100.0,2015-02-03T15:00:00
office-occupancy-sensor-001,23.125,29.472,100.0,2015-02-03T15:01:00
office-occupancy-sensor-001,23.1,29.5,100.0,2015-02-03T15:02:00
office-occupancy-sensor-001,23.1,29.55,100.0,2015-02-03T15:03:00
office-occupancy-sensor-001,23.1,29.6,100.0,2015-02-03T15:04:00
office-occupancy-sensor-001,23.1,29.62,100.0,2015-02-03T15:04:59
office-occupancy-sensor-001,23.1,29.7,100.0,2015-02-03T15:06:00
office-occupancy-sensor-001,23.1,29.745,100.0,2015-02-03T15:07:00
office-occupancy-sensor-001,23.1,29.84,100.0,2015-02-03T15:08:00
office-occupancy-sensor-001,23.1,29.84,100.0,2015-02-03T15:08:59
office-occupancy-sensor-001,23.086,29.89,100.0,2015-02-03T15:10:00
office-occupancy-sensor-001,23.067,29.857,100.0,2015-02-03T15:10:59
office-occupancy-sensor-001,23.025,29.918,100.0,2015-02-03T15:11:59
office-occupancy-sensor-001,23.017,29.963,100.0,2015-02-03T15:13:00
office-occupancy-sensor-001,23.0,30.0,100.0,2015-02-03T15:14:00
office-occupancy-sensor-001,23.0,30.0,100.0,2015-02-03T15:15:00
office-occupancy-sensor-001,23.0,30.0,100.0,2015-02-03T15:16:00
office-occupancy-sensor-001,23.0,30.017,100.0,2015-02-03T15:16:59
office-occupancy-sensor-001,23.0,30.06,100.0,2015-02-03T15:17:59
office-occupancy-sensor-001,23.0,30.075,100.0,2015-02-03T15:19:00
office-occupancy-sensor-001,23.0,30.12,100.0,2015-02-03T15:20:00
office-occupancy-sensor-001,23.0,30.15,100.0,2015-02-03T15:21:00
office-occupancy-sensor-001,23.0,30.23,100.0,2015-02-03T15:22:00
office-occupancy-sensor-001,23.0,30.29,100.0,2015-02-03T15:23:00
office-occupancy-sensor-001,22.969,30.304,100.0,2015-02-03T15:23:59
office-occupancy-sensor-001,22.918,30.29,100.0,2015-02-03T15:24:59
office-occupancy-sensor-001,22.912,30.29,100.0,2015-02-03T15:26:00
office-occupancy-sensor-001,22.908,30.307,100.0,2015-02-03T15:27:00
office-occupancy-sensor-001,22.89,30.34,100.0,2015-02-03T15:28:00
office-occupancy-sensor-001,22.945,30.39,100.0,2015-02-03T15:29:00
office-occupancy-sensor-001,22.927,30.373,100.0,2015-02-03T15:29:59
office-occupancy-sensor-001,22.963,30.39,100.0,2015-02-03T15:30:59
office-occupancy-sensor-001,22.937,30.391,100.0,2015-02-03T15:32:00
office-occupancy-sensor-001,22.934,30.456,100.0,2015-02-03T15:33:00
office-occupancy-sensor-001,22.918,30.5,100.0,2015-02-03T15:34:00
office-occupancy-sensor-001,22.937,30.406,100.0,2015-02-03T15:35:00
office-occupancy-sensor-001,22.956,30.412,100.0,2015-02-03T15:36:00
office-occupancy-sensor-001,22.89,30.445,100.0,2015-02-03T15:36:59
office-occupancy-sensor-001,22.934,30.6,100.0,2015-02-03T15:38:00
office-occupancy-sensor-001,22.908,30.6,100.0,2015-02-03T15:39:00
office-occupancy-sensor-001,22.89,30.68,100.0,2015-02-03T15:40:00
office-occupancy-sensor-001,22.945,30.7,100.0,2015-02-03T15:40:59
office-occupancy-sensor-001,22.89,30.675,100.0,2015-02-03T15:42:00
office-occupancy-sensor-001,22.89,30.675,100.0,2015-02-03T15:42:59
office-occupancy-sensor-001,22.89,30.745,100.0,2015-02-03T15:43:59
office-occupancy-sensor-001,22.89,30.79,100.0,2015-02-03T15:45:00
office-occupancy-sensor-001,22.89,30.754,100.0,2015-02-03T15:46:00
office-occupancy-sensor-001,22.89,30.79,100.0,2015-02-03T15:47:00
office-occupancy-sensor-001,22.89,30.79,100.0,2015-02-03T15:48:00
office-occupancy-sensor-001,22.89,30.79,100.0,2015-02-03T15:49:00
office-occupancy-sensor-001,22.912,30.79,100.0,2015-02-03T15:49:59
office-occupancy-sensor-001,22.89,30.89,100.0,2015-02-03T15:51:00
office-occupancy-sensor-001,22.89,30.865,100.0,2015-02-03T15:52:00
office-occupancy-sensor-001,22.89,30.89,100.0,2015-02-03T15:53:00
office-occupancy-sensor-001,22.89,30.89,100.0,2015-02-03T15:53:59
office-occupancy-sensor-001,22.89,30.89,100.0,2015-02-03T15:55:00
office-occupancy-sensor-001,22.89,30.85,100.0,2015-02-03T15:55:59
office-occupancy-sensor-001,22.89,30.79,100.0,2015-02-03T15:56:59
office-occupancy-sensor-001,22.89,30.79,100.0,2015-02-03T15:58:00
office-occupancy-sensor-001,22.89,30.857,100.0,2015-02-03T15:59:00
office-occupancy-sensor-001,22.89,30.857,100.0,2015-02-03T16:00:00
office-occupancy-sensor-001,22.89,30.83,100.0,2015-02-03T16:01:00
office-occupancy-sensor-001,22.89,30.865,100.0,2015-02-03T16:01:59
office-occupancy-sensor-001,22.89,30.89,100.0,2015-02-03T16:02:59
office-occupancy-sensor-001,22.89,30.89,100.0,2015-02-03T16:04:00
office-occupancy-sensor-001,22.89,30.89,100.0,2015-02-03T16:05:00
office-occupancy-sensor-001,22.865,30.84,100.0,2015-02-03T16:06:00
office-occupancy-sensor-001,22.89,30.89,100.0,2015-02-03T16:07:00
office-occupancy-sensor-001,22.84,30.84,100.0,2015-02-03T16:08:00
office-occupancy-sensor-001,22.79,30.81,100.0,2015-02-03T16:08:59
office-occupancy-sensor-001,22.79,30.84,100.0,2015-02-03T16:09:59
office-occupancy-sensor-001,22.79,30.83,100.0,2015-02-03T16:11:00
office-occupancy-sensor-001,22.79,30.89,100.0,2015-02-03T16:12:00
office-occupancy-sensor-001,22.79,30.89,100.0,2015-02-03T16:13:00
office-occupancy-sensor-001,22.79,30.918,100.0,2015-02-03T16:14:00
office-occupancy-sensor-001,22.79,30.89,100.0,2015-02-03T16:14:59
office-occupancy-sensor-001,22.79,30.89,100.0,2015-02-03T16:15:59
office-occupancy-sensor-001,22.79,30.89,100.0,2015-02-03T16:17:00
office-occupancy-sensor-001,22.79,30.89,100.0,2015-02-03T16:18:00
office-occupancy-sensor-001,22.79,30.934,100.0,2015-02-03T16:19:00
office-occupancy-sensor-001,22.79,30.89,100.0,2015-02-03T16:20:00
office-occupancy-sensor-001,22.79,31.0,100.0,2015-02-03T16:21:00
office-occupancy-sensor-001,22.79,31.0,100.0,2015-02-03T16:21:59
office-occupancy-sensor-001,22.772,31.02,100.0,2015-02-03T16:23:00
office-occupancy-sensor-001,22.79,31.05,100.0,2015-02-03T16:24:00
office-occupancy-sensor-001,22.768,31.125,100.0,2015-02-03T16:25:00
office-occupancy-sensor-001,22.79,31.083,100.0,2015-02-03T16:25:59
office-occupancy-sensor-001,22.79,31.075,100.0,2015-02-03T16:27:00
office-occupancy-sensor-001,22.79,31.114,100.0,2015-02-03T16:27:59
office-occupancy-sensor-001,22.745,31.15,100.0,2015-02-03T16:28:59
office-occupancy-sensor-001,22.772,31.2,100.0,2015-02-03T16:30:00
office-occupancy-sensor-001,22.79,31.2,100.0,2015-02-03T16:31:00
office-occupancy-sensor-001,22.745,31.2,100.0,2015-02-03T16:32:00
office-occupancy-sensor-001,22.722,31.2,100.0,2015-02-03T16:33:00
office-occupancy-sensor-001,22.745,31.29,100.0,2015-02-03T16:34:00
office-occupancy-sensor-001,22.73,31.167,100.0,2015-02-03T16:34:59
office-occupancy-sensor-001,22.73,31.213,100.0,2015-02-03T16:36:00
office-occupancy-sensor-001,22.7,31.1,100.0,2015-02-03T16:37:00
office-occupancy-sensor-001,22.7,31.12,100.0,2015-02-03T16:38:00
office-occupancy-sensor-001,22.715,31.2,100.0,2015-02-03T16:38:59
office-occupancy-sensor-001,22.7,31.167,100.0,2015-02-03T16:40:00
office-occupancy-sensor-001,22.715,31.2,100.0,2015-02-03T16:40:59
office-occupancy-sensor-001,22.715,31.2,100.0,2015-02-03T16:41:59
office-occupancy-sensor-001,22.7,31.2,100.0,2015-02-03T16:43:00
office-occupancy-sensor-001,22.745,31.222,100.0,2015-02-03T16:44:00
office-occupancy-sensor-001,22.7,31.272,100.0,2015-02-03T16:45:00
office-occupancy-sensor-001,22.7,31.245,100.0,2015-02-03T16:46:00
office-occupancy-sensor-001,22.7,31.268,100.0,2015-02-03T16:46:59
office-occupancy-sensor-001,22.7,31.29,100.0,2015-02-03T16:47:59
office-occupancy-sensor-001,22.7,31.29,100.0,2015-02-03T16:49:00
office-occupancy-sensor-001,22.7,31.29,100.0,2015-02-03T16:50:00
office-occupancy-sensor-001,22.7,31.29,100.0,2015-02-03T16:51:00
office-occupancy-sensor-001,22.7,31.29,100.0,2015-02-03T16:52:00
office-occupancy-sensor-001,22.7,31.29,100.0,2015-02-03T16:53:00
office-occupancy-sensor-001,22.7,31.29,100.0,2015-02-03T16:53:59
office-occupancy-sensor-001,22.7,31.376,100.0,2015-02-03T16:54:59
office-occupancy-sensor-001,22.7,31.39,100.0,2015-02-03T16:56:00
office-occupancy-sensor-001,22.7,31.39,100.0,2015-02-03T16:57:00
office-occupancy-sensor-001,22.7,31.37,100.0,2015-02-03T16:58:00
office-occupancy-sensor-001,22.7,31.418,100.0,2015-02-03T16:59:00
office-occupancy-sensor-001,22.7,31.39,100.0,2015-02-03T16:59:59
office-occupancy-sensor-001,22.722,31.365,100.0,2015-02-03T17:00:59
office-occupancy-sensor-001,22.7,31.418,100.0,2015-02-03T17:02:00
office-occupancy-sensor-001,22.7,31.472,100.0,2015-02-03T17:03:00
office-occupancy-sensor-001,22.7,31.379,100.0,2015-02-03T17:04:00
office-occupancy-sensor-001,22.7,31.29,100.0,2015-02-03T17:05:00
office-occupancy-sensor-001,22.7,31.29,100.0,2015-02-03T17:06:00
office-occupancy-sensor-001,22.7,31.29,100.0,2015-02-03T17:06:59
office-occupancy-sensor-001,22.7,31.236,100.0,2015-02-03T17:08:00
office-occupancy-sensor-001,22.722,31.315,100.0,2015-02-03T17:09:00
office-occupancy-sensor-001,22.7,31.27,100.0,2015-02-03T17:10:00
office-occupancy-sensor-001,22.7,31.275,100.0,2015-02-03T17:10:59
office-occupancy-sensor-001,22.7,31.18,100.0,2015-02-03T17:12:00
office-occupancy-sensor-001,22.7,31.2,100.0,2015-02-03T17:12:59
office-occupancy-sensor-001,22.7,31.15,100.0,2015-02-03T17:13:59
office-occupancy-sensor-001,22.7,31.2,100.0,2015-02-03T17:15:00
office-occupancy-sensor-001,22.7,31.2,100.0,2015-02-03T17:16:00
office-occupancy-sensor-001,22.7,31.1,100.0,2015-02-03T17:17:00
office-occupancy-sensor-001,22.7,31.1,100.0,2015-02-03T17:18:00
office-occupancy-sensor-001,22.7,31.1,100.0,2015-02-03T17:19:00
office-occupancy-sensor-001,22.7,31.05,100.0,2015-02-03T17:19:59
office-occupancy-sensor-001,22.7,31.1,100.0,2015-02-03T17:21:00
office-occupancy-sensor-001,22.7,31.1,100.0,2015-02-03T17:22:00
office-occupancy-sensor-001,22.7,31.017,100.0,2015-02-03T17:23:00
office-occupancy-sensor-001,22.7,31.05,100.0,2015-02-03T17:23:59
office-occupancy-sensor-001,22.722,30.972,100.0,2015-02-03T17:25:00
office-occupancy-sensor-001,22.736,30.934,100.0,2015-02-03T17:25:59
office-occupancy-sensor-001,22.768,31.0,100.0,2015-02-03T17:26:59
office-occupancy-sensor-001,22.73,31.0,100.0,2015-02-03T17:28:00
office-occupancy-sensor-001,22.718,31.0,100.0,2015-02-03T17:29:00
office-occupancy-sensor-001,22.7,31.0,100.0,2015-02-03T17:30:00
office-occupancy-sensor-001,22.7,30.912,100.0,2015-02-03T17:31:00
office-occupancy-sensor-001,22.7,30.945,100.0,2015-02-03T17:31:59
office-occupancy-sensor-001,22.7,30.956,100.0,2015-02-03T17:32:59
office-occupancy-sensor-001,22.7,30.972,100.0,2015-02-03T17:34:00
office-occupancy-sensor-001,22.7,30.89,100.0,2015-02-03T17:35:00
office-occupancy-sensor-001,22.7,30.873,100.0,2015-02-03T17:36:00
office-occupancy-sensor-001,22.66,30.83,100.0,2015-02-03T17:37:00
office-occupancy-sensor-001,22.68,30.87,100.0,2015-02-03T17:38:00
office-occupancy-sensor-001,22.7,30.89,100.0,2015-02-03T17:38:59
office-occupancy-sensor-001,22.7,30.79,100.0,2015-02-03T17:39:59
office-occupancy-sensor-001,22.675,30.722,100.0,2015-02-03T17:41:00
office-occupancy-sensor-001,22.675,30.745,100.0,2015-02-03T17:42:00
office-occupancy-sensor-001,22.7,30.768,100.0,2015-02-03T17:43:00
office-occupancy-sensor-001,22.675,30.722,100.0,2015-02-03T17:44:00
office-occupancy-sensor-001,22.7,30.7,100.0,2015-02-03T17:44:59
office-occupancy-sensor-001,22.65,30.65,100.0,2015-02-03T17:45:59
office-occupancy-sensor-001,22.7,30.675,100.0,2015-02-03T17:47:00
office-occupancy-sensor-001,22.6,30.583,100.0,2015-02-03T17:48:00
office-occupancy-sensor-001,22.6,30.575,100.0,2015-02-03T17:49:00
office-occupancy-sensor-001,22.6,30.6,100.0,2015-02-03T17:50:00
office-occupancy-sensor-001,22.6,30.6,100.0,2015-02-03T17:51:00
office-occupancy-sensor-001,22.6,30.55,100.0,2015-02-03T17:51:59
office-occupancy-sensor-001,22.6,30.58,100.0,2015-02-03T17:53:00
office-occupancy-sensor-001,22.6,30.567,100.0,2015-02-03T17:54:00
office-occupancy-sensor-001,22.6,30.472,100.0,2015-02-03T17:55:00
office-occupancy-sensor-001,22.6,30.445,100.0,2015-02-03T17:55:59
office-occupancy-sensor-001,22.6,30.472,100.0,2015-02-03T17:57:00
office-occupancy-sensor-001,22.6,30.37,100.0,2015-02-03T17:57:59
office-occupancy-sensor-001,22.6,30.315,100.0,2015-02-03T17:58:59
office-occupancy-sensor-001,22.6,30.365,100.0,2015-02-03T18:00:00
office-occupancy-sensor-001,22.6,30.275,100.0,2015-02-03T18:01:00
office-occupancy-sensor-001,22.6,30.245,100.0,2015-02-03T18:02:00
office-occupancy-sensor-001,22.6,30.254,100.0,2015-02-03T18:03:00
office-occupancy-sensor-001,22.6,30.18,100.0,2015-02-03T18:04:00
office-occupancy-sensor-001,22.6,30.167,100.0,2015-02-03T18:04:59
office-occupancy-sensor-001,22.6,30.1,100.0,2015-02-03T18:06:00
office-occupancy-sensor-001,22.6,30.14,100.0,2015-02-03T18:07:00
office-occupancy-sensor-001,22.6,30.1,100.0,2015-02-03T18:08:00
office-occupancy-sensor-001,22.6,30.1,100.0,2015-02-03T18:08:59
office-occupancy-sensor-001,22.6,30.1,100.0,2015-02-03T18:10:00
office-occupancy-sensor-001,22.6,30.182,100.0,2015-02-03T18:10:59
office-occupancy-sensor-001,22.6,30.1,100.0,2015-02-03T18:11:59
office-occupancy-sensor-001,22.6,30.122,100.0,2015-02-03T18:13:00
office-occupancy-sensor-001,22.575,30.05,100.0,2015-02-03T18:14:00
office-occupancy-sensor-001,22.5,30.1,100.0,2015-02-03T18:15:00
office-occupancy-sensor-001,22.5,30.1,100.0,2015-02-03T18:16:00
office-occupancy-sensor-001,22.5,30.1,100.0,2015-02-03T18:16:59
office-occupancy-sensor-001,22.445,30.1,100.0,2015-02-03T18:17:59
office-occupancy-sensor-001,22.39,30.075,100.0,2015-02-03T18:19:00
office-occupancy-sensor-001,22.39,30.1,100.0,2015-02-03T18:20:00
office-occupancy-sensor-001,22.39,30.05,100.0,2015-02-03T18:21:00
office-occupancy-sensor-001,22.365,30.075,100.0,2015-02-03T18:22:00
office-occupancy-sensor-001,22.357,30.1,100.0,2015-02-03T18:23:00
office-occupancy-sensor-001,22.29,30.0,100.0,2015-02-03T18:23:59
office-occupancy-sensor-001,22.268,29.945,100.0,2015-02-03T18:24:59
office-occupancy-sensor-001,22.245,29.972,100.0,2015-02-03T18:26:00
office-occupancy-sensor-001,22.2,29.815,100.0,2015-02-03T18:27:00
office-occupancy-sensor-001,22.2,29.84,100.0,2015-02-03T18:28:00
office-occupancy-sensor-001,22.2,29.857,100.0,2015-02-03T18:29:00
office-occupancy-sensor-001,22.125,29.79,100.0,2015-02-03T18:29:59
office-occupancy-sensor-001,22.1,29.79,100.0,2015-02-03T18:30:59
office-occupancy-sensor-001,22.1,29.745,100.0,2015-02-03T18:32:00
office-occupancy-sensor-001,22.1,29.7,100.0,2015-02-03T18:33:00
office-occupancy-sensor-001,22.1,29.6,100.0,2015-02-03T18:34:00
office-occupancy-sensor-001,22.025,29.525,100.0,2015-02-03T18:35:00
office-occupancy-sensor-001,22.0,29.463,100.0,2015-02-03T18:36:00
office-occupancy-sensor-001,22.0,29.39,100.0,2015-02-03T18:36:59
office-occupancy-sensor-001,22.0,29.39,100.0,2015-02-03T18:38:00
office-occupancy-sensor-001,21.918,29.29,100.0,2015-02-03T18:39:00
office-occupancy-sensor-001,21.89,29.268,100.0,2015-02-03T18:40:00
office-occupancy-sensor-001,21.963,29.2,100.0,2015-02-03T18:40:59
office-occupancy-sensor-001,21.89,29.2,100.0,2015-02-03T18:42:00
office-occupancy-sensor-001,21.89,29.2,100.0,2015-02-03T18:42:59
office-occupancy-sensor-001,21.89,29.2,100.0,2015-02-03T18:43:59
office-occupancy-sensor-001,21.89,29.16,100.0,2015-02-03T18:45:00
office-occupancy-sensor-001,21.89,29.2,100.0,2015-02-03T18:46:00
office-occupancy-sensor-001,21.89,29.2,100.0,2015-02-03T18:47:00
office-occupancy-sensor-001,21.79,29.0,100.0,2015-02-03T18:48:00
office-occupancy-sensor-001,21.81,29.0,100.0,2015-02-03T18:49:00
office-occupancy-sensor-001,21.815,29.0,100.0,2015-02-03T18:49:59
office-occupancy-sensor-001,21.79,28.972,100.0,2015-02-03T18:51:00
office-occupancy-sensor-001,21.79,28.89,100.0,2015-02-03T18:52:00
office-occupancy-sensor-001,21.722,28.89,100.0,2015-02-03T18:53:00
office-occupancy-sensor-001,21.7,28.89,100.0,2015-02-03T18:53:59
office-occupancy-sensor-001,21.7,28.89,100.0,2015-02-03T18:55:00
office-occupancy-sensor-001,21.7,28.865,100.0,2015-02-03T18:55:59
office-occupancy-sensor-001,21.7,28.865,100.0,2015-02-03T18:56:59
office-occupancy-sensor-001,21.7,28.89,100.0,2015-02-03T18:58:00
office-occupancy-sensor-001,21.7,28.79,100.0,2015-02-03T18:59:00
office-occupancy-sensor-001,21.7,28.815,100.0,2015-02-03T19:00:00
office-occupancy-sensor-001,21.675,28.79,100.0,2015-02-03T19:01:00
office-occupancy-sensor-001,21.675,28.768,100.0,2015-02-03T19:01:59
office-occupancy-sensor-001,21.633,28.73,100.0,2015-02-03T19:02:59
office-occupancy-sensor-001,21.6,28.65,100.0,2015-02-03T19:04:00
office-occupancy-sensor-001,21.6,28.675,100.0,2015-02-03T19:05:00
office-occupancy-sensor-001,21.6,28.633,100.0,2015-02-03T19:06:00
office-occupancy-sensor-001,21.6,28.6,100.0,2015-02-03T19:07:00
office-occupancy-sensor-001,21.6,28.6,100.0,2015-02-03T19:08:00
office-occupancy-sensor-001,21.6,28.56,100.0,2015-02-03T19:08:59
office-occupancy-sensor-001,21.6,28.5,100.0,2015-02-03T19:09:59
office-occupancy-sensor-001,21.6,28.5,100.0,2015-02-03T19:11:00
office-occupancy-sensor-001,21.6,28.5,100.0,2015-02-03T19:12:00
office-occupancy-sensor-001,21.6,28.5,100.0,2015-02-03T19:13:00
office-occupancy-sensor-001,21.6,28.478,100.0,2015-02-03T19:14:00
office-occupancy-sensor-001,21.6,28.472,100.0,2015-02-03T19:14:59
office-occupancy-sensor-001,21.6,28.39,100.0,2015-02-03T19:15:59
office-occupancy-sensor-001,21.6,28.39,100.0,2015-02-03T19:17:00
office-occupancy-sensor-001,21.58,28.35,100.0,2015-02-03T19:18:00
office-occupancy-sensor-001,21.6,28.29,100.0,2015-02-03T19:19:00
office-occupancy-sensor-001,21.56,28.29,100.0,2015-02-03T19:20:00
office-occupancy-sensor-001,21.533,28.29,100.0,2015-02-03T19:21:00
office-occupancy-sensor-001,21.5,28.29,100.0,2015-02-03T19:21:59
office-occupancy-sensor-001,21.5,28.268,100.0,2015-02-03T19:23:00
office-occupancy-sensor-001,21.5,28.23,100.0,2015-02-03T19:24:00
office-occupancy-sensor-001,21.5,28.26,100.0,2015-02-03T19:25:00
office-occupancy-sensor-001,21.5,28.2,100.0,2015-02-03T19:25:59
office-occupancy-sensor-001,21.5,28.175,100.0,2015-02-03T19:27:00
office-occupancy-sensor-001,21.5,28.1,100.0,2015-02-03T19:27:59
office-occupancy-sensor-001,21.5,28.1,100.0,2015-02-03T19:28:59
office-occupancy-sensor-001,21.5,28.1,100.0,2015-02-03T19:30:00
office-occupancy-sensor-001,21.5,28.05,100.0,2015-02-03T19:31:00
office-occupancy-sensor-001,21.5,28.075,100.0,2015-02-03T19:32:00
office-occupancy-sensor-001,21.5,28.1,100.0,2015-02-03T19:33:00
office-occupancy-sensor-001,21.5,28.033,100.0,2015-02-03T19:34:00
office-occupancy-sensor-001,21.418,27.945,100.0,2015-02-03T19:34:59
office-occupancy-sensor-001,21.39,27.89,100.0,2015-02-03T19:36:00
office-occupancy-sensor-001,21.418,27.918,100.0,2015-02-03T19:37:00
office-occupancy-sensor-001,21.39,27.89,100.0,2015-02-03T19:38:00
office-occupancy-sensor-001,21.39,27.89,100.0,2015-02-03T19:38:59
office-occupancy-sensor-001,21.39,27.89,100.0,2015-02-03T19:40:00
office-occupancy-sensor-001,21.365,27.89,100.0,2015-02-03T19:40:59
office-occupancy-sensor-001,21.39,27.79,100.0,2015-02-03T19:41:59
office-occupancy-sensor-001,21.39,27.857,100.0,2015-02-03T19:43:00
office-occupancy-sensor-001,21.29,27.85,100.0,2015-02-03T19:44:00
office-occupancy-sensor-001,21.29,27.79,100.0,2015-02-03T19:45:00
office-occupancy-sensor-001,21.29,27.79,100.0,2015-02-03T19:46:00
office-occupancy-sensor-001,21.34,27.79,100.0,2015-02-03T19:46:59
office-occupancy-sensor-001,21.29,27.79,100.0,2015-02-03T19:47:59
office-occupancy-sensor-001,21.29,27.79,100.0,2015-02-03T19:49:00
office-occupancy-sensor-001,21.29,27.79,100.0,2015-02-03T19:50:00
office-occupancy-sensor-001,21.29,27.79,100.0,2015-02-03T19:51:00
office-occupancy-sensor-001,21.29,27.79,100.0,2015-02-03T19:52:00
office-occupancy-sensor-001,21.29,27.79,100.0,2015-02-03T19:53:00
office-occupancy-sensor-001,21.29,27.768,100.0,2015-02-03T19:53:59
office-occupancy-sensor-001,21.29,27.79,100.0,2015-02-03T19:54:59
office-occupancy-sensor-001,21.245,27.745,100.0,2015-02-03T19:56:00
office-occupancy-sensor-001,21.218,27.718,100.0,2015-02-03T19:57:00
office-occupancy-sensor-001,21.23,27.7,100.0,2015-02-03T19:58:00
office-occupancy-sensor-001,21.2,27.7,100.0,2015-02-03T19:59:00
office-occupancy-sensor-001,21.2,27.7,100.0,2015-02-03T19:59:59
office-occupancy-sensor-001,21.2,27.65,100.0,2015-02-03T20:00:59
office-occupancy-sensor-001,21.2,27.6,100.0,2015-02-03T20:02:00
office-occupancy-sensor-001,21.2,27.6,100.0,2015-02-03T20:03:00
office-occupancy-sensor-001,21.2,27.575,100.0,2015-02-03T20:04:00
office-occupancy-sensor-001,21.2,27.6,100.0,2015-02-03T20:05:00
office-occupancy-sensor-001,21.2,27.54,100.0,2015-02-03T20:06:00
office-occupancy-sensor-001,21.2,27.5,100.0,2015-02-03T20:06:59
office-occupancy-sensor-001,21.2,27.5,100.0,2015-02-03T20:08:00
office-occupancy-sensor-001,21.2,27.472,100.0,2015-02-03T20:09:00
office-occupancy-sensor-001,21.2,27.5,100.0,2015-02-03T20:10:00
office-occupancy-sensor-001,21.2,27.472,100.0,2015-02-03T20:10:59
office-occupancy-sensor-001,21.2,27.365,100.0,2015-02-03T20:12:00
office-occupancy-sensor-001,21.2,27.34,100.0,2015-02-03T20:12:59
office-occupancy-sensor-001,21.2,27.34,100.0,2015-02-03T20:13:59
office-occupancy-sensor-001,21.2,27.29,100.0,2015-02-03T20:15:00
office-occupancy-sensor-001,21.2,27.29,100.0,2015-02-03T20:16:00
office-occupancy-sensor-001,21.2,27.29,100.0,2015-02-03T20:17:00
office-occupancy-sensor-001,21.2,27.268,100.0,2015-02-03T20:18:00
office-occupancy-sensor-001,21.2,27.245,100.0,2015-02-03T20:19:00
office-occupancy-sensor-001,21.2,27.245,100.0,2015-02-03T20:19:59
office-occupancy-sensor-001,21.2,27.2,100.0,2015-02-03T20:21:00
office-occupancy-sensor-001,21.2,27.2,100.0,2015-02-03T20:22:00
office-occupancy-sensor-001,21.2,27.2,100.0,2015-02-03T20:23:00
office-occupancy-sensor-001,21.2,27.15,100.0,2015-02-03T20:23:59
office-occupancy-sensor-001,21.2,27.14,100.0,2015-02-03T20:25:00
office-occupancy-sensor-001,21.2,27.1,100.0,2015-02-03T20:25:59
office-occupancy-sensor-001,21.2,27.1,100.0,2015-02-03T20:26:59
office-occupancy-sensor-001,21.2,27.1,100.0,2015-02-03T20:28:00
office-occupancy-sensor-001,21.2,27.025,100.0,2015-02-03T20:29:00
office-occupancy-sensor-001,21.2,27.0,100.0,2015-02-03T20:30:00
office-occupancy-sensor-001,21.2,27.0,100.0,2015-02-03T20:31:00
office-occupancy-sensor-001,21.2,27.0,100.0,2015-02-03T20:31:59
office-occupancy-sensor-001,21.2,27.0,100.0,2015-02-03T20:32:59
office-occupancy-sensor-001,21.2,27.0,100.0,2015-02-03T20:34:00
office-occupancy-sensor-001,21.2,27.0,100.0,2015-02-03T20:35:00
office-occupancy-sensor-001,21.2,26.857,100.0,2015-02-03T20:36:00
office-occupancy-sensor-001,21.2,26.89,100.0,2015-02-03T20:37:00
office-occupancy-sensor-001,21.2,26.89,100.0,2015-02-03T20:38:00
office-occupancy-sensor-001,21.2,26.89,100.0,2015-02-03T20:38:59
office-occupancy-sensor-001,21.2,26.815,100.0,2015-02-03T20:39:59
office-occupancy-sensor-001,21.2,26.79,100.0,2015-02-03T20:41:00
office-occupancy-sensor-001,21.167,26.79,100.0,2015-02-03T20:42:00
office-occupancy-sensor-001,21.2,26.79,100.0,2015-02-03T20:43:00
office-occupancy-sensor-001,21.16,26.79,100.0,2015-02-03T20:44:00
office-occupancy-sensor-001,21.2,26.79,100.0,2015-02-03T20:44:59
office-occupancy-sensor-001,21.15,26.79,100.0,2015-02-03T20:45:59
office-occupancy-sensor-001,21.175,26.79,100.0,2015-02-03T20:47:00
office-occupancy-sensor-001,21.125,26.79,100.0,2015-02-03T20:48:00
office-occupancy-sensor-001,21.2,26.745,100.0,2015-02-03T20:49:00
office-occupancy-sensor-001,21.15,26.7,100.0,2015-02-03T20:50:00
office-occupancy-sensor-001,21.1,26.7,100.0,2015-02-03T20:51:00
office-occupancy-sensor-001,21.125,26.675,100.0,2015-02-03T20:51:59
office-occupancy-sensor-001,21.125,26.6,100.0,2015-02-03T20:53:00
office-occupancy-sensor-001,21.125,26.625,100.0,2015-02-03T20:54:00
office-occupancy-sensor-001,21.1,26.625,100.0,2015-02-03T20:55:00
office-occupancy-sensor-001,21.1,26.6,100.0,2015-02-03T20:55:59
office-occupancy-sensor-001,21.1,26.6,100.0,2015-02-03T20:57:00
office-occupancy-sensor-001,21.1,26.6,100.0,2015-02-03T20:57:59
office-occupancy-sensor-001,21.1,26.6,100.0,2015-02-03T20:58:59
office-occupancy-sensor-001,21.1,26.6,100.0,2015-02-03T21:00:00
office-occupancy-sensor-001,21.1,26.6,100.0,2015-02-03T21:01:00
office-occupancy-sensor-001,21.1,26.6,100.0,2015-02-03T21:02:00
office-occupancy-sensor-001,21.1,26.6,100.0,2015-02-03T21:03:00
office-occupancy-sensor-001,21.1,26.575,100.0,2015-02-03T21:04:00
office-occupancy-sensor-001,21.1,26.55,100.0,2015-02-03T21:04:59
office-occupancy-sensor-001,21.1,26.5,100.0,2015-02-03T21:06:00
office-occupancy-sensor-001,21.1,26.5,100.0,2015-02-03T21:07:00
office-occupancy-sensor-001,21.075,26.472,100.0,2015-02-03T21:08:00
office-occupancy-sensor-001,21.1,26.5,100.0,2015-02-03T21:08:59
office-occupancy-sensor-001,21.06,26.412,100.0,2015-02-03T21:10:00
office-occupancy-sensor-001,21.067,26.463,100.0,2015-02-03T21:10:59
office-occupancy-sensor-001,21.08,26.478,100.0,2015-02-03T21:11:59
office-occupancy-sensor-001,21.075,26.39,100.0,2015-02-03T21:13:00
office-occupancy-sensor-001,21.075,26.418,100.0,2015-02-03T21:14:00
office-occupancy-sensor-001,21.05,26.39,100.0,2015-02-03T21:15:00
office-occupancy-sensor-001,21.075,26.418,100.0,2015-02-03T21:16:00
office-occupancy-sensor-001,21.0,26.29,100.0,2015-02-03T21:16:59
office-occupancy-sensor-001,21.0,26.29,100.0,2015-02-03T21:17:59
office-occupancy-sensor-001,21.033,26.323,100.0,2015-02-03T21:19:00
office-occupancy-sensor-001,21.025,26.315,100.0,2015-02-03T21:20:00
office-occupancy-sensor-001,21.05,26.34,100.0,2015-02-03T21:21:00
office-occupancy-sensor-001,21.025,26.315,100.0,2015-02-03T21:22:00
office-occupancy-sensor-001,21.025,26.315,100.0,2015-02-03T21:23:00
office-occupancy-sensor-001,21.05,26.29,100.0,2015-02-03T21:23:59
office-occupancy-sensor-001,21.0,26.268,100.0,2015-02-03T21:24:59
office-occupancy-sensor-001,21.0,26.26,100.0,2015-02-03T21:26:00
office-occupancy-sensor-001,21.0,26.29,100.0,2015-02-03T21:27:00
office-occupancy-sensor-001,21.0,26.236,100.0,2015-02-03T21:28:00
office-occupancy-sensor-001,21.0,26.268,100.0,2015-02-03T21:29:00
office-occupancy-sensor-001,21.0,26.2,100.0,2015-02-03T21:29:59
office-occupancy-sensor-001,21.0,26.2,100.0,2015-02-03T21:30:59
office-occupancy-sensor-001,21.0,26.2,100.0,2015-02-03T21:32:00
office-occupancy-sensor-001,21.0,26.2,100.0,2015-02-03T21:33:00
office-occupancy-sensor-001,21.0,26.167,100.0,2015-02-03T21:34:00
office-occupancy-sensor-001,21.0,26.125,100.0,2015-02-03T21:35:00
office-occupancy-sensor-001,21.0,26.125,100.0,2015-02-03T21:36:00
office-occupancy-sensor-001,21.0,26.1,100.0,2015-02-03T21:36:59
office-occupancy-sensor-001,21.0,26.15,100.0,2015-02-03T21:38:00
office-occupancy-sensor-001,21.0,26.1,100.0,2015-02-03T21:39:00
office-occupancy-sensor-001,21.0,26.1,100.0,2015-02-03T21:40:00
office-occupancy-sensor-001,21.0,26.1,100.0,2015-02-03T21:40:59
office-occupancy-sensor-001,21.0,26.1,100.0,2015-02-03T21:42:00
office-occupancy-sensor-001,21.0,26.1,100.0,2015-02-03T21:42:59
office-occupancy-sensor-001,21.0,26.0,100.0,2015-02-03T21:43:59
office-occupancy-sensor-001,21.0,26.0,100.0,2015-02-03T21:45:00
office-occupancy-sensor-001,21.0,26.0,100.0,2015-02-03T21:46:00
office-occupancy-sensor-001,21.0,26.0,100.0,2015-02-03T21:47:00
office-occupancy-sensor-001,21.0,26.0,100.0,2015-02-03T21:48:00
office-occupancy-sensor-001,21.0,26.0,100.0,2015-02-03T21:49:00
office-occupancy-sensor-001,21.0,26.0,100.0,2015-02-03T21:49:59
office-occupancy-sensor-001,21.0,26.0,100.0,2015-02-03T21:51:00
office-occupancy-sensor-001,21.0,25.956,100.0,2015-02-03T21:52:00
office-occupancy-sensor-001,21.0,26.0,100.0,2015-02-03T21:53:00
office-occupancy-sensor-001,21.0,26.0,100.0,2015-02-03T21:53:59
office-occupancy-sensor-001,21.0,25.934,100.0,2015-02-03T21:55:00
office-occupancy-sensor-001,21.0,25.89,100.0,2015-02-03T21:55:59
office-occupancy-sensor-001,21.0,25.89,100.0,2015-02-03T21:56:59
office-occupancy-sensor-001,20.963,25.89,100.0,2015-02-03T21:58:00
office-occupancy-sensor-001,21.0,25.89,100.0,2015-02-03T21:59:00
office-occupancy-sensor-001,21.0,25.89,100.0,2015-02-03T22:00:00
office-occupancy-sensor-001,21.0,25.89,100.0,2015-02-03T22:01:00
office-occupancy-sensor-001,20.945,25.89,100.0,2015-02-03T22:01:59
office-occupancy-sensor-001,20.963,25.89,100.0,2015-02-03T22:02:59
office-occupancy-sensor-001,20.972,25.815,100.0,2015-02-03T22:04:00
office-occupancy-sensor-001,21.0,25.815,100.0,2015-02-03T22:05:00
office-occupancy-sensor-001,21.0,25.815,100.0,2015-02-03T22:06:00
office-occupancy-sensor-001,20.978,25.83,100.0,2015-02-03T22:07:00
office-occupancy-sensor-001,20.963,25.79,100.0,2015-02-03T22:08:00
office-occupancy-sensor-001,20.927,25.79,100.0,2015-02-03T22:08:59
office-occupancy-sensor-001,20.945,25.79,100.0,2015-02-03T22:09:59
office-occupancy-sensor-001,20.945,25.79,100.0,2015-02-03T22:11:00
office-occupancy-sensor-001,20.89,25.79,100.0,2015-02-03T22:12:00
office-occupancy-sensor-001,20.918,25.745,100.0,2015-02-03T22:13:00
office-occupancy-sensor-001,20.89,25.722,100.0,2015-02-03T22:14:00
office-occupancy-sensor-001,20.963,25.7,100.0,2015-02-03T22:14:59
office-occupancy-sensor-001,20.89,25.7,100.0,2015-02-03T22:15:59
office-occupancy-sensor-001,20.912,25.7,100.0,2015-02-03T22:17:00
office-occupancy-sensor-001,20.89,25.7,100.0,2015-02-03T22:18:00
office-occupancy-sensor-001,20.89,25.7,100.0,2015-02-03T22:19:00
office-occupancy-sensor-001,20.89,25.7,100.0,2015-02-03T22:20:00
office-occupancy-sensor-001,20.89,25.7,100.0,2015-02-03T22:21:00
office-occupancy-sensor-001,20.89,25.7,100.0,2015-02-03T22:21:59
office-occupancy-sensor-001,20.918,25.7,100.0,2015-02-03T22:23:00
office-occupancy-sensor-001,20.89,25.7,100.0,2015-02-03T22:24:00
office-occupancy-sensor-001,20.89,25.7,100.0,2015-02-03T22:25:00
office-occupancy-sensor-001,20.89,25.7,100.0,2015-02-03T22:25:59
office-occupancy-sensor-001,20.89,25.7,100.0,2015-02-03T22:27:00
office-occupancy-sensor-001,20.89,25.7,100.0,2015-02-03T22:27:59
office-occupancy-sensor-001,20.89,25.6,100.0,2015-02-03T22:28:59
office-occupancy-sensor-001,20.865,25.575,100.0,2015-02-03T22:30:00
office-occupancy-sensor-001,20.89,25.6,100.0,2015-02-03T22:31:00
office-occupancy-sensor-001,20.89,25.6,100.0,2015-02-03T22:32:00
office-occupancy-sensor-001,20.87,25.58,100.0,2015-02-03T22:33:00
office-occupancy-sensor-001,20.89,25.6,100.0,2015-02-03T22:34:00
office-occupancy-sensor-001,20.89,25.6,100.0,2015-02-03T22:34:59
office-occupancy-sensor-001,20.89,25.525,100.0,2015-02-03T22:36:00
office-occupancy-sensor-001,20.89,25.525,100.0,2015-02-03T22:37:00
office-occupancy-sensor-001,20.89,25.5,100.0,2015-02-03T22:38:00
office-occupancy-sensor-001,20.89,25.5,100.0,2015-02-03T22:38:59
office-occupancy-sensor-001,20.89,25.5,100.0,2015-02-03T22:40:00
office-occupancy-sensor-001,20.89,25.5,100.0,2015-02-03T22:40:59
office-occupancy-sensor-001,20.89,25.5,100.0,2015-02-03T22:41:59
office-occupancy-sensor-001,20.857,25.463,100.0,2015-02-03T22:43:00
office-occupancy-sensor-001,20.89,25.472,100.0,2015-02-03T22:44:00
office-occupancy-sensor-001,20.89,25.39,100.0,2015-02-03T22:45:00
office-occupancy-sensor-001,20.89,25.418,100.0,2015-02-03T22:46:00
office-occupancy-sensor-001,20.89,25.39,100.0,2015-02-03T22:46:59
office-occupancy-sensor-001,20.89,25.39,100.0,2015-02-03T22:47:59
office-occupancy-sensor-001,20.89,25.39,100.0,2015-02-03T22:49:00
office-occupancy-sensor-001,20.89,25.39,100.0,2015-02-03T22:50:00
office-occupancy-sensor-001,20.89,25.39,100.0,2015-02-03T22:51:00
office-occupancy-sensor-001,20.857,25.357,100.0,2015-02-03T22:52:00
office-occupancy-sensor-001,20.857,25.357,100.0,2015-02-03T22:53:00
office-occupancy-sensor-001,20.865,25.365,100.0,2015-02-03T22:53:59
office-occupancy-sensor-001,20.89,25.39,100.0,2015-02-03T22:54:59
office-occupancy-sensor-001,20.89,25.37,100.0,2015-02-03T22:56:00
office-occupancy-sensor-001,20.89,25.357,100.0,2015-02-03T22:57:00
office-occupancy-sensor-001,20.89,25.29,100.0,2015-02-03T22:58:00
office-occupancy-sensor-001,20.89,25.315,100.0,2015-02-03T22:59:00
office-occupancy-sensor-001,20.89,25.29,100.0,2015-02-03T22:59:59
office-occupancy-sensor-001,20.865,25.268,100.0,2015-02-03T23:00:59
office-occupancy-sensor-001,20.89,25.29,100.0,2015-02-03T23:02:00
office-occupancy-sensor-001,20.89,25.268,100.0,2015-02-03T23:03:00
office-occupancy-sensor-001,20.89,25.218,100.0,2015-02-03T23:04:00
office-occupancy-sensor-001,20.89,25.29,100.0,2015-02-03T23:05:00
office-occupancy-sensor-001,20.89,25.29,100.0,2015-02-03T23:06:00
office-occupancy-sensor-001,20.89,25.29,100.0,2015-02-03T23:06:59
office-occupancy-sensor-001,20.918,25.245,100.0,2015-02-03T23:08:00
office-occupancy-sensor-001,20.89,25.2,100.0,2015-02-03T23:09:00
office-occupancy-sensor-001,20.89,25.218,100.0,2015-02-03T23:10:00
office-occupancy-sensor-001,20.89,25.2,100.0,2015-02-03T23:10:59
office-occupancy-sensor-001,20.89,25.222,100.0,2015-02-03T23:12:00
office-occupancy-sensor-001,20.918,25.2,100.0,2015-02-03T23:12:59
office-occupancy-sensor-001,20.89,25.2,100.0,2015-02-03T23:13:59
office-occupancy-sensor-001,20.89,25.2,100.0,2015-02-03T23:15:00
office-occupancy-sensor-001,20.89,25.2,100.0,2015-02-03T23:16:00
office-occupancy-sensor-001,20.89,25.2,100.0,2015-02-03T23:17:00
office-occupancy-sensor-001,20.89,25.2,100.0,2015-02-03T23:18:00
office-occupancy-sensor-001,20.89,25.2,100.0,2015-02-03T23:19:00
office-occupancy-sensor-001,20.89,25.2,100.0,2015-02-03T23:19:59
office-occupancy-sensor-001,20.89,25.133,100.0,2015-02-03T23:21:00
office-occupancy-sensor-001,20.89,25.16,100.0,2015-02-03T23:22:00
office-occupancy-sensor-001,20.918,25.125,100.0,2015-02-03T23:23:00
office-occupancy-sensor-001,20.918,25.1,100.0,2015-02-03T23:23:59
office-occupancy-sensor-001,20.918,25.1,100.0,2015-02-03T23:25:00
office-occupancy-sensor-001,20.89,25.1,100.0,2015-02-03T23:25:59
office-occupancy-sensor-001,20.89,25.1,100.0,2015-02-03T23:26:59
office-occupancy-sensor-001,20.89,25.1,100.0,2015-02-03T23:28:00
office-occupancy-sensor-001,20.89,25.08,100.0,2015-02-03T23:29:00
office-occupancy-sensor-001,20.89,25.125,100.0,2015-02-03T23:30:00
office-occupancy-sensor-001,20.89,25.1,100.0,2015-02-03T23:31:00
office-occupancy-sensor-001,20.89,25.08,100.0,2015-02-03T23:31:59
office-occupancy-sensor-001,20.89,25.067,100.0,2015-02-03T23:32:59
office-occupancy-sensor-001,20.89,25.0,100.0,2015-02-03T23:34:00
office-occupancy-sensor-001,20.89,25.025,100.0,2015-02-03T23:35:00
office-occupancy-sensor-001,20.89,25.05,100.0,2015-02-03T23:36:00
office-occupancy-sensor-001,20.89,25.0,100.0,2015-02-03T23:37:00
office-occupancy-sensor-001,20.89,25.025,100.0,2015-02-03T23:38:00
office-occupancy-sensor-001,20.89,25.0,100.0,2015-02-03T23:38:59
office-occupancy-sensor-001,20.89,25.0,100.0,2015-02-03T23:39:59
office-occupancy-sensor-001,20.89,25.0,100.0,2015-02-03T23:41:00
office-occupancy-sensor-001,20.89,25.0,100.0,2015-02-03T23:42:00
office-occupancy-sensor-001,20.89,25.0,100.0,2015-02-03T23:43:00
office-occupancy-sensor-001,20.89,25.0,100.0,2015-02-03T23:44:00
office-occupancy-sensor-001,20.89,25.0,100.0,2015-02-03T23:44:59
office-occupancy-sensor-001,20.89,25.0,100.0,2015-02-03T23:45:59
office-occupancy-sensor-001,20.89,25.0,100.0,2015-02-03T23:47:00
office-occupancy-sensor-001,20.89,25.0,100.0,2015-02-03T23:48:00
office-occupancy-sensor-001,20.89,25.0,100.0,2015-02-03T23:49:00
office-occupancy-sensor-001,20.89,24.972,100.0,2015-02-03T23:50:00
office-occupancy-sensor-001,20.865,24.92,100.0,2015-02-03T23:51:00
office-occupancy-sensor-001,20.89,24.918,100.0,2015-02-03T23:51:59
office-occupancy-sensor-001,20.89,24.972,100.0,2015-02-03T23:53:00
office-occupancy-sensor-001,20.89,24.945,100.0,2015-02-03T23:54:00
office-occupancy-sensor-001,20.89,24.89,100.0,2015-02-03T23:55:00
office-occupancy-sensor-001,20.89,24.89,100.0,2015-02-03T23:55:59
office-occupancy-sensor-001,20.89,24.89,100.0,2015-02-03T23:57:00
office-occupancy-sensor-001,20.89,24.89,100.0,2015-02-03T23:57:59
office-occupancy-sensor-001,20.89,24.89,100.0,2015-02-03T23:58:59
office-occupancy-sensor-001,20.89,24.927,100.0,2015-02-04T00:00:00
office-occupancy-sensor-001,20.89,24.934,100.0,2015-02-04T00:01:00
office-occupancy-sensor-001,20.89,24.927,100.0,2015-02-04T00:02:00
office-occupancy-sensor-001,20.83,24.87,100.0,2015-02-04T00:03:00
office-occupancy-sensor-001,20.89,24.89,100.0,2015-02-04T00:04:00
office-occupancy-sensor-001,20.84,24.892,100.0,2015-02-04T00:04:59
office-occupancy-sensor-001,20.89,24.945,100.0,2015-02-04T00:06:00
office-occupancy-sensor-001,20.865,24.865,100.0,2015-02-04T00:07:00
office-occupancy-sensor-001,20.89,25.0,100.0,2015-02-04T00:08:00
office-occupancy-sensor-001,20.87,24.934,100.0,2015-02-04T00:08:59
office-occupancy-sensor-001,20.84,24.92,100.0,2015-02-04T00:10:00
office-occupancy-sensor-001,20.89,24.972,100.0,2015-02-04T00:10:59
office-occupancy-sensor-001,20.857,24.927,100.0,2015-02-04T00:11:59
office-occupancy-sensor-001,20.865,24.972,100.0,2015-02-04T00:13:00
office-occupancy-sensor-001,20.857,24.857,100.0,2015-02-04T00:14:00
office-occupancy-sensor-001,20.865,24.918,100.0,2015-02-04T00:15:00
office-occupancy-sensor-001,20.89,24.912,100.0,2015-02-04T00:16:00
office-occupancy-sensor-001,20.89,24.927,100.0,2015-02-04T00:16:59
office-occupancy-sensor-001,20.89,25.0,100.0,2015-02-04T00:17:59
office-occupancy-sensor-001,20.865,24.892,100.0,2015-02-04T00:19:00
office-occupancy-sensor-001,20.89,24.927,100.0,2015-02-04T00:20:00
office-occupancy-sensor-001,20.89,24.978,100.0,2015-02-04T00:21:00
office-occupancy-sensor-001,20.85,24.956,100.0,2015-02-04T00:22:00
office-occupancy-sensor-001,20.89,25.0,100.0,2015-02-04T00:23:00
office-occupancy-sensor-001,20.89,25.0,100.0,2015-02-04T00:23:59
office-occupancy-sensor-001,20.87,24.978,100.0,2015-02-04T00:24:59
office-occupancy-sensor-001,20.857,24.927,100.0,2015-02-04T00:26:00
office-occupancy-sensor-001,20.865,24.972,100.0,2015-02-04T00:27:00
office-occupancy-sensor-001,20.83,24.934,100.0,2015-02-04T00:28:00
office-occupancy-sensor-001,20.823,24.927,100.0,2015-02-04T00:29:00
office-occupancy-sensor-001,20.89,25.0,100.0,2015-02-04T00:29:59
office-occupancy-sensor-001,20.87,24.978,100.0,2015-02-04T00:30:59
office-occupancy-sensor-001,20.84,24.92,100.0,2015-02-04T00:32:00
office-occupancy-sensor-001,20.84,24.945,100.0,2015-02-04T00:33:00
office-occupancy-sensor-001,20.823,24.927,100.0,2015-02-04T00:34:00
office-occupancy-sensor-001,20.823,24.927,100.0,2015-02-04T00:35:00
office-occupancy-sensor-001,20.81,24.912,100.0,2015-02-04T00:36:00
office-occupancy-sensor-001,20.79,24.89,100.0,2015-02-04T00:36:59
office-occupancy-sensor-001,20.865,24.972,100.0,2015-02-04T00:38:00
office-occupancy-sensor-001,20.857,24.93,100.0,2015-02-04T00:39:00
office-occupancy-sensor-001,20.84,24.945,100.0,2015-02-04T00:40:00
office-occupancy-sensor-001,20.79,24.918,100.0,2015-02-04T00:40:59
office-occupancy-sensor-001,20.79,24.89,100.0,2015-02-04T00:42:00
office-occupancy-sensor-001,20.79,24.927,100.0,2015-02-04T00:42:59
office-occupancy-sensor-001,20.81,24.956,100.0,2015-02-04T00:43:59
office-occupancy-sensor-001,20.79,24.89,100.0,2015-02-04T00:45:00
office-occupancy-sensor-001,20.79,24.978,100.0,2015-02-04T00:46:00
office-occupancy-sensor-001,20.79,24.963,100.0,2015-02-04T00:47:00
office-occupancy-sensor-001,20.79,25.0,100.0,2015-02-04T00:48:00
office-occupancy-sensor-001,20.79,25.0,100.0,2015-02-04T00:49:00
office-occupancy-sensor-001,20.84,25.0,100.0,2015-02-04T00:49:59
office-occupancy-sensor-001,20.79,25.0,100.0,2015-02-04T00:51:00
office-occupancy-sensor-001,20.79,25.0,100.0,2015-02-04T00:52:00
office-occupancy-sensor-001,20.823,24.927,100.0,2015-02-04T00:53:00
office-occupancy-sensor-001,20.79,25.0,100.0,2015-02-04T00:53:59
office-occupancy-sensor-001,20.79,25.0,100.0,2015-02-04T00:55:00
office-occupancy-sensor-001,20.79,25.0,100.0,2015-02-04T00:55:59
office-occupancy-sensor-001,20.79,25.0,100.0,2015-02-04T00:56:59
office-occupancy-sensor-001,20.79,25.0,100.0,2015-02-04T00:58:00
office-occupancy-sensor-001,20.79,25.0,100.0,2015-02-04T00:59:00
office-occupancy-sensor-001,20.79,25.0,100.0,2015-02-04T01:00:00
office-occupancy-sensor-001,20.79,25.0,100.0,2015-02-04T01:01:00
office-occupancy-sensor-001,20.79,25.0,100.0,2015-02-04T01:01:59
office-occupancy-sensor-001,20.79,25.0,100.0,2015-02-04T01:02:59
office-occupancy-sensor-001,20.79,25.0,100.0,2015-02-04T01:04:00
office-occupancy-sensor-001,20.79,24.963,100.0,2015-02-04T01:05:00
office-occupancy-sensor-001,20.815,24.945,100.0,2015-02-04T01:06:00
office-occupancy-sensor-001,20.81,24.934,100.0,2015-02-04T01:07:00
office-occupancy-sensor-001,20.79,24.972,100.0,2015-02-04T01:08:00
office-occupancy-sensor-001,20.79,24.963,100.0,2015-02-04T01:08:59
office-occupancy-sensor-001,20.79,24.89,100.0,2015-02-04T01:09:59
office-occupancy-sensor-001,20.79,24.89,100.0,2015-02-04T01:11:00
office-occupancy-sensor-001,20.79,24.972,100.0,2015-02-04T01:12:00
office-occupancy-sensor-001,20.79,24.89,100.0,2015-02-04T01:13:00
office-occupancy-sensor-001,20.79,24.89,100.0,2015-02-04T01:14:00
office-occupancy-sensor-001,20.79,24.912,100.0,2015-02-04T01:14:59
office-occupancy-sensor-001,20.79,24.89,100.0,2015-02-04T01:15:59
office-occupancy-sensor-001,20.79,24.89,100.0,2015-02-04T01:17:00
office-occupancy-sensor-001,20.79,24.945,100.0,2015-02-04T01:18:00
office-occupancy-sensor-001,20.79,24.956,100.0,2015-02-04T01:19:00
office-occupancy-sensor-001,20.79,24.963,100.0,2015-02-04T01:20:00
office-occupancy-sensor-001,20.79,24.972,100.0,2015-02-04T01:21:00
office-occupancy-sensor-001,20.79,24.945,100.0,2015-02-04T01:21:59
office-occupancy-sensor-001,20.79,24.89,100.0,2015-02-04T01:23:00
office-occupancy-sensor-001,20.79,24.89,100.0,2015-02-04T01:24:00
office-occupancy-sensor-001,20.79,24.89,100.0,2015-02-04T01:25:00
office-occupancy-sensor-001,20.79,24.945,100.0,2015-02-04T01:25:59
office-occupancy-sensor-001,20.79,25.0,100.0,2015-02-04T01:27:00
office-occupancy-sensor-001,20.79,25.0,100.0,2015-02-04T01:27:59
office-occupancy-sensor-001,20.76,25.0,100.0,2015-02-04T01:28:59
office-occupancy-sensor-001,20.772,25.0,100.0,2015-02-04T01:30:00
office-occupancy-sensor-001,20.745,25.0,100.0,2015-02-04T01:31:00
office-occupancy-sensor-001,20.768,25.0,100.0,2015-02-04T01:32:00
office-occupancy-sensor-001,20.768,25.0,100.0,2015-02-04T01:33:00
office-occupancy-sensor-001,20.768,25.0,100.0,2015-02-04T01:34:00
office-occupancy-sensor-001,20.79,25.0,100.0,2015-02-04T01:34:59
office-occupancy-sensor-001,20.79,25.0,100.0,2015-02-04T01:36:00
office-occupancy-sensor-001,20.772,25.0,100.0,2015-02-04T01:37:00
office-occupancy-sensor-001,20.79,25.0,100.0,2015-02-04T01:38:00
office-occupancy-sensor-001,20.73,25.067,100.0,2015-02-04T01:38:59
office-occupancy-sensor-001,20.718,25.04,100.0,2015-02-04T01:40:00
office-occupancy-sensor-001,20.73,25.067,100.0,2015-02-04T01:40:59
office-occupancy-sensor-001,20.718,25.1,100.0,2015-02-04T01:41:59
office-occupancy-sensor-001,20.7,25.075,100.0,2015-02-04T01:43:00
office-occupancy-sensor-001,20.736,25.1,100.0,2015-02-04T01:44:00
office-occupancy-sensor-001,20.73,25.1,100.0,2015-02-04T01:45:00
office-occupancy-sensor-001,20.7,25.05,100.0,2015-02-04T01:46:00
office-occupancy-sensor-001,20.73,25.1,100.0,2015-02-04T01:46:59
office-occupancy-sensor-001,20.7,25.1,100.0,2015-02-04T01:47:59
office-occupancy-sensor-001,20.7,25.1,100.0,2015-02-04T01:49:00
office-occupancy-sensor-001,20.7,25.1,100.0,2015-02-04T01:50:00
office-occupancy-sensor-001,20.7,25.1,100.0,2015-02-04T01:51:00
office-occupancy-sensor-001,20.7,25.1,100.0,2015-02-04T01:52:00
office-occupancy-sensor-001,20.7,25.1,100.0,2015-02-04T01:53:00
office-occupancy-sensor-001,20.7,25.1,100.0,2015-02-04T01:53:59
office-occupancy-sensor-001,20.7,25.1,100.0,2015-02-04T01:54:59
office-occupancy-sensor-001,20.7,25.1,100.0,2015-02-04T01:56:00
office-occupancy-sensor-001,20.7,25.1,100.0,2015-02-04T01:57:00
office-occupancy-sensor-001,20.7,25.1,100.0,2015-02-04T01:58:00
office-occupancy-sensor-001,20.7,25.1,100.0,2015-02-04T01:59:00
office-occupancy-sensor-001,20.68,25.12,100.0,2015-02-04T01:59:59
office-occupancy-sensor-001,20.7,25.125,100.0,2015-02-04T02:00:59
office-occupancy-sensor-001,20.675,25.1,100.0,2015-02-04T02:02:00
office-occupancy-sensor-001,20.7,25.1,100.0,2015-02-04T02:03:00
office-occupancy-sensor-001,20.7,25.1,100.0,2015-02-04T02:04:00
office-occupancy-sensor-001,20.7,25.1,100.0,2015-02-04T02:05:00
office-occupancy-sensor-001,20.68,25.1,100.0,2015-02-04T02:06:00
office-occupancy-sensor-001,20.667,25.1,100.0,2015-02-04T02:06:59
office-occupancy-sensor-001,20.7,25.1,100.0,2015-02-04T02:08:00
office-occupancy-sensor-001,20.7,25.1,100.0,2015-02-04T02:09:00
office-occupancy-sensor-001,20.7,25.1,100.0,2015-02-04T02:10:00
office-occupancy-sensor-001,20.7,25.1,100.0,2015-02-04T02:10:59
office-occupancy-sensor-001,20.7,25.1,100.0,2015-02-04T02:12:00
office-occupancy-sensor-001,20.66,25.1,100.0,2015-02-04T02:12:59
office-occupancy-sensor-001,20.633,25.1,100.0,2015-02-04T02:13:59
office-occupancy-sensor-001,20.625,25.1,100.0,2015-02-04T02:15:00
office-occupancy-sensor-001,20.675,25.175,100.0,2015-02-04T02:16:00
office-occupancy-sensor-001,20.675,25.125,100.0,2015-02-04T02:17:00
office-occupancy-sensor-001,20.7,25.1,100.0,2015-02-04T02:18:00
office-occupancy-sensor-001,20.7,25.1,100.0,2015-02-04T02:19:00
office-occupancy-sensor-001,20.7,25.1,100.0,2015-02-04T02:19:59
office-occupancy-sensor-001,20.7,25.1,100.0,2015-02-04T02:21:00
office-occupancy-sensor-001,20.65,25.075,100.0,2015-02-04T02:22:00
office-occupancy-sensor-001,20.7,25.1,100.0,2015-02-04T02:23:00
office-occupancy-sensor-001,20.675,25.075,100.0,2015-02-04T02:23:59
office-occupancy-sensor-001,20.7,25.1,100.0,2015-02-04T02:25:00
office-occupancy-sensor-001,20.675,25.075,100.0,2015-02-04T02:25:59
office-occupancy-sensor-001,20.7,25.1,100.0,2015-02-04T02:26:59
office-occupancy-sensor-001,20.65,25.05,100.0,2015-02-04T02:28:00
office-occupancy-sensor-001,20.7,25.1,100.0,2015-02-04T02:29:00
office-occupancy-sensor-001,20.7,25.1,100.0,2015-02-04T02:30:00
office-occupancy-sensor-001,20.7,25.1,100.0,2015-02-04T02:31:00
office-occupancy-sensor-001,20.7,25.0,100.0,2015-02-04T02:31:59
office-occupancy-sensor-001,20.7,25.0,100.0,2015-02-04T02:32:59
office-occupancy-sensor-001,20.7,25.0,100.0,2015-02-04T02:34:00
office-occupancy-sensor-001,20.7,25.0,100.0,2015-02-04T02:35:00
office-occupancy-sensor-001,20.7,25.0,100.0,2015-02-04T02:36:00
office-occupancy-sensor-001,20.7,25.0,100.0,2015-02-04T02:37:00
office-occupancy-sensor-001,20.7,25.0,100.0,2015-02-04T02:38:00
office-occupancy-sensor-001,20.7,25.0,100.0,2015-02-04T02:38:59
office-occupancy-sensor-001,20.7,25.0,100.0,2015-02-04T02:39:59
office-occupancy-sensor-001,20.7,25.0,100.0,2015-02-04T02:41:00
office-occupancy-sensor-001,20.7,25.0,100.0,2015-02-04T02:42:00
office-occupancy-sensor-001,20.7,25.0,100.0,2015-02-04T02:43:00
office-occupancy-sensor-001,20.7,25.0,100.0,2015-02-04T02:44:00
office-occupancy-sensor-001,20.7,25.0,100.0,2015-02-04T02:44:59
office-occupancy-sensor-001,20.7,25.0,100.0,2015-02-04T02:45:59
office-occupancy-sensor-001,20.7,25.0,100.0,2015-02-04T02:47:00
office-occupancy-sensor-001,20.7,25.0,100.0,2015-02-04T02:48:00
office-occupancy-sensor-001,20.7,25.0,100.0,2015-02-04T02:49:00
office-occupancy-sensor-001,20.7,25.0,100.0,2015-02-04T02:50:00
office-occupancy-sensor-001,20.7,24.963,100.0,2015-02-04T02:51:00
office-occupancy-sensor-001,20.7,24.982,100.0,2015-02-04T02:51:59
office-occupancy-sensor-001,20.7,24.972,100.0,2015-02-04T02:53:00
office-occupancy-sensor-001,20.7,24.972,100.0,2015-02-04T02:54:00
office-occupancy-sensor-001,20.7,25.0,100.0,2015-02-04T02:55:00
office-occupancy-sensor-001,20.7,25.0,100.0,2015-02-04T02:55:59
office-occupancy-sensor-001,20.7,24.89,100.0,2015-02-04T02:57:00
office-occupancy-sensor-001,20.7,24.89,100.0,2015-02-04T02:57:59
office-occupancy-sensor-001,20.7,24.85,100.0,2015-02-04T02:58:59
office-occupancy-sensor-001,20.7,24.89,100.0,2015-02-04T03:00:00
office-occupancy-sensor-001,20.7,24.84,100.0,2015-02-04T03:01:00
office-occupancy-sensor-001,20.7,24.79,100.0,2015-02-04T03:02:00
office-occupancy-sensor-001,20.7,24.865,100.0,2015-02-04T03:03:00
office-occupancy-sensor-001,20.7,24.815,100.0,2015-02-04T03:04:00
office-occupancy-sensor-001,20.7,24.87,100.0,2015-02-04T03:04:59
office-occupancy-sensor-001,20.7,24.79,100.0,2015-02-04T03:06:00
office-occupancy-sensor-001,20.7,24.79,100.0,2015-02-04T03:07:00
office-occupancy-sensor-001,20.7,24.79,100.0,2015-02-04T03:08:00
office-occupancy-sensor-001,20.7,24.79,100.0,2015-02-04T03:08:59
office-occupancy-sensor-001,20.745,24.79,100.0,2015-02-04T03:10:00
office-occupancy-sensor-001,20.7,24.79,100.0,2015-02-04T03:10:59
office-occupancy-sensor-001,20.7,24.79,100.0,2015-02-04T03:11:59
office-occupancy-sensor-001,20.7,24.79,100.0,2015-02-04T03:13:00
office-occupancy-sensor-001,20.7,24.79,100.0,2015-02-04T03:14:00
office-occupancy-sensor-001,20.7,24.79,100.0,2015-02-04T03:15:00
office-occupancy-sensor-001,20.7,24.79,100.0,2015-02-04T03:16:00
office-occupancy-sensor-001,20.7,24.79,100.0,2015-02-04T03:16:59
office-occupancy-sensor-001,20.7,24.79,100.0,2015-02-04T03:17:59
office-occupancy-sensor-001,20.7,24.79,100.0,2015-02-04T03:19:00
office-occupancy-sensor-001,20.7,24.79,100.0,2015-02-04T03:20:00
office-occupancy-sensor-001,20.7,24.754,100.0,2015-02-04T03:21:00
office-occupancy-sensor-001,20.7,24.768,100.0,2015-02-04T03:22:00
office-occupancy-sensor-001,20.7,24.76,100.0,2015-02-04T03:23:00
office-occupancy-sensor-001,20.7,24.722,100.0,2015-02-04T03:23:59
office-occupancy-sensor-001,20.7,24.7,100.0,2015-02-04T03:24:59
office-occupancy-sensor-001,20.7,24.7,100.0,2015-02-04T03:26:00
office-occupancy-sensor-001,20.7,24.675,100.0,2015-02-04T03:27:00
office-occupancy-sensor-001,20.7,24.675,100.0,2015-02-04T03:28:00
office-occupancy-sensor-001,20.7,24.6,100.0,2015-02-04T03:29:00
office-occupancy-sensor-001,20.7,24.6,100.0,2015-02-04T03:29:59
office-occupancy-sensor-001,20.7,24.6,100.0,2015-02-04T03:30:59
office-occupancy-sensor-001,20.7,24.65,100.0,2015-02-04T03:32:00
office-occupancy-sensor-001,20.7,24.65,100.0,2015-02-04T03:33:00
office-occupancy-sensor-001,20.7,24.66,100.0,2015-02-04T03:34:00
office-occupancy-sensor-001,20.7,24.7,100.0,2015-02-04T03:35:00
office-occupancy-sensor-001,20.7,24.65,100.0,2015-02-04T03:36:00
office-occupancy-sensor-001,20.7,24.667,100.0,2015-02-04T03:36:59
office-occupancy-sensor-001,20.7,24.633,100.0,2015-02-04T03:38:00
office-occupancy-sensor-001,20.7,24.6,100.0,2015-02-04T03:39:00
office-occupancy-sensor-001,20.7,24.6,100.0,2015-02-04T03:40:00
office-occupancy-sensor-001,20.7,24.6,100.0,2015-02-04T03:40:59
office-occupancy-sensor-001,20.7,24.633,100.0,2015-02-04T03:42:00
office-occupancy-sensor-001,20.7,24.7,100.0,2015-02-04T03:42:59
office-occupancy-sensor-001,20.7,24.6,100.0,2015-02-04T03:43:59
office-occupancy-sensor-001,20.7,24.6,100.0,2015-02-04T03:45:00
office-occupancy-sensor-001,20.7,24.64,100.0,2015-02-04T03:46:00
office-occupancy-sensor-001,20.7,24.6,100.0,2015-02-04T03:47:00
office-occupancy-sensor-001,20.7,24.6,100.0,2015-02-04T03:48:00
office-occupancy-sensor-001,20.7,24.6,100.0,2015-02-04T03:49:00
office-occupancy-sensor-001,20.7,24.629,100.0,2015-02-04T03:49:59
office-occupancy-sensor-001,20.7,24.633,100.0,2015-02-04T03:51:00
office-occupancy-sensor-001,20.7,24.625,100.0,2015-02-04T03:52:00
office-occupancy-sensor-001,20.7,24.6,100.0,2015-02-04T03:53:00
office-occupancy-sensor-001,20.7,24.6,100.0,2015-02-04T03:53:59
office-occupancy-sensor-001,20.7,24.6,100.0,2015-02-04T03:55:00
office-occupancy-sensor-001,20.7,24.6,100.0,2015-02-04T03:55:59
office-occupancy-sensor-001,20.7,24.6,100.0,2015-02-04T03:56:59
office-occupancy-sensor-001,20.7,24.6,100.0,2015-02-04T03:58:00
office-occupancy-sensor-001,20.7,24.6,100.0,2015-02-04T03:59:00
office-occupancy-sensor-001,20.7,24.6,100.0,2015-02-04T04:00:00
office-occupancy-sensor-001,20.7,24.6,100.0,2015-02-04T04:01:00
office-occupancy-sensor-001,20.7,24.6,100.0,2015-02-04T04:01:59
office-occupancy-sensor-001,20.7,24.6,100.0,2015-02-04T04:02:59
office-occupancy-sensor-001,20.7,24.6,100.0,2015-02-04T04:04:00
office-occupancy-sensor-001,20.7,24.6,100.0,2015-02-04T04:05:00
office-occupancy-sensor-001,20.7,24.6,100.0,2015-02-04T04:06:00
office-occupancy-sensor-001,20.7,24.6,100.0,2015-02-04T04:07:00
office-occupancy-sensor-001,20.7,24.6,100.0,2015-02-04T04:08:00
office-occupancy-sensor-001,20.7,24.6,100.0,2015-02-04T04:08:59
office-occupancy-sensor-001,20.7,24.6,100.0,2015-02-04T04:09:59
office-occupancy-sensor-001,20.7,24.6,100.0,2015-02-04T04:11:00
office-occupancy-sensor-001,20.7,24.6,100.0,2015-02-04T04:12:00
office-occupancy-sensor-001,20.7,24.6,100.0,2015-02-04T04:13:00
office-occupancy-sensor-001,20.7,24.575,100.0,2015-02-04T04:14:00
office-occupancy-sensor-001,20.7,24.5,100.0,2015-02-04T04:14:59
office-occupancy-sensor-001,20.7,24.533,100.0,2015-02-04T04:15:59
office-occupancy-sensor-001,20.7,24.575,100.0,2015-02-04T04:17:00
office-occupancy-sensor-001,20.7,24.6,100.0,2015-02-04T04:18:00
office-occupancy-sensor-001,20.7,24.5,100.0,2015-02-04T04:19:00
office-occupancy-sensor-001,20.7,24.5,100.0,2015-02-04T04:20:00
office-occupancy-sensor-001,20.7,24.533,100.0,2015-02-04T04:21:00
office-occupancy-sensor-001,20.7,24.56,100.0,2015-02-04T04:21:59
office-occupancy-sensor-001,20.7,24.533,100.0,2015-02-04T04:23:00
office-occupancy-sensor-001,20.7,24.6,100.0,2015-02-04T04:24:00
office-occupancy-sensor-001,20.7,24.6,100.0,2015-02-04T04:25:00
office-occupancy-sensor-001,20.7,24.6,100.0,2015-02-04T04:25:59
office-occupancy-sensor-001,20.7,24.567,100.0,2015-02-04T04:27:00
office-occupancy-sensor-001,20.7,24.5,100.0,2015-02-04T04:27:59
office-occupancy-sensor-001,20.7,24.5,100.0,2015-02-04T04:28:59
office-occupancy-sensor-001,20.7,24.5,100.0,2015-02-04T04:30:00
office-occupancy-sensor-001,20.7,24.5,100.0,2015-02-04T04:31:00
office-occupancy-sensor-001,20.7,24.5,100.0,2015-02-04T04:32:00
office-occupancy-sensor-001,20.7,24.5,100.0,2015-02-04T04:33:00
office-occupancy-sensor-001,20.7,24.5,100.0,2015-02-04T04:34:00
office-occupancy-sensor-001,20.7,24.5,100.0,2015-02-04T04:34:59
office-occupancy-sensor-001,20.7,24.5,100.0,2015-02-04T04:36:00
office-occupancy-sensor-001,20.7,24.5,100.0,2015-02-04T04:37:00
office-occupancy-sensor-001,20.7,24.5,100.0,2015-02-04T04:38:00
office-occupancy-sensor-001,20.7,24.5,100.0,2015-02-04T04:38:59
office-occupancy-sensor-001,20.7,24.5,100.0,2015-02-04T04:40:00
office-occupancy-sensor-001,20.7,24.5,100.0,2015-02-04T04:40:59
office-occupancy-sensor-001,20.7,24.5,100.0,2015-02-04T04:41:59
office-occupancy-sensor-001,20.7,24.5,100.0,2015-02-04T04:43:00
office-occupancy-sensor-001,20.7,24.5,100.0,2015-02-04T04:44:00
office-occupancy-sensor-001,20.7,24.5,100.0,2015-02-04T04:45:00
office-occupancy-sensor-001,20.7,24.5,100.0,2015-02-04T04:46:00
office-occupancy-sensor-001,20.7,24.5,100.0,2015-02-04T04:46:59
office-occupancy-sensor-001,20.7,24.5,100.0,2015-02-04T04:47:59
office-occupancy-sensor-001,20.7,24.5,100.0,2015-02-04T04:49:00
office-occupancy-sensor-001,20.7,24.5,100.0,2015-02-04T04:50:00
office-occupancy-sensor-001,20.7,24.5,100.0,2015-02-04T04:51:00
office-occupancy-sensor-001,20.7,24.5,100.0,2015-02-04T04:52:00
office-occupancy-sensor-001,20.7,24.5,100.0,2015-02-04T04:53:00
office-occupancy-sensor-001,20.7,24.5,100.0,2015-02-04T04:53:59
office-occupancy-sensor-001,20.7,24.5,100.0,2015-02-04T04:54:59
office-occupancy-sensor-001,20.7,24.5,100.0,2015-02-04T04:56:00
office-occupancy-sensor-001,20.7,24.5,100.0,2015-02-04T04:57:00
office-occupancy-sensor-001,20.7,24.5,100.0,2015-02-04T04:58:00
office-occupancy-sensor-001,20.7,24.5,100.0,2015-02-04T04:59:00
office-occupancy-sensor-001,20.62,24.412,100.0,2015-02-04T04:59:59
office-occupancy-sensor-001,20.7,24.5,100.0,2015-02-04T05:00:59
office-occupancy-sensor-001,20.7,24.5,100.0,2015-02-04T05:02:00
office-occupancy-sensor-001,20.675,24.472,100.0,2015-02-04T05:03:00
office-occupancy-sensor-001,20.667,24.463,100.0,2015-02-04T05:04:00
office-occupancy-sensor-001,20.625,24.418,100.0,2015-02-04T05:05:00
office-occupancy-sensor-001,20.7,24.5,100.0,2015-02-04T05:06:00
office-occupancy-sensor-001,20.68,24.478,100.0,2015-02-04T05:06:59
office-occupancy-sensor-001,20.667,24.463,100.0,2015-02-04T05:08:00
office-occupancy-sensor-001,20.7,24.5,100.0,2015-02-04T05:09:00
office-occupancy-sensor-001,20.7,24.5,100.0,2015-02-04T05:10:00
office-occupancy-sensor-001,20.675,24.472,100.0,2015-02-04T05:10:59
office-occupancy-sensor-001,20.7,24.5,100.0,2015-02-04T05:12:00
office-occupancy-sensor-001,20.675,24.472,100.0,2015-02-04T05:12:59
office-occupancy-sensor-001,20.7,24.5,100.0,2015-02-04T05:13:59
office-occupancy-sensor-001,20.633,24.427,100.0,2015-02-04T05:15:00
office-occupancy-sensor-001,20.667,24.463,100.0,2015-02-04T05:16:00
office-occupancy-sensor-001,20.6,24.39,100.0,2015-02-04T05:17:00
office-occupancy-sensor-001,20.667,24.463,100.0,2015-02-04T05:18:00
office-occupancy-sensor-001,20.675,24.472,100.0,2015-02-04T05:19:00
office-occupancy-sensor-001,20.64,24.434,100.0,2015-02-04T05:19:59
office-occupancy-sensor-001,20.7,24.5,100.0,2015-02-04T05:21:00
office-occupancy-sensor-001,20.667,24.463,100.0,2015-02-04T05:22:00
office-occupancy-sensor-001,20.64,24.434,100.0,2015-02-04T05:23:00
office-occupancy-sensor-001,20.6,24.39,100.0,2015-02-04T05:23:59
office-occupancy-sensor-001,20.65,24.445,100.0,2015-02-04T05:25:00
office-occupancy-sensor-001,20.625,24.418,100.0,2015-02-04T05:25:59
office-occupancy-sensor-001,20.6,24.39,100.0,2015-02-04T05:26:59
office-occupancy-sensor-001,20.6,24.39,100.0,2015-02-04T05:28:00
office-occupancy-sensor-001,20.6,24.39,100.0,2015-02-04T05:29:00
office-occupancy-sensor-001,20.6,24.39,100.0,2015-02-04T05:30:00
office-occupancy-sensor-001,20.6,24.39,100.0,2015-02-04T05:31:00
office-occupancy-sensor-001,20.625,24.418,100.0,2015-02-04T05:31:59
office-occupancy-sensor-001,20.6,24.39,100.0,2015-02-04T05:32:59
office-occupancy-sensor-001,20.625,24.418,100.0,2015-02-04T05:34:00
office-occupancy-sensor-001,20.62,24.412,100.0,2015-02-04T05:35:00
office-occupancy-sensor-001,20.625,24.418,100.0,2015-02-04T05:36:00
office-occupancy-sensor-001,20.625,24.418,100.0,2015-02-04T05:37:00
office-occupancy-sensor-001,20.6,24.39,100.0,2015-02-04T05:38:00
office-occupancy-sensor-001,20.6,24.39,100.0,2015-02-04T05:38:59
office-occupancy-sensor-001,20.6,24.39,100.0,2015-02-04T05:39:59
office-occupancy-sensor-001,20.6,24.39,100.0,2015-02-04T05:41:00
office-occupancy-sensor-001,20.6,24.39,100.0,2015-02-04T05:42:00
office-occupancy-sensor-001,20.6,24.34,100.0,2015-02-04T05:43:00
office-occupancy-sensor-001,20.6,24.39,100.0,2015-02-04T05:44:00
office-occupancy-sensor-001,20.6,24.39,100.0,2015-02-04T05:44:59
office-occupancy-sensor-001,20.6,24.39,100.0,2015-02-04T05:45:59
office-occupancy-sensor-001,20.6,24.365,100.0,2015-02-04T05:47:00
office-occupancy-sensor-001,20.6,24.34,100.0,2015-02-04T05:48:00
office-occupancy-sensor-001,20.6,24.39,100.0,2015-02-04T05:49:00
office-occupancy-sensor-001,20.6,24.365,100.0,2015-02-04T05:50:00
office-occupancy-sensor-001,20.617,24.323,100.0,2015-02-04T05:51:00
office-occupancy-sensor-001,20.633,24.323,100.0,2015-02-04T05:51:59
office-occupancy-sensor-001,20.625,24.315,100.0,2015-02-04T05:53:00
office-occupancy-sensor-001,20.66,24.312,100.0,2015-02-04T05:54:00
office-occupancy-sensor-001,20.6,24.2,100.0,2015-02-04T05:55:00
office-occupancy-sensor-001,20.6,24.2,100.0,2015-02-04T05:55:59
office-occupancy-sensor-001,20.6,24.2,100.0,2015-02-04T05:57:00
office-occupancy-sensor-001,20.625,24.292,100.0,2015-02-04T05:57:59
office-occupancy-sensor-001,20.62,24.236,100.0,2015-02-04T05:58:59
office-occupancy-sensor-001,20.6,24.2,100.0,2015-02-04T06:00:00
office-occupancy-sensor-001,20.6,24.2,100.0,2015-02-04T06:01:00
office-occupancy-sensor-001,20.6,24.2,100.0,2015-02-04T06:02:00
office-occupancy-sensor-001,20.6,24.2,100.0,2015-02-04T06:03:00
office-occupancy-sensor-001,20.6,24.2,100.0,2015-02-04T06:04:00
office-occupancy-sensor-001,20.6,24.2,100.0,2015-02-04T06:04:59
office-occupancy-sensor-001,20.633,24.23,100.0,2015-02-04T06:06:00
office-occupancy-sensor-001,20.6,24.2,100.0,2015-02-04T06:07:00
office-occupancy-sensor-001,20.6,24.2,100.0,2015-02-04T06:08:00
office-occupancy-sensor-001,20.6,24.2,100.0,2015-02-04T06:08:59
office-occupancy-sensor-001,20.6,24.2,100.0,2015-02-04T06:10:00
office-occupancy-sensor-001,20.6,24.2,100.0,2015-02-04T06:10:59
office-occupancy-sensor-001,20.6,24.2,100.0,2015-02-04T06:11:59
office-occupancy-sensor-001,20.575,24.2,100.0,2015-02-04T06:13:00
office-occupancy-sensor-001,20.6,24.2,100.0,2015-02-04T06:14:00
office-occupancy-sensor-001,20.6,24.2,100.0,2015-02-04T06:15:00
office-occupancy-sensor-001,20.6,24.2,100.0,2015-02-04T06:16:00
office-occupancy-sensor-001,20.6,24.2,100.0,2015-02-04T06:16:59
office-occupancy-sensor-001,20.575,24.2,100.0,2015-02-04T06:17:59
office-occupancy-sensor-001,20.533,24.2,100.0,2015-02-04T06:19:00
office-occupancy-sensor-001,20.55,24.2,100.0,2015-02-04T06:20:00
office-occupancy-sensor-001,20.575,24.2,100.0,2015-02-04T06:21:00
office-occupancy-sensor-001,20.56,24.2,100.0,2015-02-04T06:22:00
office-occupancy-sensor-001,20.52,24.2,100.0,2015-02-04T06:23:00
office-occupancy-sensor-001,20.533,24.2,100.0,2015-02-04T06:23:59
office-occupancy-sensor-001,20.55,24.2,100.0,2015-02-04T06:24:59
office-occupancy-sensor-001,20.6,24.2,100.0,2015-02-04T06:26:00
office-occupancy-sensor-001,20.6,24.1,100.0,2015-02-04T06:27:00
office-occupancy-sensor-001,20.6,24.175,100.0,2015-02-04T06:28:00
office-occupancy-sensor-001,20.6,24.1,100.0,2015-02-04T06:29:00
office-occupancy-sensor-001,20.667,24.167,100.0,2015-02-04T06:29:59
office-occupancy-sensor-001,20.6,24.1,100.0,2015-02-04T06:30:59
office-occupancy-sensor-001,20.6,24.1,100.0,2015-02-04T06:32:00
office-occupancy-sensor-001,20.6,24.1,100.0,2015-02-04T06:33:00
office-occupancy-sensor-001,20.6,24.1,100.0,2015-02-04T06:34:00
office-occupancy-sensor-001,20.6,24.1,100.0,2015-02-04T06:35:00
office-occupancy-sensor-001,20.6,24.033,100.0,2015-02-04T06:36:00
office-occupancy-sensor-001,20.6,24.08,100.0,2015-02-04T06:36:59
office-occupancy-sensor-001,20.633,24.067,100.0,2015-02-04T06:38:00
office-occupancy-sensor-001,20.6,24.05,100.0,2015-02-04T06:39:00
office-occupancy-sensor-001,20.625,24.05,100.0,2015-02-04T06:40:00
office-occupancy-sensor-001,20.6,24.0,100.0,2015-02-04T06:40:59
office-occupancy-sensor-001,20.6,24.05,100.0,2015-02-04T06:42:00
office-occupancy-sensor-001,20.6,24.0,100.0,2015-02-04T06:42:59
office-occupancy-sensor-001,20.6,24.02,100.0,2015-02-04T06:43:59
office-occupancy-sensor-001,20.575,24.075,100.0,2015-02-04T06:45:00
office-occupancy-sensor-001,20.525,24.1,100.0,2015-02-04T06:46:00
office-occupancy-sensor-001,20.567,24.1,100.0,2015-02-04T06:47:00
office-occupancy-sensor-001,20.525,24.1,100.0,2015-02-04T06:48:00
office-occupancy-sensor-001,20.54,24.1,100.0,2015-02-04T06:49:00
office-occupancy-sensor-001,20.5,24.1,100.0,2015-02-04T06:49:59
office-occupancy-sensor-001,20.5,24.15,100.0,2015-02-04T06:51:00
office-occupancy-sensor-001,20.525,24.1,100.0,2015-02-04T06:52:00
office-occupancy-sensor-001,20.5,24.2,100.0,2015-02-04T06:53:00
office-occupancy-sensor-001,20.5,24.2,100.0,2015-02-04T06:53:59
office-occupancy-sensor-001,20.5,24.2,100.0,2015-02-04T06:55:00
office-occupancy-sensor-001,20.525,24.1,100.0,2015-02-04T06:55:59
office-occupancy-sensor-001,20.54,24.1,100.0,2015-02-04T06:56:59
office-occupancy-sensor-001,20.5,24.1,100.0,2015-02-04T06:58:00
office-occupancy-sensor-001,20.567,24.1,100.0,2015-02-04T06:59:00
office-occupancy-sensor-001,20.5,24.1,100.0,2015-02-04T07:00:00
office-occupancy-sensor-001,20.5,24.1,100.0,2015-02-04T07:01:00
office-occupancy-sensor-001,20.52,24.1,100.0,2015-02-04T07:01:59
office-occupancy-sensor-001,20.5,24.1,100.0,2015-02-04T07:02:59
office-occupancy-sensor-001,20.5,24.1,100.0,2015-02-04T07:04:00
office-occupancy-sensor-001,20.5,24.1,100.0,2015-02-04T07:05:00
office-occupancy-sensor-001,20.5,24.1,100.0,2015-02-04T07:06:00
office-occupancy-sensor-001,20.52,24.1,100.0,2015-02-04T07:07:00
office-occupancy-sensor-001,20.5,24.1,100.0,2015-02-04T07:08:00
office-occupancy-sensor-001,20.5,24.1,100.0,2015-02-04T07:08:59
office-occupancy-sensor-001,20.5,24.1,100.0,2015-02-04T07:09:59
office-occupancy-sensor-001,20.5,24.1,100.0,2015-02-04T07:11:00
office-occupancy-sensor-001,20.5,24.1,100.0,2015-02-04T07:12:00
office-occupancy-sensor-001,20.472,24.05,100.0,2015-02-04T07:13:00
office-occupancy-sensor-001,20.5,24.075,100.0,2015-02-04T07:14:00
office-occupancy-sensor-001,20.472,24.022,100.0,2015-02-04T07:14:59
office-occupancy-sensor-001,20.427,23.96,100.0,2015-02-04T07:15:59
office-occupancy-sensor-001,20.472,23.998,100.0,2015-02-04T07:17:00
office-occupancy-sensor-001,20.456,23.956,100.0,2015-02-04T07:18:00
office-occupancy-sensor-001,20.5,24.0,100.0,2015-02-04T07:19:00
office-occupancy-sensor-001,20.478,23.978,100.0,2015-02-04T07:20:00
office-occupancy-sensor-001,20.445,23.945,100.0,2015-02-04T07:21:00
office-occupancy-sensor-001,20.5,24.0,100.0,2015-02-04T07:21:59
office-occupancy-sensor-001,20.39,23.89,100.0,2015-02-04T07:23:00
office-occupancy-sensor-001,20.472,23.89,100.0,2015-02-04T07:24:00
office-occupancy-sensor-001,20.5,23.89,100.0,2015-02-04T07:25:00
office-occupancy-sensor-001,20.456,23.85,100.0,2015-02-04T07:25:59
office-occupancy-sensor-001,20.427,23.823,100.0,2015-02-04T07:27:00
office-occupancy-sensor-001,20.463,23.857,100.0,2015-02-04T07:27:59
office-occupancy-sensor-001,20.445,23.823,100.0,2015-02-04T07:28:59
office-occupancy-sensor-001,20.445,23.818,100.0,2015-02-04T07:30:00
office-occupancy-sensor-001,20.418,23.748,100.0,2015-02-04T07:31:00
office-occupancy-sensor-001,20.427,23.76,100.0,2015-02-04T07:32:00
office-occupancy-sensor-001,20.418,23.722,100.0,2015-02-04T07:33:00
office-occupancy-sensor-001,20.472,23.768,100.0,2015-02-04T07:34:00
office-occupancy-sensor-001,20.39,23.7,100.0,2015-02-04T07:34:59
office-occupancy-sensor-001,20.434,23.736,100.0,2015-02-04T07:36:00
office-occupancy-sensor-001,20.427,23.73,100.0,2015-02-04T07:37:00
office-occupancy-sensor-001,20.39,23.7,100.0,2015-02-04T07:38:00
office-occupancy-sensor-001,20.418,23.722,100.0,2015-02-04T07:38:59
office-occupancy-sensor-001,20.472,23.768,100.0,2015-02-04T07:40:00
office-occupancy-sensor-001,20.482,23.89,100.0,2015-02-04T07:40:59
office-occupancy-sensor-001,20.5,23.89,100.0,2015-02-04T07:41:59
office-occupancy-sensor-001,20.5,23.89,100.0,2015-02-04T07:43:00
office-occupancy-sensor-001,20.5,23.89,100.0,2015-02-04T07:44:00
office-occupancy-sensor-001,20.55,23.945,100.0,2015-02-04T07:45:00
office-occupancy-sensor-001,20.52,24.0,100.0,2015-02-04T07:46:00
office-occupancy-sensor-001,20.525,24.0,100.0,2015-02-04T07:46:59
office-occupancy-sensor-001,20.6,24.083,100.0,2015-02-04T07:47:59
office-occupancy-sensor-001,20.6,24.1,100.0,2015-02-04T07:49:00
office-occupancy-sensor-001,20.6,24.175,100.0,2015-02-04T07:50:00
office-occupancy-sensor-001,20.6,24.2,100.0,2015-02-04T07:51:00
office-occupancy-sensor-001,20.6,24.2,100.0,2015-02-04T07:52:00
office-occupancy-sensor-001,20.633,24.23,100.0,2015-02-04T07:53:00
office-occupancy-sensor-001,20.66,24.2,100.0,2015-02-04T07:53:59
office-occupancy-sensor-001,20.625,24.175,100.0,2015-02-04T07:54:59
office-occupancy-sensor-001,20.66,24.216,100.0,2015-02-04T07:56:00
office-occupancy-sensor-001,20.675,24.34,100.0,2015-02-04T07:57:00
office-occupancy-sensor-001,20.7,24.5,100.0,2015-02-04T07:58:00
office-occupancy-sensor-001,20.7,24.65,100.0,2015-02-04T07:59:00
office-occupancy-sensor-001,20.7,24.7,100.0,2015-02-04T07:59:59
office-occupancy-sensor-001,20.7,24.768,100.0,2015-02-04T08:00:59
office-occupancy-sensor-001,20.713,24.79,100.0,2015-02-04T08:02:00
office-occupancy-sensor-001,20.7,24.79,100.0,2015-02-04T08:03:00
office-occupancy-sensor-001,20.754,24.87,100.0,2015-02-04T08:04:00
office-occupancy-sensor-001,20.775,24.89,100.0,2015-02-04T08:05:00
office-occupancy-sensor-001,20.772,24.956,100.0,2015-02-04T08:06:00
office-occupancy-sensor-001,20.79,24.978,100.0,2015-02-04T08:06:59
office-occupancy-sensor-001,20.79,25.0,100.0,2015-02-04T08:08:00
office-occupancy-sensor-001,20.79,24.998,100.0,2015-02-04T08:09:00
office-occupancy-sensor-001,20.81,25.02,100.0,2015-02-04T08:10:00
office-occupancy-sensor-001,20.865,25.075,100.0,2015-02-04T08:10:59
office-occupancy-sensor-001,20.823,25.033,100.0,2015-02-04T08:12:00
office-occupancy-sensor-001,20.857,25.067,100.0,2015-02-04T08:12:59
office-occupancy-sensor-001,20.84,25.05,100.0,2015-02-04T08:13:59
office-occupancy-sensor-001,20.87,25.16,100.0,2015-02-04T08:15:00
office-occupancy-sensor-001,20.89,25.2,100.0,2015-02-04T08:16:00
office-occupancy-sensor-001,20.873,25.275,100.0,2015-02-04T08:17:00
office-occupancy-sensor-001,20.84,25.198,100.0,2015-02-04T08:18:00
office-occupancy-sensor-001,20.89,25.272,100.0,2015-02-04T08:19:00
office-occupancy-sensor-001,20.865,25.365,100.0,2015-02-04T08:19:59
office-occupancy-sensor-001,20.84,25.34,100.0,2015-02-04T08:21:00
office-occupancy-sensor-001,20.873,25.373,100.0,2015-02-04T08:22:00
office-occupancy-sensor-001,20.87,25.37,100.0,2015-02-04T08:23:00
office-occupancy-sensor-001,20.84,25.34,100.0,2015-02-04T08:23:59
office-occupancy-sensor-001,20.865,25.365,100.0,2015-02-04T08:25:00
office-occupancy-sensor-001,20.89,25.39,100.0,2015-02-04T08:25:59
office-occupancy-sensor-001,20.89,25.35,100.0,2015-02-04T08:26:59
office-occupancy-sensor-001,20.89,25.33,100.0,2015-02-04T08:28:00
office-occupancy-sensor-001,20.89,25.34,100.0,2015-02-04T08:29:00
office-occupancy-sensor-001,20.912,25.39,100.0,2015-02-04T08:30:00
office-occupancy-sensor-001,20.945,25.39,100.0,2015-02-04T08:31:00
office-occupancy-sensor-001,20.972,25.39,100.0,2015-02-04T08:31:59
office-occupancy-sensor-001,20.956,25.39,100.0,2015-02-04T08:32:59
office-occupancy-sensor-001,21.0,25.39,100.0,2015-02-04T08:34:00
office-occupancy-sensor-001,21.0,25.412,100.0,2015-02-04T08:35:00
office-occupancy-sensor-001,21.0,25.39,100.0,2015-02-04T08:36:00
office-occupancy-sensor-001,21.0,25.357,100.0,2015-02-04T08:37:00
office-occupancy-sensor-001,21.0,25.29,100.0,2015-02-04T08:38:00
office-occupancy-sensor-001,21.0,25.29,100.0,2015-02-04T08:38:59
office-occupancy-sensor-001,21.0,25.245,100.0,2015-02-04T08:39:59
office-occupancy-sensor-001,21.0,25.2,100.0,2015-02-04T08:41:00
office-occupancy-sensor-001,21.0,25.2,100.0,2015-02-04T08:42:00
office-occupancy-sensor-001,21.0,25.2,100.0,2015-02-04T08:43:00
office-occupancy-sensor-001,21.025,25.222,100.0,2015-02-04T08:44:00
office-occupancy-sensor-001,21.083,25.2,100.0,2015-02-04T08:44:59
office-occupancy-sensor-001,21.067,25.2,100.0,2015-02-04T08:45:59
office-occupancy-sensor-001,21.117,25.2,100.0,2015-02-04T08:47:00
office-occupancy-sensor-001,21.15,25.222,100.0,2015-02-04T08:48:00
office-occupancy-sensor-001,21.2,25.228,100.0,2015-02-04T08:49:00
office-occupancy-sensor-001,21.2,25.18,100.0,2015-02-04T08:50:00
office-occupancy-sensor-001,21.2,25.1,100.0,2015-02-04T08:51:00
office-occupancy-sensor-001,21.2,25.14,100.0,2015-02-04T08:51:59
office-occupancy-sensor-001,21.215,25.215,100.0,2015-02-04T08:53:00
office-occupancy-sensor-001,21.2,25.2,100.0,2015-02-04T08:54:00
office-occupancy-sensor-001,21.2,25.2,100.0,2015-02-04T08:55:00
office-occupancy-sensor-001,21.2,25.218,100.0,2015-02-04T08:55:59
office-occupancy-sensor-001,21.215,25.292,100.0,2015-02-04T08:57:00
office-occupancy-sensor-001,21.2,25.29,100.0,2015-02-04T08:57:59
office-occupancy-sensor-001,21.2,25.357,100.0,2015-02-04T08:58:59
office-occupancy-sensor-001,21.2,25.37,100.0,2015-02-04T09:00:00
office-occupancy-sensor-001,21.222,25.34,100.0,2015-02-04T09:01:00
office-occupancy-sensor-001,21.236,25.33,100.0,2015-02-04T09:02:00
office-occupancy-sensor-001,21.29,25.472,100.0,2015-02-04T09:03:00
office-occupancy-sensor-001,21.29,25.427,100.0,2015-02-04T09:04:00
office-occupancy-sensor-001,21.272,25.412,100.0,2015-02-04T09:04:59
office-occupancy-sensor-001,21.29,25.575,100.0,2015-02-04T09:06:00
office-occupancy-sensor-001,21.29,25.672,100.0,2015-02-04T09:07:00
office-occupancy-sensor-001,21.34,25.79,100.0,2015-02-04T09:08:00
office-occupancy-sensor-001,21.412,25.872,100.0,2015-02-04T09:08:59
office-occupancy-sensor-001,21.5,26.0,100.0,2015-02-04T09:10:00
office-occupancy-sensor-001,21.5,26.08,100.0,2015-02-04T09:10:59
office-occupancy-sensor-001,21.6,26.15,100.0,2015-02-04T09:11:59
office-occupancy-sensor-001,21.66,26.216,100.0,2015-02-04T09:13:00
office-occupancy-sensor-001,21.7,26.268,100.0,2015-02-04T09:14:00
office-occupancy-sensor-001,21.722,26.222,100.0,2015-02-04T09:15:00
office-occupancy-sensor-001,21.79,26.39,100.0,2015-02-04T09:16:00
office-occupancy-sensor-001,21.81,26.274,100.0,2015-02-04T09:16:59
office-occupancy-sensor-001,21.865,26.315,100.0,2015-02-04T09:17:59
office-occupancy-sensor-001,21.89,26.315,100.0,2015-02-04T09:19:00
office-occupancy-sensor-001,21.89,26.315,100.0,2015-02-04T09:20:00
office-occupancy-sensor-001,21.945,26.222,100.0,2015-02-04T09:21:00
office-occupancy-sensor-001,22.0,26.12,100.0,2015-02-04T09:22:00
office-occupancy-sensor-001,22.0,26.067,100.0,2015-02-04T09:23:00
office-occupancy-sensor-001,22.086,26.129,100.0,2015-02-04T09:23:59
office-occupancy-sensor-001,22.1,26.1,100.0,2015-02-04T09:24:59
office-occupancy-sensor-001,22.1,26.1,100.0,2015-02-04T09:26:00
office-occupancy-sensor-001,22.14,25.998,100.0,2015-02-04T09:27:00
office-occupancy-sensor-001,22.2,26.0,100.0,2015-02-04T09:28:00
office-occupancy-sensor-001,22.29,25.963,100.0,2015-02-04T09:29:00
office-occupancy-sensor-001,22.29,25.89,100.0,2015-02-04T09:29:59
office-occupancy-sensor-001,22.29,25.857,100.0,2015-02-04T09:30:59
office-occupancy-sensor-001,22.323,25.807,100.0,2015-02-04T09:32:00
office-occupancy-sensor-001,22.39,25.7,100.0,2015-02-04T09:33:00
office-occupancy-sensor-001,22.39,25.68,100.0,2015-02-04T09:34:00
office-occupancy-sensor-001,22.445,25.65,100.0,2015-02-04T09:35:00
office-occupancy-sensor-001,22.5,25.667,100.0,2015-02-04T09:36:00
office-occupancy-sensor-001,22.5,25.6,100.0,2015-02-04T09:36:59
office-occupancy-sensor-001,22.567,25.6,100.0,2015-02-04T09:38:00
office-occupancy-sensor-001,22.6,25.6,100.0,2015-02-04T09:39:00
office-occupancy-sensor-001,22.6,25.472,100.0,2015-02-04T09:40:00
office-occupancy-sensor-001,22.7,25.5,100.0,2015-02-04T09:40:59
office-occupancy-sensor-001,22.7,25.456,100.0,2015-02-04T09:42:00
office-occupancy-sensor-001,22.722,25.418,100.0,2015-02-04T09:42:59
office-occupancy-sensor-001,22.768,25.315,100.0,2015-02-04T09:43:59
office-occupancy-sensor-001,22.79,25.456,100.0,2015-02-04T09:45:00
office-occupancy-sensor-001,22.823,25.393,100.0,2015-02-04T09:46:00
office-occupancy-sensor-001,22.89,25.39,100.0,2015-02-04T09:47:00
office-occupancy-sensor-001,22.89,25.39,100.0,2015-02-04T09:48:00
office-occupancy-sensor-001,22.908,25.39,100.0,2015-02-04T09:49:00
office-occupancy-sensor-001,22.972,25.39,100.0,2015-02-04T09:49:59
office-occupancy-sensor-001,23.0,25.39,100.0,2015-02-04T09:51:00
office-occupancy-sensor-001,23.025,25.418,100.0,2015-02-04T09:52:00
office-occupancy-sensor-001,23.1,25.5,100.0,2015-02-04T09:53:00
office-occupancy-sensor-001,23.1,25.5,100.0,2015-02-04T09:53:59
office-occupancy-sensor-001,23.2,25.5,100.0,2015-02-04T09:55:00
office-occupancy-sensor-001,23.2,25.5,100.0,2015-02-04T09:55:59
office-occupancy-sensor-001,23.2,25.5,100.0,2015-02-04T09:56:59
office-occupancy-sensor-001,23.29,25.6,100.0,2015-02-04T09:58:00
office-occupancy-sensor-001,23.29,25.6,100.0,2015-02-04T09:59:00
office-occupancy-sensor-001,23.31,25.6,100.0,2015-02-04T10:00:00
office-occupancy-sensor-001,23.39,25.6,100.0,2015-02-04T10:01:00
office-occupancy-sensor-001,23.365,25.6,100.0,2015-02-04T10:01:59
office-occupancy-sensor-001,23.39,25.6,100.0,2015-02-04T10:02:59
office-occupancy-sensor-001,23.456,25.66,100.0,2015-02-04T10:04:00
office-occupancy-sensor-001,23.5,25.718,100.0,2015-02-04T10:05:00
office-occupancy-sensor-001,23.58,25.736,100.0,2015-02-04T10:06:00
office-occupancy-sensor-001,23.6,25.89,100.0,2015-02-04T10:07:00
office-occupancy-sensor-001,23.64,25.954,100.0,2015-02-04T10:08:00
office-occupancy-sensor-001,23.667,26.067,100.0,2015-02-04T10:08:59
office-occupancy-sensor-001,23.7,26.12,100.0,2015-02-04T10:09:59
office-occupancy-sensor-001,23.718,26.1,100.0,2015-02-04T10:11:00
office-occupancy-sensor-001,23.79,26.125,100.0,2015-02-04T10:12:00
office-occupancy-sensor-001,23.745,26.2,100.0,2015-02-04T10:13:00
office-occupancy-sensor-001,23.79,26.31,100.0,2015-02-04T10:14:00
office-occupancy-sensor-001,23.79,26.315,100.0,2015-02-04T10:14:59
office-occupancy-sensor-001,23.89,26.39,100.0,2015-02-04T10:15:59
office-occupancy-sensor-001,23.89,26.365,100.0,2015-02-04T10:17:00
office-occupancy-sensor-001,23.89,26.29,100.0,2015-02-04T10:18:00
office-occupancy-sensor-001,23.984,26.376,100.0,2015-02-04T10:19:00
office-occupancy-sensor-001,24.0,26.365,100.0,2015-02-04T10:20:00
office-occupancy-sensor-001,24.05,26.34,100.0,2015-02-04T10:21:00
office-occupancy-sensor-001,24.08,26.37,100.0,2015-02-04T10:21:59
office-occupancy-sensor-001,24.1,26.567,100.0,2015-02-04T10:23:00
office-occupancy-sensor-001,24.1,26.472,100.0,2015-02-04T10:24:00
office-occupancy-sensor-001,24.1,26.154,100.0,2015-02-04T10:25:00
office-occupancy-sensor-001,24.1,25.958,100.0,2015-02-04T10:25:59
office-occupancy-sensor-001,24.1,25.918,100.0,2015-02-04T10:27:00
office-occupancy-sensor-001,24.1,25.892,100.0,2015-02-04T10:27:59
office-occupancy-sensor-001,24.1,25.832,100.0,2015-02-04T10:28:59
office-occupancy-sensor-001,24.175,25.84,100.0,2015-02-04T10:30:00
office-occupancy-sensor-001,24.2,25.892,100.0,2015-02-04T10:31:00
office-occupancy-sensor-001,24.2,25.89,100.0,2015-02-04T10:32:00
office-occupancy-sensor-001,24.2,25.89,100.0,2015-02-04T10:33:00
office-occupancy-sensor-001,24.2,25.89,100.0,2015-02-04T10:34:00
office-occupancy-sensor-001,24.218,25.912,100.0,2015-02-04T10:34:59
office-occupancy-sensor-001,24.26,25.892,100.0,2015-02-04T10:36:00
office-occupancy-sensor-001,24.29,25.978,100.0,2015-02-04T10:37:00
office-occupancy-sensor-001,24.29,25.852,100.0,2015-02-04T10:38:00
office-occupancy-sensor-001,24.29,25.7,100.0,2015-02-04T10:38:59
office-occupancy-sensor-001,24.33,25.736,100.0,2015-02-04T10:40:00
office-occupancy-sensor-001,24.33,25.7,100.0,2015-02-04T10:40:59
office-occupancy-sensor-001,24.357,25.7,100.0,2015-02-04T10:41:59
office-occupancy-sensor-001,24.408,25.682,100.0,2015-02-04T10:43:00
office-occupancy-sensor-001,23.18,27.272,100.0,2015-02-04T17:51:00
office-occupancy-sensor-001,23.15,27.268,100.0,2015-02-04T17:51:59
office-occupancy-sensor-001,23.15,27.245,100.0,2015-02-04T17:53:00
office-occupancy-sensor-001,23.15,27.2,100.0,2015-02-04T17:54:00
office-occupancy-sensor-001,23.1,27.2,100.0,2015-02-04T17:55:00
office-occupancy-sensor-001,23.1,27.2,100.0,2015-02-04T17:55:59
office-occupancy-sensor-001,23.1,27.2,100.0,2015-02-04T17:57:00
office-occupancy-sensor-001,23.1,27.2,100.0,2015-02-04T17:57:59
office-occupancy-sensor-001,23.1,27.2,100.0,2015-02-04T17:58:59
office-occupancy-sensor-001,23.075,27.175,100.0,2015-02-04T18:00:00
office-occupancy-sensor-001,23.075,27.15,100.0,2015-02-04T18:01:00
office-occupancy-sensor-001,23.1,27.1,100.0,2015-02-04T18:02:00
office-occupancy-sensor-001,23.1,27.167,100.0,2015-02-04T18:03:00
office-occupancy-sensor-001,23.05,27.15,100.0,2015-02-04T18:04:00
office-occupancy-sensor-001,23.0,27.125,100.0,2015-02-04T18:04:59
office-occupancy-sensor-001,23.0,27.125,100.0,2015-02-04T18:06:00
office-occupancy-sensor-001,23.0,27.2,100.0,2015-02-04T18:07:00
office-occupancy-sensor-001,22.945,27.29,100.0,2015-02-04T18:08:00
office-occupancy-sensor-001,22.945,27.39,100.0,2015-02-04T18:08:59
office-occupancy-sensor-001,22.89,27.39,100.0,2015-02-04T18:10:00
office-occupancy-sensor-001,22.89,27.39,100.0,2015-02-04T18:10:59
office-occupancy-sensor-001,22.89,27.39,100.0,2015-02-04T18:11:59
office-occupancy-sensor-001,22.89,27.445,100.0,2015-02-04T18:13:00
office-occupancy-sensor-001,22.89,27.5,100.0,2015-02-04T18:14:00
office-occupancy-sensor-001,22.89,27.5,100.0,2015-02-04T18:15:00
office-occupancy-sensor-001,22.79,27.445,100.0,2015-02-04T18:16:00
office-occupancy-sensor-001,22.79,27.5,100.0,2015-02-04T18:16:59
office-occupancy-sensor-001,22.79,27.5,100.0,2015-02-04T18:17:59
office-occupancy-sensor-001,22.79,27.5,100.0,2015-02-04T18:19:00
office-occupancy-sensor-001,22.745,27.5,100.0,2015-02-04T18:20:00
office-occupancy-sensor-001,22.7,27.463,100.0,2015-02-04T18:21:00
office-occupancy-sensor-001,22.7,27.5,100.0,2015-02-04T18:22:00
office-occupancy-sensor-001,22.7,27.5,100.0,2015-02-04T18:23:00
office-occupancy-sensor-001,22.667,27.427,100.0,2015-02-04T18:23:59
office-occupancy-sensor-001,22.7,27.6,100.0,2015-02-04T18:24:59
office-occupancy-sensor-001,22.6,27.427,100.0,2015-02-04T18:26:00
office-occupancy-sensor-001,22.6,27.39,100.0,2015-02-04T18:27:00
office-occupancy-sensor-001,22.6,27.357,100.0,2015-02-04T18:28:00
office-occupancy-sensor-001,22.6,27.445,100.0,2015-02-04T18:29:00
office-occupancy-sensor-001,22.6,27.427,100.0,2015-02-04T18:29:59
office-occupancy-sensor-001,22.6,27.445,100.0,2015-02-04T18:30:59
office-occupancy-sensor-001,22.6,27.445,100.0,2015-02-04T18:32:00
office-occupancy-sensor-001,22.6,27.39,100.0,2015-02-04T18:33:00
office-occupancy-sensor-001,22.5,27.323,100.0,2015-02-04T18:34:00
office-occupancy-sensor-001,22.5,27.445,100.0,2015-02-04T18:35:00
office-occupancy-sensor-001,22.5,27.5,100.0,2015-02-04T18:36:00
office-occupancy-sensor-001,22.5,27.445,100.0,2015-02-04T18:36:59
office-occupancy-sensor-001,22.39,27.29,100.0,2015-02-04T18:38:00
office-occupancy-sensor-001,22.5,27.5,100.0,2015-02-04T18:39:00
office-occupancy-sensor-001,22.39,27.34,100.0,2015-02-04T18:40:00
office-occupancy-sensor-001,22.39,27.357,100.0,2015-02-04T18:40:59
office-occupancy-sensor-001,22.39,27.5,100.0,2015-02-04T18:42:00
office-occupancy-sensor-001,22.39,27.5,100.0,2015-02-04T18:42:59
office-occupancy-sensor-001,22.39,27.5,100.0,2015-02-04T18:43:59
office-occupancy-sensor-001,22.39,27.39,100.0,2015-02-04T18:45:00
office-occupancy-sensor-001,22.39,27.5,100.0,2015-02-04T18:46:00
office-occupancy-sensor-001,22.34,27.39,100.0,2015-02-04T18:47:00
office-occupancy-sensor-001,22.39,27.463,100.0,2015-02-04T18:48:00
office-occupancy-sensor-001,22.39,27.39,100.0,2015-02-04T18:49:00
office-occupancy-sensor-001,22.29,27.39,100.0,2015-02-04T18:49:59
office-occupancy-sensor-001,22.34,27.39,100.0,2015-02-04T18:51:00
office-occupancy-sensor-001,22.29,27.39,100.0,2015-02-04T18:52:00
office-occupancy-sensor-001,22.39,27.39,100.0,2015-02-04T18:53:00
office-occupancy-sensor-001,22.29,27.39,100.0,2015-02-04T18:53:59
office-occupancy-sensor-001,22.29,27.357,100.0,2015-02-04T18:55:00
office-occupancy-sensor-001,22.29,27.34,100.0,2015-02-04T18:55:59
office-occupancy-sensor-001,22.29,27.39,100.0,2015-02-04T18:56:59
office-occupancy-sensor-001,22.29,27.34,100.0,2015-02-04T18:58:00
office-occupancy-sensor-001,22.29,27.34,100.0,2015-02-04T18:59:00
office-occupancy-sensor-001,22.29,27.39,100.0,2015-02-04T19:00:00
office-occupancy-sensor-001,22.29,27.29,100.0,2015-02-04T19:01:00
office-occupancy-sensor-001,22.29,27.29,100.0,2015-02-04T19:01:59
office-occupancy-sensor-001,22.268,27.315,100.0,2015-02-04T19:02:59
office-occupancy-sensor-001,22.2,27.29,100.0,2015-02-04T19:04:00
office-occupancy-sensor-001,22.245,27.29,100.0,2015-02-04T19:05:00
office-occupancy-sensor-001,22.2,27.29,100.0,2015-02-04T19:06:00
office-occupancy-sensor-001,22.2,27.29,100.0,2015-02-04T19:07:00
office-occupancy-sensor-001,22.2,27.29,100.0,2015-02-04T19:08:00
office-occupancy-sensor-001,22.245,27.245,100.0,2015-02-04T19:08:59
office-occupancy-sensor-001,22.2,27.2,100.0,2015-02-04T19:09:59
office-occupancy-sensor-001,22.2,27.29,100.0,2015-02-04T19:11:00
office-occupancy-sensor-001,22.2,27.29,100.0,2015-02-04T19:12:00
office-occupancy-sensor-001,22.2,27.29,100.0,2015-02-04T19:13:00
office-occupancy-sensor-001,22.15,27.245,100.0,2015-02-04T19:14:00
office-occupancy-sensor-001,22.2,27.2,100.0,2015-02-04T19:14:59
office-occupancy-sensor-001,22.15,27.245,100.0,2015-02-04T19:15:59
office-occupancy-sensor-001,22.2,27.245,100.0,2015-02-04T19:17:00
office-occupancy-sensor-001,22.1,27.245,100.0,2015-02-04T19:18:00
office-occupancy-sensor-001,22.1,27.2,100.0,2015-02-04T19:19:00
office-occupancy-sensor-001,22.133,27.2,100.0,2015-02-04T19:20:00
office-occupancy-sensor-001,22.2,27.2,100.0,2015-02-04T19:21:00
office-occupancy-sensor-001,22.1,27.2,100.0,2015-02-04T19:21:59
office-occupancy-sensor-001,22.125,27.2,100.0,2015-02-04T19:23:00
office-occupancy-sensor-001,22.2,27.2,100.0,2015-02-04T19:24:00
office-occupancy-sensor-001,22.1,27.15,100.0,2015-02-04T19:25:00
office-occupancy-sensor-001,22.1,27.2,100.0,2015-02-04T19:25:59
office-occupancy-sensor-001,22.1,27.2,100.0,2015-02-04T19:27:00
office-occupancy-sensor-001,22.1,27.2,100.0,2015-02-04T19:27:59
office-occupancy-sensor-001,22.1,27.2,100.0,2015-02-04T19:28:59
office-occupancy-sensor-001,22.1,27.2,100.0,2015-02-04T19:30:00
office-occupancy-sensor-001,22.1,27.2,100.0,2015-02-04T19:31:00
office-occupancy-sensor-001,22.1,27.2,100.0,2015-02-04T19:32:00
office-occupancy-sensor-001,22.1,27.2,100.0,2015-02-04T19:33:00
office-occupancy-sensor-001,22.1,27.15,100.0,2015-02-04T19:34:00
office-occupancy-sensor-001,22.067,27.167,100.0,2015-02-04T19:34:59
office-occupancy-sensor-001,22.1,27.1,100.0,2015-02-04T19:36:00
office-occupancy-sensor-001,22.0,27.1,100.0,2015-02-04T19:37:00
office-occupancy-sensor-001,22.0,27.1,100.0,2015-02-04T19:38:00
office-occupancy-sensor-001,22.05,27.15,100.0,2015-02-04T19:38:59
office-occupancy-sensor-001,22.0,27.1,100.0,2015-02-04T19:40:00
office-occupancy-sensor-001,22.0,27.1,100.0,2015-02-04T19:40:59
office-occupancy-sensor-001,22.0,27.1,100.0,2015-02-04T19:41:59
office-occupancy-sensor-001,22.0,27.1,100.0,2015-02-04T19:43:00
office-occupancy-sensor-001,21.918,27.1,100.0,2015-02-04T19:44:00
office-occupancy-sensor-001,21.945,27.1,100.0,2015-02-04T19:45:00
office-occupancy-sensor-001,21.927,27.1,100.0,2015-02-04T19:46:00
office-occupancy-sensor-001,21.89,27.1,100.0,2015-02-04T19:46:59
office-occupancy-sensor-001,21.89,27.1,100.0,2015-02-04T19:47:59
office-occupancy-sensor-001,21.89,27.1,100.0,2015-02-04T19:49:00
office-occupancy-sensor-001,21.89,27.1,100.0,2015-02-04T19:50:00
office-occupancy-sensor-001,21.89,27.1,100.0,2015-02-04T19:51:00
office-occupancy-sensor-001,21.89,27.1,100.0,2015-02-04T19:52:00
office-occupancy-sensor-001,21.89,27.1,100.0,2015-02-04T19:53:00
office-occupancy-sensor-001,21.89,27.1,100.0,2015-02-04T19:53:59
office-occupancy-sensor-001,21.89,27.1,100.0,2015-02-04T19:54:59
office-occupancy-sensor-001,21.84,27.1,100.0,2015-02-04T19:56:00
office-occupancy-sensor-001,21.857,27.1,100.0,2015-02-04T19:57:00
office-occupancy-sensor-001,21.79,27.1,100.0,2015-02-04T19:58:00
office-occupancy-sensor-001,21.79,27.1,100.0,2015-02-04T19:59:00
office-occupancy-sensor-001,21.79,27.1,100.0,2015-02-04T19:59:59
office-occupancy-sensor-001,21.79,27.1,100.0,2015-02-04T20:00:59
office-occupancy-sensor-001,21.79,27.1,100.0,2015-02-04T20:02:00
office-occupancy-sensor-001,21.79,27.1,100.0,2015-02-04T20:03:00
office-occupancy-sensor-001,21.79,27.1,100.0,2015-02-04T20:04:00
office-occupancy-sensor-001,21.79,27.1,100.0,2015-02-04T20:05:00
office-occupancy-sensor-001,21.745,27.1,100.0,2015-02-04T20:06:00
office-occupancy-sensor-001,21.7,27.1,100.0,2015-02-04T20:06:59
office-occupancy-sensor-001,21.76,27.1,100.0,2015-02-04T20:08:00
office-occupancy-sensor-001,21.745,27.05,100.0,2015-02-04T20:09:00
office-occupancy-sensor-001,21.79,27.05,100.0,2015-02-04T20:10:00
office-occupancy-sensor-001,21.73,27.0,100.0,2015-02-04T20:10:59
office-occupancy-sensor-001,21.745,27.0,100.0,2015-02-04T20:12:00
office-occupancy-sensor-001,21.745,27.0,100.0,2015-02-04T20:12:59
office-occupancy-sensor-001,21.745,27.0,100.0,2015-02-04T20:13:59
office-occupancy-sensor-001,21.7,27.0,100.0,2015-02-04T20:15:00
office-occupancy-sensor-001,21.7,27.0,100.0,2015-02-04T20:16:00
office-occupancy-sensor-001,21.7,27.0,100.0,2015-02-04T20:17:00
office-occupancy-sensor-001,21.7,26.89,100.0,2015-02-04T20:18:00
office-occupancy-sensor-001,21.7,26.89,100.0,2015-02-04T20:19:00
office-occupancy-sensor-001,21.7,26.89,100.0,2015-02-04T20:19:59
office-occupancy-sensor-001,21.7,26.89,100.0,2015-02-04T20:21:00
office-occupancy-sensor-001,21.7,26.89,100.0,2015-02-04T20:22:00
office-occupancy-sensor-001,21.7,26.89,100.0,2015-02-04T20:23:00
office-occupancy-sensor-001,21.7,26.89,100.0,2015-02-04T20:23:59
office-occupancy-sensor-001,21.7,26.89,100.0,2015-02-04T20:25:00
office-occupancy-sensor-001,21.7,26.79,100.0,2015-02-04T20:25:59
office-occupancy-sensor-001,21.7,26.79,100.0,2015-02-04T20:26:59
office-occupancy-sensor-001,21.7,26.79,100.0,2015-02-04T20:28:00
office-occupancy-sensor-001,21.7,26.79,100.0,2015-02-04T20:29:00
office-occupancy-sensor-001,21.7,26.768,100.0,2015-02-04T20:30:00
office-occupancy-sensor-001,21.7,26.79,100.0,2015-02-04T20:31:00
office-occupancy-sensor-001,21.7,26.79,100.0,2015-02-04T20:31:59
office-occupancy-sensor-001,21.7,26.79,100.0,2015-02-04T20:32:59
office-occupancy-sensor-001,21.7,26.7,100.0,2015-02-04T20:34:00
office-occupancy-sensor-001,21.7,26.7,100.0,2015-02-04T20:35:00
office-occupancy-sensor-001,21.7,26.7,100.0,2015-02-04T20:36:00
office-occupancy-sensor-001,21.6,26.7,100.0,2015-02-04T20:37:00
office-occupancy-sensor-001,21.6,26.6,100.0,2015-02-04T20:38:00
office-occupancy-sensor-001,21.6,26.65,100.0,2015-02-04T20:38:59
office-occupancy-sensor-001,21.6,26.6,100.0,2015-02-04T20:39:59
office-occupancy-sensor-001,21.65,26.65,100.0,2015-02-04T20:41:00
office-occupancy-sensor-001,21.6,26.55,100.0,2015-02-04T20:42:00
office-occupancy-sensor-001,21.6,26.5,100.0,2015-02-04T20:43:00
office-occupancy-sensor-001,21.6,26.5,100.0,2015-02-04T20:44:00
office-occupancy-sensor-001,21.6,26.5,100.0,2015-02-04T20:44:59
office-occupancy-sensor-001,21.6,26.5,100.0,2015-02-04T20:45:59
office-occupancy-sensor-001,21.65,26.55,100.0,2015-02-04T20:47:00
office-occupancy-sensor-001,21.6,26.5,100.0,2015-02-04T20:48:00
office-occupancy-sensor-001,21.6,26.445,100.0,2015-02-04T20:49:00
office-occupancy-sensor-001,21.6,26.472,100.0,2015-02-04T20:50:00
office-occupancy-sensor-001,21.6,26.445,100.0,2015-02-04T20:51:00
office-occupancy-sensor-001,21.6,26.445,100.0,2015-02-04T20:51:59
office-occupancy-sensor-001,21.6,26.39,100.0,2015-02-04T20:53:00
office-occupancy-sensor-001,21.6,26.39,100.0,2015-02-04T20:54:00
office-occupancy-sensor-001,21.6,26.39,100.0,2015-02-04T20:55:00
office-occupancy-sensor-001,21.6,26.39,100.0,2015-02-04T20:55:59
office-occupancy-sensor-001,21.6,26.39,100.0,2015-02-04T20:57:00
office-occupancy-sensor-001,21.575,26.315,100.0,2015-02-04T20:57:59
office-occupancy-sensor-001,21.6,26.29,100.0,2015-02-04T20:58:59
office-occupancy-sensor-001,21.6,26.29,100.0,2015-02-04T21:00:00
office-occupancy-sensor-001,21.55,26.245,100.0,2015-02-04T21:01:00
office-occupancy-sensor-001,21.55,26.245,100.0,2015-02-04T21:02:00
office-occupancy-sensor-001,21.5,26.2,100.0,2015-02-04T21:03:00
office-occupancy-sensor-001,21.567,26.2,100.0,2015-02-04T21:04:00
office-occupancy-sensor-001,21.5,26.2,100.0,2015-02-04T21:04:59
office-occupancy-sensor-001,21.5,26.2,100.0,2015-02-04T21:06:00
office-occupancy-sensor-001,21.5,26.15,100.0,2015-02-04T21:07:00
office-occupancy-sensor-001,21.5,26.15,100.0,2015-02-04T21:08:00
office-occupancy-sensor-001,21.5,26.1,100.0,2015-02-04T21:08:59
office-occupancy-sensor-001,21.5,26.1,100.0,2015-02-04T21:10:00
office-occupancy-sensor-001,21.5,26.1,100.0,2015-02-04T21:10:59
office-occupancy-sensor-001,21.5,26.1,100.0,2015-02-04T21:11:59
office-occupancy-sensor-001,21.5,26.05,100.0,2015-02-04T21:13:00
office-occupancy-sensor-001,21.5,26.1,100.0,2015-02-04T21:14:00
office-occupancy-sensor-001,21.5,26.0,100.0,2015-02-04T21:15:00
office-occupancy-sensor-001,21.5,26.0,100.0,2015-02-04T21:16:00
office-occupancy-sensor-001,21.5,26.0,100.0,2015-02-04T21:16:59
office-occupancy-sensor-001,21.5,26.0,100.0,2015-02-04T21:17:59
office-occupancy-sensor-001,21.5,26.0,100.0,2015-02-04T21:19:00
office-occupancy-sensor-001,21.5,26.0,100.0,2015-02-04T21:20:00
office-occupancy-sensor-001,21.5,26.0,100.0,2015-02-04T21:21:00
office-occupancy-sensor-001,21.5,25.89,100.0,2015-02-04T21:22:00
office-occupancy-sensor-001,21.5,26.0,100.0,2015-02-04T21:23:00
office-occupancy-sensor-001,21.5,26.0,100.0,2015-02-04T21:23:59
office-occupancy-sensor-001,21.5,25.927,100.0,2015-02-04T21:24:59
office-occupancy-sensor-001,21.5,25.89,100.0,2015-02-04T21:26:00
office-occupancy-sensor-001,21.5,25.89,100.0,2015-02-04T21:27:00
office-occupancy-sensor-001,21.5,25.89,100.0,2015-02-04T21:28:00
office-occupancy-sensor-001,21.5,25.84,100.0,2015-02-04T21:29:00
office-occupancy-sensor-001,21.5,25.84,100.0,2015-02-04T21:29:59
office-occupancy-sensor-001,21.5,25.89,100.0,2015-02-04T21:30:59
office-occupancy-sensor-001,21.5,25.89,100.0,2015-02-04T21:32:00
office-occupancy-sensor-001,21.5,25.89,100.0,2015-02-04T21:33:00
office-occupancy-sensor-001,21.472,25.865,100.0,2015-02-04T21:34:00
office-occupancy-sensor-001,21.5,25.84,100.0,2015-02-04T21:35:00
office-occupancy-sensor-001,21.5,25.79,100.0,2015-02-04T21:36:00
office-occupancy-sensor-001,21.5,25.79,100.0,2015-02-04T21:36:59
office-occupancy-sensor-001,21.5,25.79,100.0,2015-02-04T21:38:00
office-occupancy-sensor-001,21.445,25.745,100.0,2015-02-04T21:39:00
office-occupancy-sensor-001,21.445,25.745,100.0,2015-02-04T21:40:00
office-occupancy-sensor-001,21.463,25.76,100.0,2015-02-04T21:40:59
office-occupancy-sensor-001,21.445,25.745,100.0,2015-02-04T21:42:00
office-occupancy-sensor-001,21.5,25.79,100.0,2015-02-04T21:42:59
office-occupancy-sensor-001,21.427,25.73,100.0,2015-02-04T21:43:59
office-occupancy-sensor-001,21.39,25.7,100.0,2015-02-04T21:45:00
office-occupancy-sensor-001,21.39,25.7,100.0,2015-02-04T21:46:00
office-occupancy-sensor-001,21.445,25.745,100.0,2015-02-04T21:47:00
office-occupancy-sensor-001,21.5,25.79,100.0,2015-02-04T21:48:00
office-occupancy-sensor-001,21.39,25.7,100.0,2015-02-04T21:49:00
office-occupancy-sensor-001,21.445,25.745,100.0,2015-02-04T21:49:59
office-occupancy-sensor-001,21.445,25.745,100.0,2015-02-04T21:51:00
office-occupancy-sensor-001,21.39,25.7,100.0,2015-02-04T21:52:00
office-occupancy-sensor-001,21.5,25.79,100.0,2015-02-04T21:53:00
office-occupancy-sensor-001,21.39,25.7,100.0,2015-02-04T21:53:59
office-occupancy-sensor-001,21.427,25.73,100.0,2015-02-04T21:55:00
office-occupancy-sensor-001,21.39,25.7,100.0,2015-02-04T21:55:59
office-occupancy-sensor-001,21.39,25.7,100.0,2015-02-04T21:56:59
office-occupancy-sensor-001,21.39,25.7,100.0,2015-02-04T21:58:00
office-occupancy-sensor-001,21.39,25.7,100.0,2015-02-04T21:59:00
office-occupancy-sensor-001,21.39,25.7,100.0,2015-02-04T22:00:00
office-occupancy-sensor-001,21.39,25.7,100.0,2015-02-04T22:01:00
office-occupancy-sensor-001,21.39,25.7,100.0,2015-02-04T22:01:59
office-occupancy-sensor-001,21.39,25.7,100.0,2015-02-04T22:02:59
office-occupancy-sensor-001,21.39,25.7,100.0,2015-02-04T22:04:00
office-occupancy-sensor-001,21.39,25.7,100.0,2015-02-04T22:05:00
office-occupancy-sensor-001,21.39,25.7,100.0,2015-02-04T22:06:00
office-occupancy-sensor-001,21.39,25.7,100.0,2015-02-04T22:07:00
office-occupancy-sensor-001,21.39,25.7,100.0,2015-02-04T22:08:00
office-occupancy-sensor-001,21.39,25.7,100.0,2015-02-04T22:08:59
office-occupancy-sensor-001,21.39,25.7,100.0,2015-02-04T22:09:59
office-occupancy-sensor-001,21.39,25.7,100.0,2015-02-04T22:11:00
office-occupancy-sensor-001,21.39,25.7,100.0,2015-02-04T22:12:00
office-occupancy-sensor-001,21.39,25.7,100.0,2015-02-04T22:13:00
office-occupancy-sensor-001,21.39,25.7,100.0,2015-02-04T22:14:00
office-occupancy-sensor-001,21.39,25.7,100.0,2015-02-04T22:14:59
office-occupancy-sensor-001,21.39,25.7,100.0,2015-02-04T22:15:59
office-occupancy-sensor-001,21.39,25.7,100.0,2015-02-04T22:17:00
office-occupancy-sensor-001,21.34,25.7,100.0,2015-02-04T22:18:00
office-occupancy-sensor-001,21.39,25.7,100.0,2015-02-04T22:19:00
office-occupancy-sensor-001,21.39,25.7,100.0,2015-02-04T22:20:00
office-occupancy-sensor-001,21.39,25.7,100.0,2015-02-04T22:21:00
office-occupancy-sensor-001,21.29,25.7,100.0,2015-02-04T22:21:59
office-occupancy-sensor-001,21.34,25.7,100.0,2015-02-04T22:23:00
office-occupancy-sensor-001,21.29,25.7,100.0,2015-02-04T22:24:00
office-occupancy-sensor-001,21.34,25.7,100.0,2015-02-04T22:25:00
office-occupancy-sensor-001,21.323,25.7,100.0,2015-02-04T22:25:59
office-occupancy-sensor-001,21.34,25.7,100.0,2015-02-04T22:27:00
office-occupancy-sensor-001,21.29,25.7,100.0,2015-02-04T22:27:59
office-occupancy-sensor-001,21.39,25.7,100.0,2015-02-04T22:28:59
office-occupancy-sensor-001,21.39,25.7,100.0,2015-02-04T22:30:00
office-occupancy-sensor-001,21.29,25.7,100.0,2015-02-04T22:31:00
office-occupancy-sensor-001,21.29,25.7,100.0,2015-02-04T22:32:00
office-occupancy-sensor-001,21.34,25.7,100.0,2015-02-04T22:33:00
office-occupancy-sensor-001,21.29,25.7,100.0,2015-02-04T22:34:00
office-occupancy-sensor-001,21.39,25.7,100.0,2015-02-04T22:34:59
office-occupancy-sensor-001,21.29,25.7,100.0,2015-02-04T22:36:00
office-occupancy-sensor-001,21.34,25.7,100.0,2015-02-04T22:37:00
office-occupancy-sensor-001,21.29,25.7,100.0,2015-02-04T22:38:00
office-occupancy-sensor-001,21.29,25.7,100.0,2015-02-04T22:38:59
office-occupancy-sensor-001,21.29,25.7,100.0,2015-02-04T22:40:00
office-occupancy-sensor-001,21.29,25.7,100.0,2015-02-04T22:40:59
office-occupancy-sensor-001,21.29,25.7,100.0,2015-02-04T22:41:59
office-occupancy-sensor-001,21.29,25.7,100.0,2015-02-04T22:43:00
office-occupancy-sensor-001,21.29,25.7,100.0,2015-02-04T22:44:00
office-occupancy-sensor-001,21.29,25.7,100.0,2015-02-04T22:45:00
office-occupancy-sensor-001,21.29,25.7,100.0,2015-02-04T22:46:00
office-occupancy-sensor-001,21.29,25.7,100.0,2015-02-04T22:46:59
office-occupancy-sensor-001,21.29,25.7,100.0,2015-02-04T22:47:59
office-occupancy-sensor-001,21.29,25.7,100.0,2015-02-04T22:49:00
office-occupancy-sensor-001,21.29,25.7,100.0,2015-02-04T22:50:00
office-occupancy-sensor-001,21.29,25.7,100.0,2015-02-04T22:51:00
office-occupancy-sensor-001,21.2,25.6,100.0,2015-02-04T22:52:00
office-occupancy-sensor-001,21.29,25.7,100.0,2015-02-04T22:53:00
office-occupancy-sensor-001,21.29,25.7,100.0,2015-02-04T22:53:59
office-occupancy-sensor-001,21.26,25.667,100.0,2015-02-04T22:54:59
office-occupancy-sensor-001,21.245,25.65,100.0,2015-02-04T22:56:00
office-occupancy-sensor-001,21.23,25.633,100.0,2015-02-04T22:57:00
office-occupancy-sensor-001,21.29,25.7,100.0,2015-02-04T22:58:00
office-occupancy-sensor-001,21.2,25.6,100.0,2015-02-04T22:59:00
office-occupancy-sensor-001,21.2,25.6,100.0,2015-02-04T22:59:59
office-occupancy-sensor-001,21.245,25.65,100.0,2015-02-04T23:00:59
office-occupancy-sensor-001,21.245,25.65,100.0,2015-02-04T23:02:00
office-occupancy-sensor-001,21.2,25.6,100.0,2015-02-04T23:03:00
office-occupancy-sensor-001,21.2,25.6,100.0,2015-02-04T23:04:00
office-occupancy-sensor-001,21.2,25.6,100.0,2015-02-04T23:05:00
office-occupancy-sensor-001,21.2,25.6,100.0,2015-02-04T23:06:00
office-occupancy-sensor-001,21.2,25.6,100.0,2015-02-04T23:06:59
office-occupancy-sensor-001,21.2,25.6,100.0,2015-02-04T23:08:00
office-occupancy-sensor-001,21.2,25.6,100.0,2015-02-04T23:09:00
office-occupancy-sensor-001,21.2,25.6,100.0,2015-02-04T23:10:00
office-occupancy-sensor-001,21.2,25.6,100.0,2015-02-04T23:10:59
office-occupancy-sensor-001,21.2,25.6,100.0,2015-02-04T23:12:00
office-occupancy-sensor-001,21.2,25.55,100.0,2015-02-04T23:12:59
office-occupancy-sensor-001,21.2,25.5,100.0,2015-02-04T23:13:59
office-occupancy-sensor-001,21.2,25.5,100.0,2015-02-04T23:15:00
office-occupancy-sensor-001,21.2,25.5,100.0,2015-02-04T23:16:00
office-occupancy-sensor-001,21.2,25.5,100.0,2015-02-04T23:17:00
office-occupancy-sensor-001,21.2,25.5,100.0,2015-02-04T23:18:00
office-occupancy-sensor-001,21.2,25.5,100.0,2015-02-04T23:19:00
office-occupancy-sensor-001,21.2,25.445,100.0,2015-02-04T23:19:59
office-occupancy-sensor-001,21.2,25.5,100.0,2015-02-04T23:21:00
office-occupancy-sensor-001,21.2,25.39,100.0,2015-02-04T23:22:00
office-occupancy-sensor-001,21.2,25.39,100.0,2015-02-04T23:23:00
office-occupancy-sensor-001,21.2,25.39,100.0,2015-02-04T23:23:59
office-occupancy-sensor-001,21.2,25.39,100.0,2015-02-04T23:25:00
office-occupancy-sensor-001,21.2,25.39,100.0,2015-02-04T23:25:59
office-occupancy-sensor-001,21.2,25.39,100.0,2015-02-04T23:26:59
office-occupancy-sensor-001,21.2,25.39,100.0,2015-02-04T23:28:00
office-occupancy-sensor-001,21.2,25.39,100.0,2015-02-04T23:29:00
office-occupancy-sensor-001,21.2,25.39,100.0,2015-02-04T23:30:00
office-occupancy-sensor-001,21.2,25.39,100.0,2015-02-04T23:31:00
office-occupancy-sensor-001,21.2,25.29,100.0,2015-02-04T23:31:59
office-occupancy-sensor-001,21.2,25.39,100.0,2015-02-04T23:32:59
office-occupancy-sensor-001,21.2,25.29,100.0,2015-02-04T23:34:00
office-occupancy-sensor-001,21.2,25.34,100.0,2015-02-04T23:35:00
office-occupancy-sensor-001,21.2,25.39,100.0,2015-02-04T23:36:00
office-occupancy-sensor-001,21.2,25.34,100.0,2015-02-04T23:37:00
office-occupancy-sensor-001,21.2,25.29,100.0,2015-02-04T23:38:00
office-occupancy-sensor-001,21.2,25.365,100.0,2015-02-04T23:38:59
office-occupancy-sensor-001,21.2,25.39,100.0,2015-02-04T23:39:59
office-occupancy-sensor-001,21.2,25.39,100.0,2015-02-04T23:41:00
office-occupancy-sensor-001,21.15,25.39,100.0,2015-02-04T23:42:00
office-occupancy-sensor-001,21.2,25.39,100.0,2015-02-04T23:43:00
office-occupancy-sensor-001,21.2,25.39,100.0,2015-02-04T23:44:00
office-occupancy-sensor-001,21.2,25.39,100.0,2015-02-04T23:44:59
office-occupancy-sensor-001,21.2,25.29,100.0,2015-02-04T23:45:59
office-occupancy-sensor-001,21.2,25.34,100.0,2015-02-04T23:47:00
office-occupancy-sensor-001,21.2,25.29,100.0,2015-02-04T23:48:00
office-occupancy-sensor-001,21.2,25.29,100.0,2015-02-04T23:49:00
office-occupancy-sensor-001,21.2,25.29,100.0,2015-02-04T23:50:00
office-occupancy-sensor-001,21.2,25.29,100.0,2015-02-04T23:51:00
office-occupancy-sensor-001,21.2,25.29,100.0,2015-02-04T23:51:59
office-occupancy-sensor-001,21.2,25.29,100.0,2015-02-04T23:53:00
office-occupancy-sensor-001,21.2,25.29,100.0,2015-02-04T23:54:00
office-occupancy-sensor-001,21.2,25.29,100.0,2015-02-04T23:55:00
office-occupancy-sensor-001,21.245,25.245,100.0,2015-02-04T23:55:59
office-occupancy-sensor-001,21.23,25.23,100.0,2015-02-04T23:57:00
office-occupancy-sensor-001,21.29,25.29,100.0,2015-02-04T23:57:59
office-occupancy-sensor-001,21.2,25.2,100.0,2015-02-04T23:58:59
office-occupancy-sensor-001,21.245,25.245,100.0,2015-02-05T00:00:00
office-occupancy-sensor-001,21.245,25.245,100.0,2015-02-05T00:01:00
office-occupancy-sensor-001,21.26,25.26,100.0,2015-02-05T00:02:00
office-occupancy-sensor-001,21.245,25.245,100.0,2015-02-05T00:03:00
office-occupancy-sensor-001,21.245,25.2,100.0,2015-02-05T00:04:00
office-occupancy-sensor-001,21.29,25.2,100.0,2015-02-05T00:04:59
office-occupancy-sensor-001,21.245,25.2,100.0,2015-02-05T00:06:00
office-occupancy-sensor-001,21.29,25.2,100.0,2015-02-05T00:07:00
office-occupancy-sensor-001,21.29,25.2,100.0,2015-02-05T00:08:00
office-occupancy-sensor-001,21.29,25.2,100.0,2015-02-05T00:08:59
office-occupancy-sensor-001,21.29,25.2,100.0,2015-02-05T00:10:00
office-occupancy-sensor-001,21.29,25.2,100.0,2015-02-05T00:10:59
office-occupancy-sensor-001,21.29,25.2,100.0,2015-02-05T00:11:59
office-occupancy-sensor-001,21.29,25.2,100.0,2015-02-05T00:13:00
office-occupancy-sensor-001,21.29,25.2,100.0,2015-02-05T00:14:00
office-occupancy-sensor-001,21.29,25.2,100.0,2015-02-05T00:15:00
office-occupancy-sensor-001,21.29,25.2,100.0,2015-02-05T00:16:00
office-occupancy-sensor-001,21.29,25.2,100.0,2015-02-05T00:16:59
office-occupancy-sensor-001,21.29,25.2,100.0,2015-02-05T00:17:59
office-occupancy-sensor-001,21.29,25.2,100.0,2015-02-05T00:19:00
office-occupancy-sensor-001,21.29,25.2,100.0,2015-02-05T00:20:00
office-occupancy-sensor-001,21.29,25.2,100.0,2015-02-05T00:21:00
office-occupancy-sensor-001,21.29,25.2,100.0,2015-02-05T00:22:00
office-occupancy-sensor-001,21.29,25.2,100.0,2015-02-05T00:23:00
office-occupancy-sensor-001,21.29,25.2,100.0,2015-02-05T00:23:59
office-occupancy-sensor-001,21.29,25.2,100.0,2015-02-05T00:24:59
office-occupancy-sensor-001,21.29,25.245,100.0,2015-02-05T00:26:00
office-occupancy-sensor-001,21.29,25.245,100.0,2015-02-05T00:27:00
office-occupancy-sensor-001,21.2,25.2,100.0,2015-02-05T00:28:00
office-occupancy-sensor-001,21.2,25.2,100.0,2015-02-05T00:29:00
office-occupancy-sensor-001,21.2,25.2,100.0,2015-02-05T00:29:59
office-occupancy-sensor-001,21.2,25.2,100.0,2015-02-05T00:30:59
office-occupancy-sensor-001,21.2,25.2,100.0,2015-02-05T00:32:00
office-occupancy-sensor-001,21.2,25.245,100.0,2015-02-05T00:33:00
office-occupancy-sensor-001,21.2,25.245,100.0,2015-02-05T00:34:00
office-occupancy-sensor-001,21.2,25.29,100.0,2015-02-05T00:35:00
office-occupancy-sensor-001,21.2,25.29,100.0,2015-02-05T00:36:00
office-occupancy-sensor-001,21.2,25.29,100.0,2015-02-05T00:36:59
office-occupancy-sensor-001,21.167,25.357,100.0,2015-02-05T00:38:00
office-occupancy-sensor-001,21.167,25.39,100.0,2015-02-05T00:39:00
office-occupancy-sensor-001,21.15,25.39,100.0,2015-02-05T00:40:00
office-occupancy-sensor-001,21.1,25.39,100.0,2015-02-05T00:40:59
office-occupancy-sensor-001,21.15,25.39,100.0,2015-02-05T00:42:00
office-occupancy-sensor-001,21.1,25.39,100.0,2015-02-05T00:42:59
office-occupancy-sensor-001,21.1,25.39,100.0,2015-02-05T00:43:59
office-occupancy-sensor-001,21.1,25.463,100.0,2015-02-05T00:45:00
office-occupancy-sensor-001,21.1,25.5,100.0,2015-02-05T00:46:00
office-occupancy-sensor-001,21.1,25.5,100.0,2015-02-05T00:47:00
office-occupancy-sensor-001,21.05,25.445,100.0,2015-02-05T00:48:00
office-occupancy-sensor-001,21.1,25.5,100.0,2015-02-05T00:49:00
office-occupancy-sensor-001,21.05,25.445,100.0,2015-02-05T00:49:59
office-occupancy-sensor-001,21.05,25.445,100.0,2015-02-05T00:51:00
office-occupancy-sensor-001,21.1,25.5,100.0,2015-02-05T00:52:00
office-occupancy-sensor-001,21.0,25.39,100.0,2015-02-05T00:53:00
office-occupancy-sensor-001,21.1,25.5,100.0,2015-02-05T00:53:59
office-occupancy-sensor-001,21.1,25.5,100.0,2015-02-05T00:55:00
office-occupancy-sensor-001,21.1,25.5,100.0,2015-02-05T00:55:59
office-occupancy-sensor-001,21.1,25.39,100.0,2015-02-05T00:56:59
office-occupancy-sensor-001,21.1,25.39,100.0,2015-02-05T00:58:00
office-occupancy-sensor-001,21.1,25.39,100.0,2015-02-05T00:59:00
office-occupancy-sensor-001,21.1,25.39,100.0,2015-02-05T01:00:00
office-occupancy-sensor-001,21.1,25.39,100.0,2015-02-05T01:01:00
office-occupancy-sensor-001,21.05,25.34,100.0,2015-02-05T01:01:59
office-occupancy-sensor-001,21.1,25.39,100.0,2015-02-05T01:02:59
office-occupancy-sensor-001,21.1,25.39,100.0,2015-02-05T01:04:00
office-occupancy-sensor-001,21.1,25.39,100.0,2015-02-05T01:05:00
office-occupancy-sensor-001,21.1,25.39,100.0,2015-02-05T01:06:00
office-occupancy-sensor-001,21.15,25.39,100.0,2015-02-05T01:07:00
office-occupancy-sensor-001,21.1,25.39,100.0,2015-02-05T01:08:00
office-occupancy-sensor-001,21.125,25.39,100.0,2015-02-05T01:08:59
office-occupancy-sensor-001,21.133,25.39,100.0,2015-02-05T01:09:59
office-occupancy-sensor-001,21.1,25.34,100.0,2015-02-05T01:11:00
office-occupancy-sensor-001,21.1,25.34,100.0,2015-02-05T01:12:00
office-occupancy-sensor-001,21.15,25.34,100.0,2015-02-05T01:13:00
office-occupancy-sensor-001,21.2,25.29,100.0,2015-02-05T01:14:00
office-occupancy-sensor-001,21.15,25.29,100.0,2015-02-05T01:14:59
office-occupancy-sensor-001,21.15,25.245,100.0,2015-02-05T01:15:59
office-occupancy-sensor-001,21.2,25.245,100.0,2015-02-05T01:17:00
office-occupancy-sensor-001,21.2,25.2,100.0,2015-02-05T01:18:00
office-occupancy-sensor-001,21.2,25.2,100.0,2015-02-05T01:19:00
office-occupancy-sensor-001,21.133,25.2,100.0,2015-02-05T01:20:00
office-occupancy-sensor-001,21.167,25.2,100.0,2015-02-05T01:21:00
office-occupancy-sensor-001,21.2,25.2,100.0,2015-02-05T01:21:59
office-occupancy-sensor-001,21.2,25.2,100.0,2015-02-05T01:23:00
office-occupancy-sensor-001,21.2,25.2,100.0,2015-02-05T01:24:00
office-occupancy-sensor-001,21.2,25.2,100.0,2015-02-05T01:25:00
office-occupancy-sensor-001,21.2,25.2,100.0,2015-02-05T01:25:59
office-occupancy-sensor-001,21.2,25.2,100.0,2015-02-05T01:27:00
office-occupancy-sensor-001,21.2,25.1,100.0,2015-02-05T01:27:59
office-occupancy-sensor-001,21.2,25.1,100.0,2015-02-05T01:28:59
office-occupancy-sensor-001,21.2,25.1,100.0,2015-02-05T01:30:00
office-occupancy-sensor-001,21.2,25.15,100.0,2015-02-05T01:31:00
office-occupancy-sensor-001,21.2,25.1,100.0,2015-02-05T01:32:00
office-occupancy-sensor-001,21.2,25.1,100.0,2015-02-05T01:33:00
office-occupancy-sensor-001,21.2,25.1,100.0,2015-02-05T01:34:00
office-occupancy-sensor-001,21.2,25.1,100.0,2015-02-05T01:34:59
office-occupancy-sensor-001,21.2,25.1,100.0,2015-02-05T01:36:00
office-occupancy-sensor-001,21.2,25.1,100.0,2015-02-05T01:37:00
office-occupancy-sensor-001,21.2,25.1,100.0,2015-02-05T01:38:00
office-occupancy-sensor-001,21.2,25.1,100.0,2015-02-05T01:38:59
office-occupancy-sensor-001,21.2,25.1,100.0,2015-02-05T01:40:00
office-occupancy-sensor-001,21.2,25.1,100.0,2015-02-05T01:40:59
office-occupancy-sensor-001,21.2,25.1,100.0,2015-02-05T01:41:59
office-occupancy-sensor-001,21.2,25.05,100.0,2015-02-05T01:43:00
office-occupancy-sensor-001,21.2,25.0,100.0,2015-02-05T01:44:00
office-occupancy-sensor-001,21.2,25.0,100.0,2015-02-05T01:45:00
office-occupancy-sensor-001,21.2,25.0,100.0,2015-02-05T01:46:00
office-occupancy-sensor-001,21.2,25.0,100.0,2015-02-05T01:46:59
office-occupancy-sensor-001,21.2,25.0,100.0,2015-02-05T01:47:59
office-occupancy-sensor-001,21.2,25.0,100.0,2015-02-05T01:49:00
office-occupancy-sensor-001,21.2,25.1,100.0,2015-02-05T01:50:00
office-occupancy-sensor-001,21.125,25.1,100.0,2015-02-05T01:51:00
office-occupancy-sensor-001,21.1,25.0,100.0,2015-02-05T01:52:00
office-occupancy-sensor-001,21.1,25.1,100.0,2015-02-05T01:53:00
office-occupancy-sensor-001,21.1,25.1,100.0,2015-02-05T01:53:59
office-occupancy-sensor-001,21.1,25.067,100.0,2015-02-05T01:54:59
office-occupancy-sensor-001,21.1,25.0,100.0,2015-02-05T01:56:00
office-occupancy-sensor-001,21.1,25.1,100.0,2015-02-05T01:57:00
office-occupancy-sensor-001,21.05,25.05,100.0,2015-02-05T01:58:00
office-occupancy-sensor-001,21.1,25.1,100.0,2015-02-05T01:59:00
office-occupancy-sensor-001,21.1,25.1,100.0,2015-02-05T01:59:59
office-occupancy-sensor-001,21.0,25.0,100.0,2015-02-05T02:00:59
office-occupancy-sensor-001,21.0,25.0,100.0,2015-02-05T02:02:00
office-occupancy-sensor-001,21.0,25.0,100.0,2015-02-05T02:03:00
office-occupancy-sensor-001,21.0,25.0,100.0,2015-02-05T02:04:00
office-occupancy-sensor-001,21.0,25.0,100.0,2015-02-05T02:05:00
office-occupancy-sensor-001,21.0,25.0,100.0,2015-02-05T02:06:00
office-occupancy-sensor-001,21.0,25.0,100.0,2015-02-05T02:06:59
office-occupancy-sensor-001,21.0,25.0,100.0,2015-02-05T02:08:00
office-occupancy-sensor-001,21.0,25.0,100.0,2015-02-05T02:09:00
office-occupancy-sensor-001,21.0,25.05,100.0,2015-02-05T02:10:00
office-occupancy-sensor-001,21.0,25.1,100.0,2015-02-05T02:10:59
office-occupancy-sensor-001,21.0,25.0,100.0,2015-02-05T02:12:00
office-occupancy-sensor-001,21.0,25.0,100.0,2015-02-05T02:12:59
office-occupancy-sensor-001,21.0,25.0,100.0,2015-02-05T02:13:59
office-occupancy-sensor-001,21.0,25.0,100.0,2015-02-05T02:15:00
office-occupancy-sensor-001,21.0,25.0,100.0,2015-02-05T02:16:00
office-occupancy-sensor-001,21.0,25.0,100.0,2015-02-05T02:17:00
office-occupancy-sensor-001,21.0,25.0,100.0,2015-02-05T02:18:00
office-occupancy-sensor-001,21.0,25.0,100.0,2015-02-05T02:19:00
office-occupancy-sensor-001,21.0,25.0,100.0,2015-02-05T02:19:59
office-occupancy-sensor-001,21.0,25.0,100.0,2015-02-05T02:21:00
office-occupancy-sensor-001,21.0,25.0,100.0,2015-02-05T02:22:00
office-occupancy-sensor-001,21.0,24.89,100.0,2015-02-05T02:23:00
office-occupancy-sensor-001,21.0,24.89,100.0,2015-02-05T02:23:59
office-occupancy-sensor-001,21.0,24.89,100.0,2015-02-05T02:25:00
office-occupancy-sensor-001,21.05,24.945,100.0,2015-02-05T02:25:59
office-occupancy-sensor-001,21.05,24.945,100.0,2015-02-05T02:26:59
office-occupancy-sensor-001,21.0,24.89,100.0,2015-02-05T02:28:00
office-occupancy-sensor-001,21.033,24.927,100.0,2015-02-05T02:29:00
office-occupancy-sensor-001,21.05,24.945,100.0,2015-02-05T02:30:00
office-occupancy-sensor-001,21.05,24.945,100.0,2015-02-05T02:31:00
office-occupancy-sensor-001,21.1,25.0,100.0,2015-02-05T02:31:59
office-occupancy-sensor-001,21.05,24.945,100.0,2015-02-05T02:32:59
office-occupancy-sensor-001,21.0,24.89,100.0,2015-02-05T02:34:00
office-occupancy-sensor-001,21.1,24.89,100.0,2015-02-05T02:35:00
office-occupancy-sensor-001,21.1,24.89,100.0,2015-02-05T02:36:00
office-occupancy-sensor-001,21.033,24.89,100.0,2015-02-05T02:37:00
office-occupancy-sensor-001,21.075,24.972,100.0,2015-02-05T02:38:00
office-occupancy-sensor-001,21.033,24.927,100.0,2015-02-05T02:38:59
office-occupancy-sensor-001,21.1,24.945,100.0,2015-02-05T02:39:59
office-occupancy-sensor-001,21.1,24.918,100.0,2015-02-05T02:41:00
office-occupancy-sensor-001,21.1,24.89,100.0,2015-02-05T02:42:00
office-occupancy-sensor-001,21.1,24.89,100.0,2015-02-05T02:43:00
office-occupancy-sensor-001,21.1,24.89,100.0,2015-02-05T02:44:00
office-occupancy-sensor-001,21.1,24.89,100.0,2015-02-05T02:44:59
office-occupancy-sensor-001,21.05,24.84,100.0,2015-02-05T02:45:59
office-occupancy-sensor-001,21.1,24.89,100.0,2015-02-05T02:47:00
office-occupancy-sensor-001,21.05,24.84,100.0,2015-02-05T02:48:00
office-occupancy-sensor-001,21.067,24.857,100.0,2015-02-05T02:49:00
office-occupancy-sensor-001,21.1,24.89,100.0,2015-02-05T02:50:00
office-occupancy-sensor-001,21.033,24.823,100.0,2015-02-05T02:51:00
office-occupancy-sensor-001,21.025,24.84,100.0,2015-02-05T02:51:59
office-occupancy-sensor-001,21.0,24.79,100.0,2015-02-05T02:53:00
office-occupancy-sensor-001,21.0,24.823,100.0,2015-02-05T02:54:00
office-occupancy-sensor-001,21.0,24.857,100.0,2015-02-05T02:55:00
office-occupancy-sensor-001,21.0,24.89,100.0,2015-02-05T02:55:59
office-occupancy-sensor-001,21.0,24.89,100.0,2015-02-05T02:57:00
office-occupancy-sensor-001,21.0,24.89,100.0,2015-02-05T02:57:59
office-occupancy-sensor-001,21.0,24.84,100.0,2015-02-05T02:58:59
office-occupancy-sensor-001,21.0,24.89,100.0,2015-02-05T03:00:00
office-occupancy-sensor-001,21.0,24.89,100.0,2015-02-05T03:01:00
office-occupancy-sensor-001,21.0,24.89,100.0,2015-02-05T03:02:00
office-occupancy-sensor-001,21.0,24.89,100.0,2015-02-05T03:03:00
office-occupancy-sensor-001,21.0,24.89,100.0,2015-02-05T03:04:00
office-occupancy-sensor-001,21.0,24.89,100.0,2015-02-05T03:04:59
office-occupancy-sensor-001,20.945,24.89,100.0,2015-02-05T03:06:00
office-occupancy-sensor-001,20.963,24.89,100.0,2015-02-05T03:07:00
office-occupancy-sensor-001,20.89,24.89,100.0,2015-02-05T03:08:00
office-occupancy-sensor-001,20.927,24.89,100.0,2015-02-05T03:08:59
office-occupancy-sensor-001,21.0,24.89,100.0,2015-02-05T03:10:00
office-occupancy-sensor-001,20.89,24.89,100.0,2015-02-05T03:10:59
office-occupancy-sensor-001,20.89,24.89,100.0,2015-02-05T03:11:59
office-occupancy-sensor-001,20.89,24.89,100.0,2015-02-05T03:13:00
office-occupancy-sensor-001,20.89,24.89,100.0,2015-02-05T03:14:00
office-occupancy-sensor-001,20.89,24.89,100.0,2015-02-05T03:15:00
office-occupancy-sensor-001,20.89,24.89,100.0,2015-02-05T03:16:00
office-occupancy-sensor-001,20.89,24.89,100.0,2015-02-05T03:16:59
office-occupancy-sensor-001,20.89,24.89,100.0,2015-02-05T03:17:59
office-occupancy-sensor-001,20.89,24.89,100.0,2015-02-05T03:19:00
office-occupancy-sensor-001,20.89,24.89,100.0,2015-02-05T03:20:00
office-occupancy-sensor-001,20.89,24.89,100.0,2015-02-05T03:21:00
office-occupancy-sensor-001,20.927,24.79,100.0,2015-02-05T03:22:00
office-occupancy-sensor-001,20.89,24.79,100.0,2015-02-05T03:23:00
office-occupancy-sensor-001,20.89,24.79,100.0,2015-02-05T03:23:59
office-occupancy-sensor-001,20.927,24.79,100.0,2015-02-05T03:24:59
office-occupancy-sensor-001,20.945,24.79,100.0,2015-02-05T03:26:00
office-occupancy-sensor-001,21.0,24.7,100.0,2015-02-05T03:27:00
office-occupancy-sensor-001,21.0,24.7,100.0,2015-02-05T03:28:00
office-occupancy-sensor-001,21.0,24.7,100.0,2015-02-05T03:29:00
office-occupancy-sensor-001,21.0,24.7,100.0,2015-02-05T03:29:59
office-occupancy-sensor-001,21.0,24.633,100.0,2015-02-05T03:30:59
office-occupancy-sensor-001,21.0,24.6,100.0,2015-02-05T03:32:00
office-occupancy-sensor-001,21.0,24.6,100.0,2015-02-05T03:33:00
office-occupancy-sensor-001,21.0,24.6,100.0,2015-02-05T03:34:00
office-occupancy-sensor-001,21.0,24.6,100.0,2015-02-05T03:35:00
office-occupancy-sensor-001,21.0,24.6,100.0,2015-02-05T03:36:00
office-occupancy-sensor-001,21.0,24.6,100.0,2015-02-05T03:36:59
office-occupancy-sensor-001,21.0,24.6,100.0,2015-02-05T03:38:00
office-occupancy-sensor-001,21.0,24.6,100.0,2015-02-05T03:39:00
office-occupancy-sensor-001,21.0,24.567,100.0,2015-02-05T03:40:00
office-occupancy-sensor-001,21.0,24.55,100.0,2015-02-05T03:40:59
office-occupancy-sensor-001,21.0,24.5,100.0,2015-02-05T03:42:00
office-occupancy-sensor-001,21.0,24.5,100.0,2015-02-05T03:42:59
office-occupancy-sensor-001,21.0,24.5,100.0,2015-02-05T03:43:59
office-occupancy-sensor-001,21.0,24.5,100.0,2015-02-05T03:45:00
office-occupancy-sensor-001,21.0,24.5,100.0,2015-02-05T03:46:00
office-occupancy-sensor-001,21.0,24.5,100.0,2015-02-05T03:47:00
office-occupancy-sensor-001,21.0,24.445,100.0,2015-02-05T03:48:00
office-occupancy-sensor-001,21.0,24.445,100.0,2015-02-05T03:49:00
office-occupancy-sensor-001,21.0,24.39,100.0,2015-02-05T03:49:59
office-occupancy-sensor-001,21.0,24.39,100.0,2015-02-05T03:51:00
office-occupancy-sensor-001,21.0,24.5,100.0,2015-02-05T03:52:00
office-occupancy-sensor-001,21.0,24.427,100.0,2015-02-05T03:53:00
office-occupancy-sensor-001,21.0,24.5,100.0,2015-02-05T03:53:59
office-occupancy-sensor-001,21.0,24.39,100.0,2015-02-05T03:55:00
office-occupancy-sensor-001,21.0,24.39,100.0,2015-02-05T03:55:59
office-occupancy-sensor-001,21.0,24.39,100.0,2015-02-05T03:56:59
office-occupancy-sensor-001,21.0,24.39,100.0,2015-02-05T03:58:00
office-occupancy-sensor-001,21.0,24.39,100.0,2015-02-05T03:59:00
office-occupancy-sensor-001,21.0,24.39,100.0,2015-02-05T04:00:00
office-occupancy-sensor-001,21.0,24.357,100.0,2015-02-05T04:01:00
office-occupancy-sensor-001,21.0,24.29,100.0,2015-02-05T04:01:59
office-occupancy-sensor-001,20.89,24.39,100.0,2015-02-05T04:02:59
office-occupancy-sensor-001,20.945,24.39,100.0,2015-02-05T04:04:00
office-occupancy-sensor-001,21.0,24.39,100.0,2015-02-05T04:05:00
office-occupancy-sensor-001,20.89,24.39,100.0,2015-02-05T04:06:00
office-occupancy-sensor-001,20.89,24.39,100.0,2015-02-05T04:07:00
office-occupancy-sensor-001,20.89,24.39,100.0,2015-02-05T04:08:00
office-occupancy-sensor-001,20.89,24.29,100.0,2015-02-05T04:08:59
office-occupancy-sensor-001,20.89,24.34,100.0,2015-02-05T04:09:59
office-occupancy-sensor-001,20.857,24.357,100.0,2015-02-05T04:11:00
office-occupancy-sensor-001,20.89,24.39,100.0,2015-02-05T04:12:00
office-occupancy-sensor-001,20.89,24.34,100.0,2015-02-05T04:13:00
office-occupancy-sensor-001,20.89,24.39,100.0,2015-02-05T04:14:00
office-occupancy-sensor-001,20.89,24.29,100.0,2015-02-05T04:14:59
office-occupancy-sensor-001,20.89,24.29,100.0,2015-02-05T04:15:59
office-occupancy-sensor-001,20.84,24.245,100.0,2015-02-05T04:17:00
office-occupancy-sensor-001,20.89,24.39,100.0,2015-02-05T04:18:00
office-occupancy-sensor-001,20.89,24.29,100.0,2015-02-05T04:19:00
office-occupancy-sensor-001,20.857,24.26,100.0,2015-02-05T04:20:00
office-occupancy-sensor-001,20.89,24.29,100.0,2015-02-05T04:21:00
office-occupancy-sensor-001,20.89,24.29,100.0,2015-02-05T04:21:59
office-occupancy-sensor-001,20.89,24.29,100.0,2015-02-05T04:23:00
office-occupancy-sensor-001,20.89,24.29,100.0,2015-02-05T04:24:00
office-occupancy-sensor-001,20.89,24.2,100.0,2015-02-05T04:25:00
office-occupancy-sensor-001,20.89,24.29,100.0,2015-02-05T04:25:59
office-occupancy-sensor-001,20.89,24.2,100.0,2015-02-05T04:27:00
office-occupancy-sensor-001,20.857,24.167,100.0,2015-02-05T04:27:59
office-occupancy-sensor-001,20.89,24.2,100.0,2015-02-05T04:28:59
office-occupancy-sensor-001,20.89,24.2,100.0,2015-02-05T04:30:00
office-occupancy-sensor-001,20.865,24.175,100.0,2015-02-05T04:31:00
office-occupancy-sensor-001,20.89,24.2,100.0,2015-02-05T04:32:00
office-occupancy-sensor-001,20.89,24.175,100.0,2015-02-05T04:33:00
office-occupancy-sensor-001,20.89,24.2,100.0,2015-02-05T04:34:00
office-occupancy-sensor-001,20.89,24.15,100.0,2015-02-05T04:34:59
office-occupancy-sensor-001,20.89,24.2,100.0,2015-02-05T04:36:00
office-occupancy-sensor-001,20.89,24.1,100.0,2015-02-05T04:37:00
office-occupancy-sensor-001,20.89,24.0,100.0,2015-02-05T04:38:00
office-occupancy-sensor-001,20.945,24.0,100.0,2015-02-05T04:38:59
office-occupancy-sensor-001,21.0,24.0,100.0,2015-02-05T04:40:00
office-occupancy-sensor-001,20.945,24.0,100.0,2015-02-05T04:40:59
office-occupancy-sensor-001,20.945,24.0,100.0,2015-02-05T04:41:59
office-occupancy-sensor-001,20.927,24.0,100.0,2015-02-05T04:43:00
office-occupancy-sensor-001,20.89,24.0,100.0,2015-02-05T04:44:00
office-occupancy-sensor-001,20.89,24.0,100.0,2015-02-05T04:45:00
office-occupancy-sensor-001,20.945,24.0,100.0,2015-02-05T04:46:00
office-occupancy-sensor-001,20.89,23.89,100.0,2015-02-05T04:46:59
office-occupancy-sensor-001,21.0,23.89,100.0,2015-02-05T04:47:59
office-occupancy-sensor-001,21.0,23.84,100.0,2015-02-05T04:49:00
office-occupancy-sensor-001,21.0,23.823,100.0,2015-02-05T04:50:00
office-occupancy-sensor-001,21.0,23.79,100.0,2015-02-05T04:51:00
office-occupancy-sensor-001,21.0,23.79,100.0,2015-02-05T04:52:00
office-occupancy-sensor-001,21.0,23.79,100.0,2015-02-05T04:53:00
office-occupancy-sensor-001,21.0,23.79,100.0,2015-02-05T04:53:59
office-occupancy-sensor-001,21.0,23.79,100.0,2015-02-05T04:54:59
office-occupancy-sensor-001,21.0,23.768,100.0,2015-02-05T04:56:00
office-occupancy-sensor-001,21.0,23.79,100.0,2015-02-05T04:57:00
office-occupancy-sensor-001,21.0,23.79,100.0,2015-02-05T04:58:00
office-occupancy-sensor-001,20.963,23.79,100.0,2015-02-05T04:59:00
office-occupancy-sensor-001,20.89,23.79,100.0,2015-02-05T04:59:59
office-occupancy-sensor-001,20.89,23.73,100.0,2015-02-05T05:00:59
office-occupancy-sensor-001,20.918,23.722,100.0,2015-02-05T05:02:00
office-occupancy-sensor-001,20.89,23.7,100.0,2015-02-05T05:03:00
office-occupancy-sensor-001,20.89,23.7,100.0,2015-02-05T05:04:00
office-occupancy-sensor-001,20.89,23.6,100.0,2015-02-05T05:05:00
office-occupancy-sensor-001,20.89,23.7,100.0,2015-02-05T05:06:00
office-occupancy-sensor-001,20.89,23.6,100.0,2015-02-05T05:06:59
office-occupancy-sensor-001,20.89,23.6,100.0,2015-02-05T05:08:00
office-occupancy-sensor-001,20.89,23.6,100.0,2015-02-05T05:09:00
office-occupancy-sensor-001,20.89,23.633,100.0,2015-02-05T05:10:00
office-occupancy-sensor-001,20.89,23.6,100.0,2015-02-05T05:10:59
office-occupancy-sensor-001,20.89,23.6,100.0,2015-02-05T05:12:00
office-occupancy-sensor-001,20.89,23.6,100.0,2015-02-05T05:12:59
office-occupancy-sensor-001,20.89,23.6,100.0,2015-02-05T05:13:59
office-occupancy-sensor-001,20.945,23.6,100.0,2015-02-05T05:15:00
office-occupancy-sensor-001,20.89,23.6,100.0,2015-02-05T05:16:00
office-occupancy-sensor-001,20.89,23.6,100.0,2015-02-05T05:17:00
office-occupancy-sensor-001,20.945,23.5,100.0,2015-02-05T05:18:00
office-occupancy-sensor-001,20.89,23.5,100.0,2015-02-05T05:19:00
office-occupancy-sensor-001,20.945,23.5,100.0,2015-02-05T05:19:59
office-occupancy-sensor-001,20.945,23.5,100.0,2015-02-05T05:21:00
office-occupancy-sensor-001,20.89,23.5,100.0,2015-02-05T05:22:00
office-occupancy-sensor-001,20.89,23.5,100.0,2015-02-05T05:23:00
office-occupancy-sensor-001,20.89,23.5,100.0,2015-02-05T05:23:59
office-occupancy-sensor-001,20.89,23.5,100.0,2015-02-05T05:25:00
office-occupancy-sensor-001,20.89,23.5,100.0,2015-02-05T05:25:59
office-occupancy-sensor-001,20.927,23.5,100.0,2015-02-05T05:26:59
office-occupancy-sensor-001,20.89,23.5,100.0,2015-02-05T05:28:00
office-occupancy-sensor-001,20.89,23.5,100.0,2015-02-05T05:29:00
office-occupancy-sensor-001,20.945,23.5,100.0,2015-02-05T05:30:00
office-occupancy-sensor-001,20.89,23.5,100.0,2015-02-05T05:31:00
office-occupancy-sensor-001,20.89,23.5,100.0,2015-02-05T05:31:59
office-occupancy-sensor-001,20.89,23.5,100.0,2015-02-05T05:32:59
office-occupancy-sensor-001,20.89,23.5,100.0,2015-02-05T05:34:00
office-occupancy-sensor-001,20.89,23.445,100.0,2015-02-05T05:35:00
office-occupancy-sensor-001,20.89,23.445,100.0,2015-02-05T05:36:00
office-occupancy-sensor-001,20.89,23.39,100.0,2015-02-05T05:37:00
office-occupancy-sensor-001,20.89,23.445,100.0,2015-02-05T05:38:00
office-occupancy-sensor-001,20.89,23.5,100.0,2015-02-05T05:38:59
office-occupancy-sensor-001,20.89,23.5,100.0,2015-02-05T05:39:59
office-occupancy-sensor-001,20.89,23.445,100.0,2015-02-05T05:41:00
office-occupancy-sensor-001,20.89,23.5,100.0,2015-02-05T05:42:00
office-occupancy-sensor-001,20.89,23.5,100.0,2015-02-05T05:43:00
office-occupancy-sensor-001,20.89,23.5,100.0,2015-02-05T05:44:00
office-occupancy-sensor-001,20.89,23.5,100.0,2015-02-05T05:44:59
office-occupancy-sensor-001,20.89,23.427,100.0,2015-02-05T05:45:59
office-occupancy-sensor-001,20.89,23.445,100.0,2015-02-05T05:47:00
office-occupancy-sensor-001,20.89,23.39,100.0,2015-02-05T05:48:00
office-occupancy-sensor-001,20.89,23.445,100.0,2015-02-05T05:49:00
office-occupancy-sensor-001,20.89,23.39,100.0,2015-02-05T05:50:00
office-occupancy-sensor-001,20.84,23.395,100.0,2015-02-05T05:51:00
office-occupancy-sensor-001,20.89,23.39,100.0,2015-02-05T05:51:59
office-occupancy-sensor-001,20.84,23.34,100.0,2015-02-05T05:53:00
office-occupancy-sensor-001,20.89,23.39,100.0,2015-02-05T05:54:00
office-occupancy-sensor-001,20.89,23.39,100.0,2015-02-05T05:55:00
office-occupancy-sensor-001,20.89,23.39,100.0,2015-02-05T05:55:59
office-occupancy-sensor-001,20.84,23.34,100.0,2015-02-05T05:57:00
office-occupancy-sensor-001,20.89,23.39,100.0,2015-02-05T05:57:59
office-occupancy-sensor-001,20.89,23.34,100.0,2015-02-05T05:58:59
office-occupancy-sensor-001,20.865,23.292,100.0,2015-02-05T06:00:00
office-occupancy-sensor-001,20.89,23.34,100.0,2015-02-05T06:01:00
office-occupancy-sensor-001,20.857,23.26,100.0,2015-02-05T06:02:00
office-occupancy-sensor-001,20.89,23.29,100.0,2015-02-05T06:03:00
office-occupancy-sensor-001,20.89,23.29,100.0,2015-02-05T06:04:00
office-occupancy-sensor-001,20.89,23.29,100.0,2015-02-05T06:04:59
office-occupancy-sensor-001,20.89,23.29,100.0,2015-02-05T06:06:00
office-occupancy-sensor-001,20.84,23.245,100.0,2015-02-05T06:07:00
office-occupancy-sensor-001,20.89,23.29,100.0,2015-02-05T06:08:00
office-occupancy-sensor-001,20.89,23.29,100.0,2015-02-05T06:08:59
office-occupancy-sensor-001,20.89,23.29,100.0,2015-02-05T06:10:00
office-occupancy-sensor-001,20.89,23.2,100.0,2015-02-05T06:10:59
office-occupancy-sensor-001,20.89,23.2,100.0,2015-02-05T06:11:59
office-occupancy-sensor-001,20.89,23.2,100.0,2015-02-05T06:13:00
office-occupancy-sensor-001,20.89,23.2,100.0,2015-02-05T06:14:00
office-occupancy-sensor-001,20.89,23.2,100.0,2015-02-05T06:15:00
office-occupancy-sensor-001,20.89,23.15,100.0,2015-02-05T06:16:00
office-occupancy-sensor-001,20.89,23.15,100.0,2015-02-05T06:16:59
office-occupancy-sensor-001,20.84,23.075,100.0,2015-02-05T06:17:59
office-occupancy-sensor-001,20.89,23.1,100.0,2015-02-05T06:19:00
office-occupancy-sensor-001,20.89,23.1,100.0,2015-02-05T06:20:00
office-occupancy-sensor-001,20.89,23.1,100.0,2015-02-05T06:21:00
office-occupancy-sensor-001,20.857,23.067,100.0,2015-02-05T06:22:00
office-occupancy-sensor-001,20.89,23.1,100.0,2015-02-05T06:23:00
office-occupancy-sensor-001,20.89,23.1,100.0,2015-02-05T06:23:59
office-occupancy-sensor-001,20.89,23.1,100.0,2015-02-05T06:24:59
office-occupancy-sensor-001,20.89,23.1,100.0,2015-02-05T06:26:00
office-occupancy-sensor-001,20.89,23.1,100.0,2015-02-05T06:27:00
office-occupancy-sensor-001,20.89,23.1,100.0,2015-02-05T06:28:00
office-occupancy-sensor-001,20.89,23.1,100.0,2015-02-05T06:29:00
office-occupancy-sensor-001,20.89,23.1,100.0,2015-02-05T06:29:59
office-occupancy-sensor-001,20.89,23.1,100.0,2015-02-05T06:30:59
office-occupancy-sensor-001,20.89,23.1,100.0,2015-02-05T06:32:00
office-occupancy-sensor-001,20.89,23.0,100.0,2015-02-05T06:33:00
office-occupancy-sensor-001,20.84,23.05,100.0,2015-02-05T06:34:00
office-occupancy-sensor-001,20.89,23.1,100.0,2015-02-05T06:35:00
office-occupancy-sensor-001,20.857,23.067,100.0,2015-02-05T06:36:00
office-occupancy-sensor-001,20.89,23.0,100.0,2015-02-05T06:36:59
office-occupancy-sensor-001,20.89,23.0,100.0,2015-02-05T06:38:00
office-occupancy-sensor-001,20.89,23.0,100.0,2015-02-05T06:39:00
office-occupancy-sensor-001,20.79,22.89,100.0,2015-02-05T06:40:00
office-occupancy-sensor-001,20.79,22.89,100.0,2015-02-05T06:40:59
office-occupancy-sensor-001,20.84,22.945,100.0,2015-02-05T06:42:00
office-occupancy-sensor-001,20.79,22.89,100.0,2015-02-05T06:42:59
office-occupancy-sensor-001,20.79,22.84,100.0,2015-02-05T06:43:59
office-occupancy-sensor-001,20.79,22.84,100.0,2015-02-05T06:45:00
office-occupancy-sensor-001,20.79,22.89,100.0,2015-02-05T06:46:00
office-occupancy-sensor-001,20.79,22.89,100.0,2015-02-05T06:47:00
office-occupancy-sensor-001,20.79,22.89,100.0,2015-02-05T06:48:00
office-occupancy-sensor-001,20.7,22.89,100.0,2015-02-05T06:49:00
office-occupancy-sensor-001,20.745,22.84,100.0,2015-02-05T06:49:59
office-occupancy-sensor-001,20.7,22.89,100.0,2015-02-05T06:51:00
office-occupancy-sensor-001,20.745,22.84,100.0,2015-02-05T06:52:00
office-occupancy-sensor-001,20.79,22.79,100.0,2015-02-05T06:53:00
office-occupancy-sensor-001,20.7,22.79,100.0,2015-02-05T06:53:59
office-occupancy-sensor-001,20.7,22.79,100.0,2015-02-05T06:55:00
office-occupancy-sensor-001,20.76,22.79,100.0,2015-02-05T06:55:59
office-occupancy-sensor-001,20.7,22.79,100.0,2015-02-05T06:56:59
office-occupancy-sensor-001,20.7,22.79,100.0,2015-02-05T06:58:00
office-occupancy-sensor-001,20.7,22.79,100.0,2015-02-05T06:59:00
office-occupancy-sensor-001,20.73,22.79,100.0,2015-02-05T07:00:00
office-occupancy-sensor-001,20.7,22.79,100.0,2015-02-05T07:01:00
office-occupancy-sensor-001,20.7,22.7,100.0,2015-02-05T07:01:59
office-occupancy-sensor-001,20.73,22.7,100.0,2015-02-05T07:02:59
office-occupancy-sensor-001,20.7,22.7,100.0,2015-02-05T07:04:00
office-occupancy-sensor-001,20.7,22.768,100.0,2015-02-05T07:05:00
office-occupancy-sensor-001,20.7,22.79,100.0,2015-02-05T07:06:00
office-occupancy-sensor-001,20.7,22.7,100.0,2015-02-05T07:07:00
office-occupancy-sensor-001,20.7,22.7,100.0,2015-02-05T07:08:00
office-occupancy-sensor-001,20.7,22.7,100.0,2015-02-05T07:08:59
office-occupancy-sensor-001,20.7,22.7,100.0,2015-02-05T07:09:59
office-occupancy-sensor-001,20.7,22.7,100.0,2015-02-05T07:11:00
office-occupancy-sensor-001,20.7,22.7,100.0,2015-02-05T07:12:00
office-occupancy-sensor-001,20.7,22.7,100.0,2015-02-05T07:13:00
office-occupancy-sensor-001,20.7,22.65,100.0,2015-02-05T07:14:00
office-occupancy-sensor-001,20.7,22.633,100.0,2015-02-05T07:14:59
office-occupancy-sensor-001,20.7,22.6,100.0,2015-02-05T07:15:59
office-occupancy-sensor-001,20.7,22.6,100.0,2015-02-05T07:17:00
office-occupancy-sensor-001,20.7,22.6,100.0,2015-02-05T07:18:00
office-occupancy-sensor-001,20.7,22.5,100.0,2015-02-05T07:19:00
office-occupancy-sensor-001,20.7,22.5,100.0,2015-02-05T07:20:00
office-occupancy-sensor-001,20.7,22.5,100.0,2015-02-05T07:21:00
office-occupancy-sensor-001,20.7,22.5,100.0,2015-02-05T07:21:59
office-occupancy-sensor-001,20.7,22.5,100.0,2015-02-05T07:23:00
office-occupancy-sensor-001,20.7,22.5,100.0,2015-02-05T07:24:00
office-occupancy-sensor-001,20.7,22.5,100.0,2015-02-05T07:25:00
office-occupancy-sensor-001,20.7,22.5,100.0,2015-02-05T07:25:59
office-occupancy-sensor-001,20.7,22.5,100.0,2015-02-05T07:27:00
office-occupancy-sensor-001,20.7,22.5,100.0,2015-02-05T07:27:59
office-occupancy-sensor-001,20.7,22.5,100.0,2015-02-05T07:28:59
office-occupancy-sensor-001,20.7,22.445,100.0,2015-02-05T07:30:00
office-occupancy-sensor-001,20.7,22.5,100.0,2015-02-05T07:31:00
office-occupancy-sensor-001,20.7,22.39,100.0,2015-02-05T07:32:00
office-occupancy-sensor-001,20.7,22.39,100.0,2015-02-05T07:33:00
office-occupancy-sensor-001,20.7,22.39,100.0,2015-02-05T07:34:00
office-occupancy-sensor-001,20.7,22.39,100.0,2015-02-05T07:34:59
office-occupancy-sensor-001,20.7,22.39,100.0,2015-02-05T07:36:00
office-occupancy-sensor-001,20.7,22.39,100.0,2015-02-05T07:37:00
office-occupancy-sensor-001,20.7,22.39,100.0,2015-02-05T07:38:00
office-occupancy-sensor-001,20.7,22.418,100.0,2015-02-05T07:38:59
office-occupancy-sensor-001,20.7,22.5,100.0,2015-02-05T07:40:00
office-occupancy-sensor-001,20.7,22.463,100.0,2015-02-05T07:40:59
office-occupancy-sensor-001,20.722,22.5,100.0,2015-02-05T07:41:59
office-occupancy-sensor-001,20.73,22.5,100.0,2015-02-05T07:43:00
office-occupancy-sensor-001,20.722,22.525,100.0,2015-02-05T07:44:00
office-occupancy-sensor-001,20.768,22.65,100.0,2015-02-05T07:45:00
office-occupancy-sensor-001,20.79,22.79,100.0,2015-02-05T07:46:00
office-occupancy-sensor-001,20.815,22.868,100.0,2015-02-05T07:46:59
office-occupancy-sensor-001,20.823,23.033,100.0,2015-02-05T07:47:59
office-occupancy-sensor-001,20.815,23.025,100.0,2015-02-05T07:49:00
office-occupancy-sensor-001,20.89,23.175,100.0,2015-02-05T07:50:00
office-occupancy-sensor-001,20.89,23.29,100.0,2015-02-05T07:51:00
office-occupancy-sensor-001,20.89,23.29,100.0,2015-02-05T07:52:00
office-occupancy-sensor-001,20.89,23.29,100.0,2015-02-05T07:53:00
office-occupancy-sensor-001,20.89,23.323,100.0,2015-02-05T07:53:59
office-occupancy-sensor-001,20.945,23.39,100.0,2015-02-05T07:54:59
office-occupancy-sensor-001,20.963,23.463,100.0,2015-02-05T07:56:00
office-occupancy-sensor-001,21.0,23.5,100.0,2015-02-05T07:57:00
office-occupancy-sensor-001,21.0,23.5,100.0,2015-02-05T07:58:00
office-occupancy-sensor-001,21.0,23.567,100.0,2015-02-05T07:59:00
office-occupancy-sensor-001,21.0,23.6,100.0,2015-02-05T07:59:59
office-occupancy-sensor-001,21.0,23.6,100.0,2015-02-05T08:00:59
office-occupancy-sensor-001,21.0,23.6,100.0,2015-02-05T08:02:00
office-occupancy-sensor-001,21.0,23.7,100.0,2015-02-05T08:03:00
office-occupancy-sensor-001,21.0,23.7,100.0,2015-02-05T08:04:00
office-occupancy-sensor-001,21.025,23.722,100.0,2015-02-05T08:05:00
office-occupancy-sensor-001,21.025,23.722,100.0,2015-02-05T08:06:00
office-occupancy-sensor-001,21.05,23.745,100.0,2015-02-05T08:06:59
office-occupancy-sensor-001,21.025,23.722,100.0,2015-02-05T08:08:00
office-occupancy-sensor-001,21.1,23.76,100.0,2015-02-05T08:09:00
office-occupancy-sensor-001,21.075,23.72,100.0,2015-02-05T08:10:00
office-occupancy-sensor-001,21.033,23.667,100.0,2015-02-05T08:10:59
office-occupancy-sensor-001,21.075,23.768,100.0,2015-02-05T08:12:00
office-occupancy-sensor-001,21.1,23.79,100.0,2015-02-05T08:12:59
office-occupancy-sensor-001,21.1,23.79,100.0,2015-02-05T08:13:59
office-occupancy-sensor-001,21.1,23.73,100.0,2015-02-05T08:15:00
office-occupancy-sensor-001,21.15,23.722,100.0,2015-02-05T08:16:00
office-occupancy-sensor-001,21.2,23.745,100.0,2015-02-05T08:17:00
office-occupancy-sensor-001,21.2,23.79,100.0,2015-02-05T08:18:00
office-occupancy-sensor-001,21.2,23.79,100.0,2015-02-05T08:19:00
office-occupancy-sensor-001,21.26,23.857,100.0,2015-02-05T08:19:59
office-occupancy-sensor-001,21.29,23.865,100.0,2015-02-05T08:21:00
office-occupancy-sensor-001,21.29,23.89,100.0,2015-02-05T08:22:00
office-occupancy-sensor-001,21.29,23.89,100.0,2015-02-05T08:23:00
office-occupancy-sensor-001,21.323,23.927,100.0,2015-02-05T08:23:59
office-occupancy-sensor-001,21.29,24.0,100.0,2015-02-05T08:25:00
office-occupancy-sensor-001,21.34,24.0,100.0,2015-02-05T08:25:59
office-occupancy-sensor-001,21.29,24.05,100.0,2015-02-05T08:26:59
office-occupancy-sensor-001,21.29,24.1,100.0,2015-02-05T08:28:00
office-occupancy-sensor-001,21.315,24.175,100.0,2015-02-05T08:29:00
office-occupancy-sensor-001,21.29,24.2,100.0,2015-02-05T08:30:00
office-occupancy-sensor-001,21.29,24.2,100.0,2015-02-05T08:31:00
office-occupancy-sensor-001,21.34,24.15,100.0,2015-02-05T08:31:59
office-occupancy-sensor-001,21.323,24.1,100.0,2015-02-05T08:32:59
office-occupancy-sensor-001,21.29,24.1,100.0,2015-02-05T08:34:00
office-occupancy-sensor-001,21.34,24.222,100.0,2015-02-05T08:35:00
office-occupancy-sensor-001,21.29,24.29,100.0,2015-02-05T08:36:00
office-occupancy-sensor-001,21.34,24.29,100.0,2015-02-05T08:37:00
office-occupancy-sensor-001,21.34,24.29,100.0,2015-02-05T08:38:00
office-occupancy-sensor-001,21.323,24.29,100.0,2015-02-05T08:38:59
office-occupancy-sensor-001,21.357,24.29,100.0,2015-02-05T08:39:59
office-occupancy-sensor-001,21.365,24.29,100.0,2015-02-05T08:41:00
office-occupancy-sensor-001,21.39,24.29,100.0,2015-02-05T08:42:00
office-occupancy-sensor-001,21.357,24.29,100.0,2015-02-05T08:43:00
office-occupancy-sensor-001,21.323,24.29,100.0,2015-02-05T08:44:00
office-occupancy-sensor-001,21.39,24.268,100.0,2015-02-05T08:44:59
office-occupancy-sensor-001,21.323,24.29,100.0,2015-02-05T08:45:59
office-occupancy-sensor-001,21.39,24.29,100.0,2015-02-05T08:47:00
office-occupancy-sensor-001,21.365,24.222,100.0,2015-02-05T08:48:00
office-occupancy-sensor-001,21.39,24.26,100.0,2015-02-05T08:49:00
office-occupancy-sensor-001,21.39,24.26,100.0,2015-02-05T08:50:00
office-occupancy-sensor-001,21.39,24.29,100.0,2015-02-05T08:51:00
office-occupancy-sensor-001,21.39,24.29,100.0,2015-02-05T08:51:59
office-occupancy-sensor-001,21.39,24.29,100.0,2015-02-05T08:53:00
office-occupancy-sensor-001,21.418,24.315,100.0,2015-02-05T08:54:00
office-occupancy-sensor-001,21.39,24.29,100.0,2015-02-05T08:55:00
office-occupancy-sensor-001,21.445,24.34,100.0,2015-02-05T08:55:59
office-occupancy-sensor-001,21.463,24.357,100.0,2015-02-05T08:57:00
office-occupancy-sensor-001,21.5,24.39,100.0,2015-02-05T08:57:59
office-occupancy-sensor-001,21.5,24.39,100.0,2015-02-05T08:58:59
office-occupancy-sensor-001,21.5,24.39,100.0,2015-02-05T09:00:00
office-occupancy-sensor-001,21.5,24.357,100.0,2015-02-05T09:01:00
office-occupancy-sensor-001,21.5,24.365,100.0,2015-02-05T09:02:00
office-occupancy-sensor-001,21.5,24.29,100.0,2015-02-05T09:03:00
office-occupancy-sensor-001,21.525,24.542,100.0,2015-02-05T09:04:00
office-occupancy-sensor-001,21.55,24.518,100.0,2015-02-05T09:04:59
office-occupancy-sensor-001,21.6,24.39,100.0,2015-02-05T09:06:00
office-occupancy-sensor-001,21.6,24.55,100.0,2015-02-05T09:07:00
office-occupancy-sensor-001,21.7,24.7,100.0,2015-02-05T09:08:00
office-occupancy-sensor-001,21.7,24.697,100.0,2015-02-05T09:08:59
office-occupancy-sensor-001,21.768,24.865,100.0,2015-02-05T09:10:00
office-occupancy-sensor-001,21.79,24.89,100.0,2015-02-05T09:10:59
office-occupancy-sensor-001,21.815,24.918,100.0,2015-02-05T09:11:59
office-occupancy-sensor-001,21.84,25.022,100.0,2015-02-05T09:13:00
office-occupancy-sensor-001,21.89,25.15,100.0,2015-02-05T09:14:00
office-occupancy-sensor-001,21.89,25.2,100.0,2015-02-05T09:15:00
office-occupancy-sensor-001,21.89,25.2,100.0,2015-02-05T09:16:00
office-occupancy-sensor-001,21.89,25.292,100.0,2015-02-05T09:16:59
office-occupancy-sensor-001,21.918,25.39,100.0,2015-02-05T09:17:59
office-occupancy-sensor-001,21.963,25.393,100.0,2015-02-05T09:19:00
office-occupancy-sensor-001,22.0,25.472,100.0,2015-02-05T09:20:00
office-occupancy-sensor-001,22.0,25.5,100.0,2015-02-05T09:21:00
office-occupancy-sensor-001,22.0,25.519,100.0,2015-02-05T09:22:00
office-occupancy-sensor-001,22.0,25.538,100.0,2015-02-05T09:23:00
office-occupancy-sensor-001,22.025,25.598,100.0,2015-02-05T09:23:59
office-occupancy-sensor-001,22.05,25.748,100.0,2015-02-05T09:24:59
office-occupancy-sensor-001,22.067,25.793,100.0,2015-02-05T09:26:00
office-occupancy-sensor-001,22.067,25.893,100.0,2015-02-05T09:27:00
office-occupancy-sensor-001,22.1,25.927,100.0,2015-02-05T09:28:00
office-occupancy-sensor-001,22.1,25.945,100.0,2015-02-05T09:29:00
office-occupancy-sensor-001,22.1,26.075,100.0,2015-02-05T09:29:59
office-occupancy-sensor-001,22.1,25.83,100.0,2015-02-05T09:30:59
office-occupancy-sensor-001,22.1,25.823,100.0,2015-02-05T09:32:00
office-occupancy-sensor-001,22.1,25.8,100.0,2015-02-05T09:33:00
office-occupancy-sensor-001,22.1,25.822,100.0,2015-02-05T09:34:00
office-occupancy-sensor-001,22.1,26.05,100.0,2015-02-05T09:35:00
office-occupancy-sensor-001,22.1,26.1,100.0,2015-02-05T09:36:00
office-occupancy-sensor-001,22.1,26.072,100.0,2015-02-05T09:36:59
office-occupancy-sensor-001,22.1,25.745,100.0,2015-02-05T09:38:00
office-occupancy-sensor-001,22.1,25.793,100.0,2015-02-05T09:39:00
office-occupancy-sensor-001,22.1,25.945,100.0,2015-02-05T09:40:00
office-occupancy-sensor-001,22.1,26.03,100.0,2015-02-05T09:40:59
office-occupancy-sensor-001,22.125,26.025,100.0,2015-02-05T09:42:00
office-occupancy-sensor-001,22.1,26.1,100.0,2015-02-05T09:42:59
office-occupancy-sensor-001,22.1,26.1,100.0,2015-02-05T09:43:59
office-occupancy-sensor-001,22.1,26.175,100.0,2015-02-05T09:45:00
office-occupancy-sensor-001,22.1,26.2,100.0,2015-02-05T09:46:00
office-occupancy-sensor-001,22.1,26.198,100.0,2015-02-05T09:47:00
office-occupancy-sensor-001,22.1,26.2,100.0,2015-02-05T09:48:00
office-occupancy-sensor-001,22.075,26.2,100.0,2015-02-05T09:49:00
office-occupancy-sensor-001,22.075,26.222,100.0,2015-02-05T09:49:59
office-occupancy-sensor-001,22.1,26.29,100.0,2015-02-05T09:51:00
office-occupancy-sensor-001,22.1,26.29,100.0,2015-02-05T09:52:00
office-occupancy-sensor-001,22.1,26.29,100.0,2015-02-05T09:53:00
office-occupancy-sensor-001,22.1,26.357,100.0,2015-02-05T09:53:59
office-occupancy-sensor-001,22.1,26.315,100.0,2015-02-05T09:55:00
office-occupancy-sensor-001,22.1,26.39,100.0,2015-02-05T09:55:59
office-occupancy-sensor-001,22.1,26.39,100.0,2015-02-05T09:56:59
office-occupancy-sensor-001,22.1,26.39,100.0,2015-02-05T09:58:00
office-occupancy-sensor-001,22.1,26.39,100.0,2015-02-05T09:59:00
office-occupancy-sensor-001,22.1,26.522,100.0,2015-02-05T10:00:00
office-occupancy-sensor-001,22.125,26.442,100.0,2015-02-05T10:01:00
office-occupancy-sensor-001,22.1,26.47,100.0,2015-02-05T10:01:59
office-occupancy-sensor-001,22.1,26.445,100.0,2015-02-05T10:02:59
office-occupancy-sensor-001,22.1,26.5,100.0,2015-02-05T10:04:00
office-occupancy-sensor-001,22.1,26.445,100.0,2015-02-05T10:05:00
office-occupancy-sensor-001,22.1,26.5,100.0,2015-02-05T10:06:00
office-occupancy-sensor-001,22.1,26.55,100.0,2015-02-05T10:07:00
office-occupancy-sensor-001,22.1,26.5,100.0,2015-02-05T10:08:00
office-occupancy-sensor-001,22.1,26.5,100.0,2015-02-05T10:08:59
office-occupancy-sensor-001,22.1,26.6,100.0,2015-02-05T10:09:59
office-occupancy-sensor-001,22.1,26.6,100.0,2015-02-05T10:11:00
office-occupancy-sensor-001,22.1,26.575,100.0,2015-02-05T10:12:00
office-occupancy-sensor-001,22.15,26.6,100.0,2015-02-05T10:13:00
office-occupancy-sensor-001,22.1,26.7,100.0,2015-02-05T10:14:00
office-occupancy-sensor-001,22.1,26.667,100.0,2015-02-05T10:14:59
office-occupancy-sensor-001,22.1,26.675,100.0,2015-02-05T10:15:59
office-occupancy-sensor-001,22.1,26.625,100.0,2015-02-05T10:17:00
office-occupancy-sensor-001,22.1,26.65,100.0,2015-02-05T10:18:00
office-occupancy-sensor-001,22.1,26.625,100.0,2015-02-05T10:19:00
office-occupancy-sensor-001,22.1,26.65,100.0,2015-02-05T10:20:00
office-occupancy-sensor-001,22.1,26.64,100.0,2015-02-05T10:21:00
office-occupancy-sensor-001,22.1,26.633,100.0,2015-02-05T10:21:59
office-occupancy-sensor-001,22.1,26.6,100.0,2015-02-05T10:23:00
office-occupancy-sensor-001,22.05,26.575,100.0,2015-02-05T10:24:00
office-occupancy-sensor-001,22.05,26.55,100.0,2015-02-05T10:25:00
office-occupancy-sensor-001,22.025,26.442,100.0,2015-02-05T10:25:59
office-occupancy-sensor-001,22.05,26.34,100.0,2015-02-05T10:27:00
office-occupancy-sensor-001,22.0,26.29,100.0,2015-02-05T10:27:59
office-occupancy-sensor-001,22.0,26.29,100.0,2015-02-05T10:28:59
office-occupancy-sensor-001,22.0,26.23,100.0,2015-02-05T10:30:00
office-occupancy-sensor-001,22.067,26.26,100.0,2015-02-05T10:31:00
office-occupancy-sensor-001,22.05,26.245,100.0,2015-02-05T10:32:00
office-occupancy-sensor-001,22.075,26.292,100.0,2015-02-05T10:33:00
office-occupancy-sensor-001,22.1,26.29,100.0,2015-02-05T10:34:00
office-occupancy-sensor-001,22.1,26.245,100.0,2015-02-05T10:34:59
office-occupancy-sensor-001,22.1,26.245,100.0,2015-02-05T10:36:00
office-occupancy-sensor-001,22.1,26.245,100.0,2015-02-05T10:37:00
office-occupancy-sensor-001,22.1,26.245,100.0,2015-02-05T10:38:00
office-occupancy-sensor-001,22.1,26.2,100.0,2015-02-05T10:38:59
office-occupancy-sensor-001,22.08,26.216,100.0,2015-02-05T10:40:00
office-occupancy-sensor-001,22.1,26.2,100.0,2015-02-05T10:40:59
office-occupancy-sensor-001,22.0,26.1,100.0,2015-02-05T10:41:59
office-occupancy-sensor-001,22.08,26.18,100.0,2015-02-05T10:43:00
office-occupancy-sensor-001,22.025,26.125,100.0,2015-02-05T10:44:00
office-occupancy-sensor-001,22.0,26.175,100.0,2015-02-05T10:45:00
office-occupancy-sensor-001,22.033,26.23,100.0,2015-02-05T10:46:00
office-occupancy-sensor-001,22.075,26.268,100.0,2015-02-05T10:46:59
office-occupancy-sensor-001,22.0,26.2,100.0,2015-02-05T10:47:59
office-occupancy-sensor-001,22.075,26.29,100.0,2015-02-05T10:49:00
office-occupancy-sensor-001,22.067,26.357,100.0,2015-02-05T10:50:00
office-occupancy-sensor-001,22.05,26.34,100.0,2015-02-05T10:51:00
office-occupancy-sensor-001,22.067,26.357,100.0,2015-02-05T10:52:00
office-occupancy-sensor-001,22.075,26.342,100.0,2015-02-05T10:53:00
office-occupancy-sensor-001,22.025,26.34,100.0,2015-02-05T10:53:59
office-occupancy-sensor-001,22.025,26.315,100.0,2015-02-05T10:54:59
office-occupancy-sensor-001,22.033,26.39,100.0,2015-02-05T10:56:00
office-occupancy-sensor-001,22.075,26.365,100.0,2015-02-05T10:57:00
office-occupancy-sensor-001,22.075,26.365,100.0,2015-02-05T10:58:00
office-occupancy-sensor-001,22.067,26.427,100.0,2015-02-05T10:59:00
office-occupancy-sensor-001,22.067,26.463,100.0,2015-02-05T10:59:59
office-occupancy-sensor-001,22.1,26.5,100.0,2015-02-05T11:00:59
office-occupancy-sensor-001,22.1,26.5,100.0,2015-02-05T11:02:00
office-occupancy-sensor-001,22.1,26.5,100.0,2015-02-05T11:03:00
office-occupancy-sensor-001,22.1,26.5,100.0,2015-02-05T11:04:00
office-occupancy-sensor-001,22.1,26.525,100.0,2015-02-05T11:05:00
office-occupancy-sensor-001,22.1,26.6,100.0,2015-02-05T11:06:00
office-occupancy-sensor-001,22.1,26.6,100.0,2015-02-05T11:06:59
office-occupancy-sensor-001,22.1,26.6,100.0,2015-02-05T11:08:00
office-occupancy-sensor-001,22.1,26.6,100.0,2015-02-05T11:09:00
office-occupancy-sensor-001,22.133,26.6,100.0,2015-02-05T11:10:00
office-occupancy-sensor-001,22.1,26.6,100.0,2015-02-05T11:10:59
office-occupancy-sensor-001,22.175,26.6,100.0,2015-02-05T11:12:00
office-occupancy-sensor-001,22.175,26.6,100.0,2015-02-05T11:12:59
office-occupancy-sensor-001,22.175,26.6,100.0,2015-02-05T11:13:59
office-occupancy-sensor-001,22.175,26.6,100.0,2015-02-05T11:15:00
office-occupancy-sensor-001,22.2,26.6,100.0,2015-02-05T11:16:00
office-occupancy-sensor-001,22.2,26.6,100.0,2015-02-05T11:17:00
office-occupancy-sensor-001,22.2,26.6,100.0,2015-02-05T11:18:00
office-occupancy-sensor-001,22.2,26.6,100.0,2015-02-05T11:19:00
office-occupancy-sensor-001,22.2,26.6,100.0,2015-02-05T11:19:59
office-occupancy-sensor-001,22.15,26.6,100.0,2015-02-05T11:21:00
office-occupancy-sensor-001,22.15,26.6,100.0,2015-02-05T11:22:00
office-occupancy-sensor-001,22.2,26.6,100.0,2015-02-05T11:23:00
office-occupancy-sensor-001,22.175,26.675,100.0,2015-02-05T11:23:59
office-occupancy-sensor-001,22.2,26.7,100.0,2015-02-05T11:25:00
office-occupancy-sensor-001,22.2,26.763,100.0,2015-02-05T11:25:59
office-occupancy-sensor-001,22.167,26.857,100.0,2015-02-05T11:26:59
office-occupancy-sensor-001,22.2,26.79,100.0,2015-02-05T11:28:00
office-occupancy-sensor-001,22.2,26.857,100.0,2015-02-05T11:29:00
office-occupancy-sensor-001,22.175,26.918,100.0,2015-02-05T11:30:00
office-occupancy-sensor-001,22.2,26.918,100.0,2015-02-05T11:31:00
office-occupancy-sensor-001,22.2,26.89,100.0,2015-02-05T11:31:59
office-occupancy-sensor-001,22.2,26.972,100.0,2015-02-05T11:32:59
office-occupancy-sensor-001,22.2,27.0,100.0,2015-02-05T11:34:00
office-occupancy-sensor-001,22.2,27.0,100.0,2015-02-05T11:35:00
office-occupancy-sensor-001,22.2,27.0,100.0,2015-02-05T11:36:00
office-occupancy-sensor-001,22.2,27.025,100.0,2015-02-05T11:37:00
office-occupancy-sensor-001,22.2,27.0,100.0,2015-02-05T11:38:00
office-occupancy-sensor-001,22.2,27.0,100.0,2015-02-05T11:38:59
office-occupancy-sensor-001,22.2,27.05,100.0,2015-02-05T11:39:59
office-occupancy-sensor-001,22.2,27.0,100.0,2015-02-05T11:41:00
office-occupancy-sensor-001,22.2,27.067,100.0,2015-02-05T11:42:00
office-occupancy-sensor-001,22.2,27.0,100.0,2015-02-05T11:43:00
office-occupancy-sensor-001,22.2,27.075,100.0,2015-02-05T11:44:00
office-occupancy-sensor-001,22.2,27.1,100.0,2015-02-05T11:44:59
office-occupancy-sensor-001,22.2,27.075,100.0,2015-02-05T11:45:59
office-occupancy-sensor-001,22.2,27.067,100.0,2015-02-05T11:47:00
office-occupancy-sensor-001,22.2,27.1,100.0,2015-02-05T11:48:00
office-occupancy-sensor-001,22.175,27.1,100.0,2015-02-05T11:49:00
office-occupancy-sensor-001,22.2,27.1,100.0,2015-02-05T11:50:00
office-occupancy-sensor-001,22.2,27.033,100.0,2015-02-05T11:51:00
office-occupancy-sensor-001,22.2,27.0,100.0,2015-02-05T11:51:59
office-occupancy-sensor-001,22.2,27.025,100.0,2015-02-05T11:53:00
office-occupancy-sensor-001,22.2,27.1,100.0,2015-02-05T11:54:00
office-occupancy-sensor-001,22.2,27.1,100.0,2015-02-05T11:55:00
office-occupancy-sensor-001,22.175,27.175,100.0,2015-02-05T11:55:59
office-occupancy-sensor-001,22.175,27.125,100.0,2015-02-05T11:57:00
office-occupancy-sensor-001,22.175,27.125,100.0,2015-02-05T11:57:59
office-occupancy-sensor-001,22.2,27.1,100.0,2015-02-05T11:58:59
office-occupancy-sensor-001,22.2,27.1,100.0,2015-02-05T12:00:00
office-occupancy-sensor-001,22.2,27.1,100.0,2015-02-05T12:01:00
office-occupancy-sensor-001,22.2,27.075,100.0,2015-02-05T12:02:00
office-occupancy-sensor-001,22.2,27.1,100.0,2015-02-05T12:03:00
office-occupancy-sensor-001,22.2,27.0,100.0,2015-02-05T12:04:00
office-occupancy-sensor-001,22.175,27.0,100.0,2015-02-05T12:04:59
office-occupancy-sensor-001,22.2,27.067,100.0,2015-02-05T12:06:00
office-occupancy-sensor-001,22.2,27.0,100.0,2015-02-05T12:07:00
office-occupancy-sensor-001,22.2,26.945,100.0,2015-02-05T12:08:00
office-occupancy-sensor-001,22.2,27.0,100.0,2015-02-05T12:08:59
office-occupancy-sensor-001,22.2,27.0,100.0,2015-02-05T12:10:00
office-occupancy-sensor-001,22.2,27.0,100.0,2015-02-05T12:10:59
office-occupancy-sensor-001,22.2,26.963,100.0,2015-02-05T12:11:59
office-occupancy-sensor-001,22.2,26.84,100.0,2015-02-05T12:13:00
office-occupancy-sensor-001,22.26,26.857,100.0,2015-02-05T12:14:00
office-occupancy-sensor-001,22.29,26.865,100.0,2015-02-05T12:15:00
office-occupancy-sensor-001,22.315,26.865,100.0,2015-02-05T12:16:00
office-occupancy-sensor-001,22.39,26.79,100.0,2015-02-05T12:16:59
office-occupancy-sensor-001,22.39,26.972,100.0,2015-02-05T12:17:59
office-occupancy-sensor-001,22.427,27.0,100.0,2015-02-05T12:19:00
office-occupancy-sensor-001,22.472,26.89,100.0,2015-02-05T12:20:00
office-occupancy-sensor-001,22.533,26.823,100.0,2015-02-05T12:21:00
office-occupancy-sensor-001,22.575,26.84,100.0,2015-02-05T12:22:00
office-occupancy-sensor-001,22.6,26.79,100.0,2015-02-05T12:23:00
office-occupancy-sensor-001,22.6,26.815,100.0,2015-02-05T12:23:59
office-occupancy-sensor-001,22.6,26.857,100.0,2015-02-05T12:24:59
office-occupancy-sensor-001,22.675,26.89,100.0,2015-02-05T12:26:00
office-occupancy-sensor-001,22.667,26.963,100.0,2015-02-05T12:27:00
office-occupancy-sensor-001,22.7,27.075,100.0,2015-02-05T12:28:00
office-occupancy-sensor-001,22.722,26.748,100.0,2015-02-05T12:29:00
office-occupancy-sensor-001,22.7,26.89,100.0,2015-02-05T12:29:59
office-occupancy-sensor-001,22.7,26.89,100.0,2015-02-05T12:30:59
office-occupancy-sensor-001,22.7,26.918,100.0,2015-02-05T12:32:00
office-occupancy-sensor-001,22.7,26.89,100.0,2015-02-05T12:33:00
office-occupancy-sensor-001,22.7,26.89,100.0,2015-02-05T12:34:00
office-occupancy-sensor-001,22.7,26.89,100.0,2015-02-05T12:35:00
office-occupancy-sensor-001,22.675,26.865,100.0,2015-02-05T12:36:00
office-occupancy-sensor-001,22.7,26.815,100.0,2015-02-05T12:36:59
office-occupancy-sensor-001,22.7,26.7,100.0,2015-02-05T12:38:00
office-occupancy-sensor-001,22.7,26.7,100.0,2015-02-05T12:39:00
office-occupancy-sensor-001,22.7,26.667,100.0,2015-02-05T12:40:00
office-occupancy-sensor-001,22.675,26.575,100.0,2015-02-05T12:40:59
office-occupancy-sensor-001,22.65,26.55,100.0,2015-02-05T12:42:00
office-occupancy-sensor-001,22.667,26.567,100.0,2015-02-05T12:42:59
office-occupancy-sensor-001,22.65,26.55,100.0,2015-02-05T12:43:59
office-occupancy-sensor-001,22.625,26.498,100.0,2015-02-05T12:45:00
office-occupancy-sensor-001,22.6,26.39,100.0,2015-02-05T12:46:00
office-occupancy-sensor-001,22.625,26.498,100.0,2015-02-05T12:47:00
office-occupancy-sensor-001,22.625,26.525,100.0,2015-02-05T12:48:00
office-occupancy-sensor-001,22.6,26.5,100.0,2015-02-05T12:49:00
office-occupancy-sensor-001,22.6,26.5,100.0,2015-02-05T12:49:59
office-occupancy-sensor-001,22.6,26.5,100.0,2015-02-05T12:51:00
office-occupancy-sensor-001,22.633,26.46,100.0,2015-02-05T12:52:00
office-occupancy-sensor-001,22.65,26.495,100.0,2015-02-05T12:53:00
office-occupancy-sensor-001,22.675,26.525,100.0,2015-02-05T12:53:59
office-occupancy-sensor-001,22.722,26.472,100.0,2015-02-05T12:55:00
office-occupancy-sensor-001,22.76,26.39,100.0,2015-02-05T12:55:59
office-occupancy-sensor-001,22.857,26.323,100.0,2015-02-05T12:56:59
office-occupancy-sensor-001,22.89,26.245,100.0,2015-02-05T12:58:00
office-occupancy-sensor-001,22.89,26.2,100.0,2015-02-05T12:59:00
office-occupancy-sensor-001,22.89,26.1,100.0,2015-02-05T13:00:00
office-occupancy-sensor-001,22.89,26.175,100.0,2015-02-05T13:01:00
office-occupancy-sensor-001,22.89,26.133,100.0,2015-02-05T13:01:59
office-occupancy-sensor-001,22.89,26.1,100.0,2015-02-05T13:02:59
office-occupancy-sensor-001,22.89,26.0,100.0,2015-02-05T13:04:00
office-occupancy-sensor-001,22.89,25.945,100.0,2015-02-05T13:05:00
office-occupancy-sensor-001,22.84,25.918,100.0,2015-02-05T13:06:00
office-occupancy-sensor-001,22.823,25.857,100.0,2015-02-05T13:07:00
office-occupancy-sensor-001,22.79,25.865,100.0,2015-02-05T13:08:00
office-occupancy-sensor-001,22.79,25.823,100.0,2015-02-05T13:08:59
office-occupancy-sensor-001,22.79,25.972,100.0,2015-02-05T13:09:59
office-occupancy-sensor-001,22.745,26.0,100.0,2015-02-05T13:11:00
office-occupancy-sensor-001,22.7,26.0,100.0,2015-02-05T13:12:00
office-occupancy-sensor-001,22.7,26.075,100.0,2015-02-05T13:13:00
office-occupancy-sensor-001,22.667,26.067,100.0,2015-02-05T13:14:00
office-occupancy-sensor-001,22.6,26.05,100.0,2015-02-05T13:14:59
office-occupancy-sensor-001,22.6,26.1,100.0,2015-02-05T13:15:59
office-occupancy-sensor-001,22.567,26.1,100.0,2015-02-05T13:17:00
office-occupancy-sensor-001,22.525,26.1,100.0,2015-02-05T13:18:00
office-occupancy-sensor-001,22.5,26.1,100.0,2015-02-05T13:19:00
office-occupancy-sensor-001,22.5,26.1,100.0,2015-02-05T13:20:00
office-occupancy-sensor-001,22.418,26.05,100.0,2015-02-05T13:21:00
office-occupancy-sensor-001,22.39,26.1,100.0,2015-02-05T13:21:59
office-occupancy-sensor-001,22.39,26.1,100.0,2015-02-05T13:23:00
office-occupancy-sensor-001,22.39,26.1,100.0,2015-02-05T13:24:00
office-occupancy-sensor-001,22.39,26.1,100.0,2015-02-05T13:25:00
office-occupancy-sensor-001,22.39,26.1,100.0,2015-02-05T13:25:59
office-occupancy-sensor-001,22.34,26.1,100.0,2015-02-05T13:27:00
office-occupancy-sensor-001,22.323,26.1,100.0,2015-02-05T13:27:59
office-occupancy-sensor-001,22.29,26.1,100.0,2015-02-05T13:28:59
office-occupancy-sensor-001,22.29,26.1,100.0,2015-02-05T13:30:00
office-occupancy-sensor-001,22.29,26.1,100.0,2015-02-05T13:31:00
office-occupancy-sensor-001,22.29,26.167,100.0,2015-02-05T13:32:00
office-occupancy-sensor-001,22.29,26.15,100.0,2015-02-05T13:33:00
office-occupancy-sensor-001,22.29,26.1,100.0,2015-02-05T13:34:00
office-occupancy-sensor-001,22.268,26.172,100.0,2015-02-05T13:34:59
office-occupancy-sensor-001,22.29,26.29,100.0,2015-02-05T13:36:00
office-occupancy-sensor-001,22.29,26.26,100.0,2015-02-05T13:37:00
office-occupancy-sensor-001,22.29,26.2,100.0,2015-02-05T13:38:00
office-occupancy-sensor-001,22.29,26.2,100.0,2015-02-05T13:38:59
office-occupancy-sensor-001,22.29,26.2,100.0,2015-02-05T13:40:00
office-occupancy-sensor-001,22.29,26.175,100.0,2015-02-05T13:40:59
office-occupancy-sensor-001,22.315,26.1,100.0,2015-02-05T13:41:59
office-occupancy-sensor-001,22.29,26.1,100.0,2015-02-05T13:43:00
office-occupancy-sensor-001,22.34,26.1,100.0,2015-02-05T13:44:00
office-occupancy-sensor-001,22.315,26.1,100.0,2015-02-05T13:45:00
office-occupancy-sensor-001,22.29,26.1,100.0,2015-02-05T13:46:00
office-occupancy-sensor-001,22.29,26.1,100.0,2015-02-05T13:46:59
office-occupancy-sensor-001,22.29,26.1,100.0,2015-02-05T13:47:59
office-occupancy-sensor-001,22.29,26.1,100.0,2015-02-05T13:49:00
office-occupancy-sensor-001,22.29,26.1,100.0,2015-02-05T13:50:00
office-occupancy-sensor-001,22.29,26.1,100.0,2015-02-05T13:51:00
office-occupancy-sensor-001,22.29,26.025,100.0,2015-02-05T13:52:00
office-occupancy-sensor-001,22.29,26.0,100.0,2015-02-05T13:53:00
office-occupancy-sensor-001,22.29,26.0,100.0,2015-02-05T13:53:59
office-occupancy-sensor-001,22.29,26.0,100.0,2015-02-05T13:54:59
office-occupancy-sensor-001,22.29,26.0,100.0,2015-02-05T13:56:00
office-occupancy-sensor-001,22.29,26.0,100.0,2015-02-05T13:57:00
office-occupancy-sensor-001,22.29,25.945,100.0,2015-02-05T13:58:00
office-occupancy-sensor-001,22.29,25.945,100.0,2015-02-05T13:59:00
office-occupancy-sensor-001,22.29,25.963,100.0,2015-02-05T13:59:59
office-occupancy-sensor-001,22.268,25.89,100.0,2015-02-05T14:00:59
office-occupancy-sensor-001,22.268,25.89,100.0,2015-02-05T14:02:00
office-occupancy-sensor-001,22.268,25.918,100.0,2015-02-05T14:03:00
office-occupancy-sensor-001,22.29,25.927,100.0,2015-02-05T14:04:00
office-occupancy-sensor-001,22.245,25.89,100.0,2015-02-05T14:05:00
office-occupancy-sensor-001,22.29,25.89,100.0,2015-02-05T14:06:00
office-occupancy-sensor-001,22.268,25.89,100.0,2015-02-05T14:06:59
office-occupancy-sensor-001,22.268,25.865,100.0,2015-02-05T14:08:00
office-occupancy-sensor-001,22.29,25.89,100.0,2015-02-05T14:09:00
office-occupancy-sensor-001,22.23,25.823,100.0,2015-02-05T14:10:00
office-occupancy-sensor-001,22.222,25.892,100.0,2015-02-05T14:10:59
office-occupancy-sensor-001,22.2,25.96,100.0,2015-02-05T14:12:00
office-occupancy-sensor-001,22.222,25.99,100.0,2015-02-05T14:12:59
office-occupancy-sensor-001,22.2,26.122,100.0,2015-02-05T14:13:59
office-occupancy-sensor-001,22.2,26.05,100.0,2015-02-05T14:15:00
office-occupancy-sensor-001,22.2,26.213,100.0,2015-02-05T14:16:00
office-occupancy-sensor-001,22.2,26.376,100.0,2015-02-05T14:17:00
office-occupancy-sensor-001,22.2,26.6,100.0,2015-02-05T14:18:00
office-occupancy-sensor-001,22.2,26.667,100.0,2015-02-05T14:19:00
office-occupancy-sensor-001,22.2,26.745,100.0,2015-02-05T14:19:59
office-occupancy-sensor-001,22.2,26.823,100.0,2015-02-05T14:21:00
office-occupancy-sensor-001,22.2,26.945,100.0,2015-02-05T14:22:00
office-occupancy-sensor-001,22.2,27.0,100.0,2015-02-05T14:23:00
office-occupancy-sensor-001,22.2,26.918,100.0,2015-02-05T14:23:59
office-occupancy-sensor-001,22.2,26.918,100.0,2015-02-05T14:25:00
office-occupancy-sensor-001,22.2,27.1,100.0,2015-02-05T14:25:59
office-occupancy-sensor-001,22.245,27.125,100.0,2015-02-05T14:26:59
office-occupancy-sensor-001,22.2,27.197,100.0,2015-02-05T14:28:00
office-occupancy-sensor-001,22.2,27.418,100.0,2015-02-05T14:29:00
office-occupancy-sensor-001,22.2,27.5,100.0,2015-02-05T14:30:00
office-occupancy-sensor-001,22.268,27.422,100.0,2015-02-05T14:31:00
office-occupancy-sensor-001,22.2,26.898,100.0,2015-02-05T14:31:59
office-occupancy-sensor-001,22.23,27.73,100.0,2015-02-05T14:32:59
office-occupancy-sensor-001,22.2,27.745,100.0,2015-02-05T14:34:00
office-occupancy-sensor-001,22.268,28.025,100.0,2015-02-05T14:35:00
office-occupancy-sensor-001,22.2,28.0,100.0,2015-02-05T14:36:00
office-occupancy-sensor-001,22.2,28.1,100.0,2015-02-05T14:37:00
office-occupancy-sensor-001,22.245,28.222,100.0,2015-02-05T14:38:00
office-occupancy-sensor-001,22.222,28.222,100.0,2015-02-05T14:38:59
office-occupancy-sensor-001,22.222,28.368,100.0,2015-02-05T14:39:59
office-occupancy-sensor-001,22.29,28.39,100.0,2015-02-05T14:41:00
office-occupancy-sensor-001,22.245,28.245,100.0,2015-02-05T14:42:00
office-occupancy-sensor-001,22.29,28.39,100.0,2015-02-05T14:43:00
office-occupancy-sensor-001,22.29,28.5,100.0,2015-02-05T14:44:00
office-occupancy-sensor-001,22.29,28.427,100.0,2015-02-05T14:44:59
office-occupancy-sensor-001,22.315,28.39,100.0,2015-02-05T14:45:59
office-occupancy-sensor-001,22.323,28.39,100.0,2015-02-05T14:47:00
office-occupancy-sensor-001,22.29,28.357,100.0,2015-02-05T14:48:00
office-occupancy-sensor-001,22.29,28.34,100.0,2015-02-05T14:49:00
office-occupancy-sensor-001,22.34,28.39,100.0,2015-02-05T14:50:00
office-occupancy-sensor-001,22.39,28.2,100.0,2015-02-05T14:51:00
office-occupancy-sensor-001,22.39,28.2,100.0,2015-02-05T14:51:59
office-occupancy-sensor-001,22.39,28.293,100.0,2015-02-05T14:53:00
office-occupancy-sensor-001,22.39,28.39,100.0,2015-02-05T14:54:00
office-occupancy-sensor-001,22.39,28.292,100.0,2015-02-05T14:55:00
office-occupancy-sensor-001,22.427,28.2,100.0,2015-02-05T14:55:59
office-occupancy-sensor-001,22.445,28.245,100.0,2015-02-05T14:57:00
office-occupancy-sensor-001,22.5,28.365,100.0,2015-02-05T14:57:59
office-occupancy-sensor-001,22.463,28.327,100.0,2015-02-05T14:58:59
office-occupancy-sensor-001,22.5,28.318,100.0,2015-02-05T15:00:00
office-occupancy-sensor-001,22.55,28.318,100.0,2015-02-05T15:01:00
office-occupancy-sensor-001,22.5,28.34,100.0,2015-02-05T15:02:00
office-occupancy-sensor-001,22.525,28.39,100.0,2015-02-05T15:03:00
office-occupancy-sensor-001,22.5,28.39,100.0,2015-02-05T15:04:00
office-occupancy-sensor-001,22.5,28.033,100.0,2015-02-05T15:04:59
office-occupancy-sensor-001,22.525,28.025,100.0,2015-02-05T15:06:00
office-occupancy-sensor-001,22.575,28.22,100.0,2015-02-05T15:07:00
office-occupancy-sensor-001,22.6,28.2,100.0,2015-02-05T15:08:00
office-occupancy-sensor-001,22.6,28.245,100.0,2015-02-05T15:08:59
office-occupancy-sensor-001,22.5,28.29,100.0,2015-02-05T15:10:00
office-occupancy-sensor-001,22.6,28.315,100.0,2015-02-05T15:10:59
office-occupancy-sensor-001,22.55,28.268,100.0,2015-02-05T15:11:59
office-occupancy-sensor-001,22.6,28.29,100.0,2015-02-05T15:13:00
office-occupancy-sensor-001,22.6,28.245,100.0,2015-02-05T15:14:00
office-occupancy-sensor-001,22.6,28.2,100.0,2015-02-05T15:15:00
office-occupancy-sensor-001,22.6,28.39,100.0,2015-02-05T15:16:00
office-occupancy-sensor-001,22.6,28.39,100.0,2015-02-05T15:16:59
office-occupancy-sensor-001,22.6,28.34,100.0,2015-02-05T15:17:59
office-occupancy-sensor-001,22.6,28.172,100.0,2015-02-05T15:19:00
office-occupancy-sensor-001,22.6,28.148,100.0,2015-02-05T15:20:00
office-occupancy-sensor-001,22.6,28.23,100.0,2015-02-05T15:21:00
office-occupancy-sensor-001,22.6,28.133,100.0,2015-02-05T15:22:00
office-occupancy-sensor-001,22.575,28.0,100.0,2015-02-05T15:23:00
office-occupancy-sensor-001,22.6,28.0,100.0,2015-02-05T15:23:59
office-occupancy-sensor-001,22.55,27.82,100.0,2015-02-05T15:24:59
office-occupancy-sensor-001,22.525,27.815,100.0,2015-02-05T15:26:00
office-occupancy-sensor-001,22.5,27.815,100.0,2015-02-05T15:27:00
office-occupancy-sensor-001,22.5,27.745,100.0,2015-02-05T15:28:00
office-occupancy-sensor-001,22.525,27.7,100.0,2015-02-05T15:29:00
office-occupancy-sensor-001,22.55,27.7,100.0,2015-02-05T15:29:59
office-occupancy-sensor-001,22.5,27.6,100.0,2015-02-05T15:30:59
office-occupancy-sensor-001,22.5,27.7,100.0,2015-02-05T15:32:00
office-occupancy-sensor-001,22.5,27.6,100.0,2015-02-05T15:33:00
office-occupancy-sensor-001,22.5,27.33,100.0,2015-02-05T15:34:00
office-occupancy-sensor-001,22.55,27.445,100.0,2015-02-05T15:35:00
office-occupancy-sensor-001,22.5,27.472,100.0,2015-02-05T15:36:00
office-occupancy-sensor-001,22.5,27.39,100.0,2015-02-05T15:36:59
office-occupancy-sensor-001,22.5,27.34,100.0,2015-02-05T15:38:00
office-occupancy-sensor-001,22.5,27.29,100.0,2015-02-05T15:39:00
office-occupancy-sensor-001,22.5,27.315,100.0,2015-02-05T15:40:00
office-occupancy-sensor-001,22.5,27.29,100.0,2015-02-05T15:40:59
office-occupancy-sensor-001,22.5,27.222,100.0,2015-02-05T15:42:00
office-occupancy-sensor-001,22.5,27.222,100.0,2015-02-05T15:42:59
office-occupancy-sensor-001,22.5,27.2,100.0,2015-02-05T15:43:59
office-occupancy-sensor-001,22.5,27.15,100.0,2015-02-05T15:45:00
office-occupancy-sensor-001,22.5,27.222,100.0,2015-02-05T15:46:00
office-occupancy-sensor-001,22.472,27.198,100.0,2015-02-05T15:47:00
office-occupancy-sensor-001,22.5,27.167,100.0,2015-02-05T15:48:00
office-occupancy-sensor-001,22.5,27.125,100.0,2015-02-05T15:49:00
office-occupancy-sensor-001,22.5,27.15,100.0,2015-02-05T15:49:59
office-occupancy-sensor-001,22.5,27.125,100.0,2015-02-05T15:51:00
office-occupancy-sensor-001,22.5,27.067,100.0,2015-02-05T15:52:00
office-occupancy-sensor-001,22.5,27.1,100.0,2015-02-05T15:53:00
office-occupancy-sensor-001,22.5,27.1,100.0,2015-02-05T15:53:59
office-occupancy-sensor-001,22.5,27.1,100.0,2015-02-05T15:55:00
office-occupancy-sensor-001,22.5,27.025,100.0,2015-02-05T15:55:59
office-occupancy-sensor-001,22.5,27.0,100.0,2015-02-05T15:56:59
office-occupancy-sensor-001,22.5,27.0,100.0,2015-02-05T15:58:00
office-occupancy-sensor-001,22.5,26.972,100.0,2015-02-05T15:59:00
office-occupancy-sensor-001,22.5,26.733,100.0,2015-02-05T16:00:00
office-occupancy-sensor-001,22.5,26.925,100.0,2015-02-05T16:01:00
office-occupancy-sensor-001,22.5,26.972,100.0,2015-02-05T16:01:59
office-occupancy-sensor-001,22.5,27.05,100.0,2015-02-05T16:02:59
office-occupancy-sensor-001,22.445,26.9,100.0,2015-02-05T16:04:00
office-occupancy-sensor-001,22.418,26.82,100.0,2015-02-05T16:05:00
office-occupancy-sensor-001,22.39,26.697,100.0,2015-02-05T16:06:00
office-occupancy-sensor-001,22.39,26.963,100.0,2015-02-05T16:07:00
office-occupancy-sensor-001,22.39,27.022,100.0,2015-02-05T16:08:00
office-occupancy-sensor-001,22.39,26.823,100.0,2015-02-05T16:08:59
office-occupancy-sensor-001,22.39,26.84,100.0,2015-02-05T16:09:59
office-occupancy-sensor-001,22.39,26.745,100.0,2015-02-05T16:11:00
office-occupancy-sensor-001,22.39,26.79,100.0,2015-02-05T16:12:00
office-occupancy-sensor-001,22.357,26.73,100.0,2015-02-05T16:13:00
office-occupancy-sensor-001,22.39,26.572,100.0,2015-02-05T16:14:00
office-occupancy-sensor-001,22.39,26.675,100.0,2015-02-05T16:14:59
office-occupancy-sensor-001,22.39,26.695,100.0,2015-02-05T16:15:59
office-occupancy-sensor-001,22.39,26.745,100.0,2015-02-05T16:17:00
office-occupancy-sensor-001,22.39,26.79,100.0,2015-02-05T16:18:00
office-occupancy-sensor-001,22.418,26.65,100.0,2015-02-05T16:19:00
office-occupancy-sensor-001,22.472,26.745,100.0,2015-02-05T16:20:00
office-occupancy-sensor-001,22.445,26.695,100.0,2015-02-05T16:21:00
office-occupancy-sensor-001,22.445,26.745,100.0,2015-02-05T16:21:59
office-occupancy-sensor-001,22.427,26.697,100.0,2015-02-05T16:23:00
office-occupancy-sensor-001,22.39,26.79,100.0,2015-02-05T16:24:00
office-occupancy-sensor-001,22.427,26.73,100.0,2015-02-05T16:25:00
office-occupancy-sensor-001,22.39,26.548,100.0,2015-02-05T16:25:59
office-occupancy-sensor-001,22.39,26.418,100.0,2015-02-05T16:27:00
office-occupancy-sensor-001,22.39,26.533,100.0,2015-02-05T16:27:59
office-occupancy-sensor-001,22.39,26.456,100.0,2015-02-05T16:28:59
office-occupancy-sensor-001,22.39,26.26,100.0,2015-02-05T16:30:00
office-occupancy-sensor-001,22.39,26.427,100.0,2015-02-05T16:31:00
office-occupancy-sensor-001,22.39,26.418,100.0,2015-02-05T16:32:00
office-occupancy-sensor-001,22.39,26.34,100.0,2015-02-05T16:33:00
office-occupancy-sensor-001,22.39,26.323,100.0,2015-02-05T16:34:00
office-occupancy-sensor-001,22.39,26.463,100.0,2015-02-05T16:34:59
office-occupancy-sensor-001,22.39,26.015,100.0,2015-02-05T16:36:00
office-occupancy-sensor-001,22.39,26.045,100.0,2015-02-05T16:37:00
office-occupancy-sensor-001,22.39,26.29,100.0,2015-02-05T16:38:00
office-occupancy-sensor-001,22.39,26.268,100.0,2015-02-05T16:38:59
office-occupancy-sensor-001,22.39,26.29,100.0,2015-02-05T16:40:00
office-occupancy-sensor-001,22.39,26.323,100.0,2015-02-05T16:40:59
office-occupancy-sensor-001,22.357,26.323,100.0,2015-02-05T16:41:59
office-occupancy-sensor-001,22.39,26.34,100.0,2015-02-05T16:43:00
office-occupancy-sensor-001,22.365,26.29,100.0,2015-02-05T16:44:00
office-occupancy-sensor-001,22.323,26.39,100.0,2015-02-05T16:45:00
office-occupancy-sensor-001,22.34,26.39,100.0,2015-02-05T16:46:00
office-occupancy-sensor-001,22.34,26.39,100.0,2015-02-05T16:46:59
office-occupancy-sensor-001,22.323,26.463,100.0,2015-02-05T16:47:59
office-occupancy-sensor-001,22.365,26.472,100.0,2015-02-05T16:49:00
office-occupancy-sensor-001,22.315,26.342,100.0,2015-02-05T16:50:00
office-occupancy-sensor-001,22.34,26.145,100.0,2015-02-05T16:51:00
office-occupancy-sensor-001,22.29,26.142,100.0,2015-02-05T16:52:00
office-occupancy-sensor-001,22.29,25.7,100.0,2015-02-05T16:53:00
office-occupancy-sensor-001,22.29,26.22,100.0,2015-02-05T16:53:59
office-occupancy-sensor-001,22.29,26.242,100.0,2015-02-05T16:54:59
office-occupancy-sensor-001,22.29,26.125,100.0,2015-02-05T16:56:00
office-occupancy-sensor-001,22.315,26.2,100.0,2015-02-05T16:57:00
office-occupancy-sensor-001,22.29,26.175,100.0,2015-02-05T16:58:00
office-occupancy-sensor-001,22.29,26.1,100.0,2015-02-05T16:59:00
office-occupancy-sensor-001,22.29,25.995,100.0,2015-02-05T16:59:59
office-occupancy-sensor-001,22.268,25.892,100.0,2015-02-05T17:00:59
office-occupancy-sensor-001,22.29,25.89,100.0,2015-02-05T17:02:00
office-occupancy-sensor-001,22.29,25.89,100.0,2015-02-05T17:03:00
office-occupancy-sensor-001,22.29,25.857,100.0,2015-02-05T17:04:00
office-occupancy-sensor-001,22.245,25.722,100.0,2015-02-05T17:05:00
office-occupancy-sensor-001,22.23,25.667,100.0,2015-02-05T17:06:00
office-occupancy-sensor-001,22.29,25.6,100.0,2015-02-05T17:06:59
office-occupancy-sensor-001,22.245,25.55,100.0,2015-02-05T17:08:00
office-occupancy-sensor-001,22.268,25.575,100.0,2015-02-05T17:09:00
office-occupancy-sensor-001,22.29,25.567,100.0,2015-02-05T17:10:00
office-occupancy-sensor-001,22.268,25.498,100.0,2015-02-05T17:10:59
office-occupancy-sensor-001,22.245,25.55,100.0,2015-02-05T17:12:00
office-occupancy-sensor-001,22.29,25.5,100.0,2015-02-05T17:12:59
office-occupancy-sensor-001,22.29,25.5,100.0,2015-02-05T17:13:59
office-occupancy-sensor-001,22.29,25.445,100.0,2015-02-05T17:15:00
office-occupancy-sensor-001,22.29,25.2,100.0,2015-02-05T17:16:00
office-occupancy-sensor-001,22.29,25.23,100.0,2015-02-05T17:17:00
office-occupancy-sensor-001,22.245,25.15,100.0,2015-02-05T17:18:00
office-occupancy-sensor-001,22.29,25.268,100.0,2015-02-05T17:19:00
office-occupancy-sensor-001,22.29,25.2,100.0,2015-02-05T17:19:59
office-occupancy-sensor-001,22.29,25.2,100.0,2015-02-05T17:21:00
office-occupancy-sensor-001,22.29,25.15,100.0,2015-02-05T17:22:00
office-occupancy-sensor-001,22.29,25.03,100.0,2015-02-05T17:23:00
office-occupancy-sensor-001,22.222,24.865,100.0,2015-02-05T17:23:59
office-occupancy-sensor-001,22.26,24.827,100.0,2015-02-05T17:25:00
office-occupancy-sensor-001,22.245,24.89,100.0,2015-02-05T17:25:59
office-occupancy-sensor-001,22.245,24.89,100.0,2015-02-05T17:26:59
office-occupancy-sensor-001,22.222,24.84,100.0,2015-02-05T17:28:00
office-occupancy-sensor-001,22.2,24.7,100.0,2015-02-05T17:29:00
office-occupancy-sensor-001,22.2,24.7,100.0,2015-02-05T17:30:00
office-occupancy-sensor-001,22.2,24.7,100.0,2015-02-05T17:31:00
office-occupancy-sensor-001,22.2,24.7,100.0,2015-02-05T17:31:59
office-occupancy-sensor-001,22.2,24.65,100.0,2015-02-05T17:32:59
office-occupancy-sensor-001,22.2,24.567,100.0,2015-02-05T17:34:00
office-occupancy-sensor-001,22.2,24.55,100.0,2015-02-05T17:35:00
office-occupancy-sensor-001,22.2,24.334,100.0,2015-02-05T17:36:00
office-occupancy-sensor-001,22.2,24.34,100.0,2015-02-05T17:37:00
office-occupancy-sensor-001,22.2,24.395,100.0,2015-02-05T17:38:00
office-occupancy-sensor-001,22.2,24.34,100.0,2015-02-05T17:38:59
office-occupancy-sensor-001,22.2,24.357,100.0,2015-02-05T17:39:59
office-occupancy-sensor-001,22.175,24.39,100.0,2015-02-05T17:41:00
office-occupancy-sensor-001,22.175,24.365,100.0,2015-02-05T17:42:00
office-occupancy-sensor-001,22.2,24.365,100.0,2015-02-05T17:43:00
office-occupancy-sensor-001,22.133,24.29,100.0,2015-02-05T17:44:00
office-occupancy-sensor-001,22.15,24.222,100.0,2015-02-05T17:44:59
office-occupancy-sensor-001,22.133,24.2,100.0,2015-02-05T17:45:59
office-occupancy-sensor-001,22.1,24.268,100.0,2015-02-05T17:47:00
office-occupancy-sensor-001,22.1,24.245,100.0,2015-02-05T17:48:00
office-occupancy-sensor-001,22.1,24.29,100.0,2015-02-05T17:49:00
office-occupancy-sensor-001,22.125,24.268,100.0,2015-02-05T17:50:00
office-occupancy-sensor-001,22.133,24.26,100.0,2015-02-05T17:51:00
office-occupancy-sensor-001,22.125,24.15,100.0,2015-02-05T17:51:59
office-occupancy-sensor-001,22.1,24.072,100.0,2015-02-05T17:53:00
office-occupancy-sensor-001,22.1,23.997,100.0,2015-02-05T17:54:00
office-occupancy-sensor-001,22.1,24.12,100.0,2015-02-05T17:55:00
office-occupancy-sensor-001,22.067,23.927,100.0,2015-02-05T17:55:59
office-occupancy-sensor-001,22.025,23.945,100.0,2015-02-05T17:57:00
office-occupancy-sensor-001,22.0,23.927,100.0,2015-02-05T17:57:59
office-occupancy-sensor-001,22.0,23.89,100.0,2015-02-05T17:58:59
office-occupancy-sensor-001,22.0,23.89,100.0,2015-02-05T18:00:00
office-occupancy-sensor-001,22.025,23.918,100.0,2015-02-05T18:01:00
office-occupancy-sensor-001,22.0,23.89,100.0,2015-02-05T18:02:00
office-occupancy-sensor-001,22.075,23.972,100.0,2015-02-05T18:03:00
office-occupancy-sensor-001,22.025,24.048,100.0,2015-02-05T18:04:00
office-occupancy-sensor-001,22.0,24.1,100.0,2015-02-05T18:04:59
office-occupancy-sensor-001,22.0,24.1,100.0,2015-02-05T18:06:00
office-occupancy-sensor-001,22.0,24.1,100.0,2015-02-05T18:07:00
office-occupancy-sensor-001,21.945,23.795,100.0,2015-02-05T18:08:00
office-occupancy-sensor-001,21.89,23.857,100.0,2015-02-05T18:08:59
office-occupancy-sensor-001,21.89,23.84,100.0,2015-02-05T18:10:00
office-occupancy-sensor-001,21.84,23.745,100.0,2015-02-05T18:10:59
office-occupancy-sensor-001,21.84,23.745,100.0,2015-02-05T18:11:59
office-occupancy-sensor-001,21.79,23.7,100.0,2015-02-05T18:13:00
office-occupancy-sensor-001,21.79,23.745,100.0,2015-02-05T18:14:00
office-occupancy-sensor-001,21.79,23.7,100.0,2015-02-05T18:15:00
office-occupancy-sensor-001,21.745,23.55,100.0,2015-02-05T18:16:00
office-occupancy-sensor-001,21.7,23.7,100.0,2015-02-05T18:16:59
office-occupancy-sensor-001,21.7,23.667,100.0,2015-02-05T18:17:59
office-occupancy-sensor-001,21.7,23.667,100.0,2015-02-05T18:19:00
office-occupancy-sensor-001,21.7,23.39,100.0,2015-02-05T18:20:00
office-occupancy-sensor-001,21.7,23.55,100.0,2015-02-05T18:21:00
office-occupancy-sensor-001,21.6,23.6,100.0,2015-02-05T18:22:00
office-occupancy-sensor-001,21.7,23.6,100.0,2015-02-05T18:23:00
office-occupancy-sensor-001,21.6,23.393,100.0,2015-02-05T18:23:59
office-occupancy-sensor-001,21.6,23.55,100.0,2015-02-05T18:24:59
office-occupancy-sensor-001,21.6,23.5,100.0,2015-02-05T18:26:00
office-occupancy-sensor-001,21.55,23.5,100.0,2015-02-05T18:27:00
office-occupancy-sensor-001,21.55,23.445,100.0,2015-02-05T18:28:00
office-occupancy-sensor-001,21.567,23.5,100.0,2015-02-05T18:29:00
office-occupancy-sensor-001,21.55,23.5,100.0,2015-02-05T18:29:59
office-occupancy-sensor-001,21.5,23.35,100.0,2015-02-05T18:30:59
office-occupancy-sensor-001,21.5,23.26,100.0,2015-02-05T18:32:00
office-occupancy-sensor-001,21.5,23.245,100.0,2015-02-05T18:33:00
office-occupancy-sensor-001,21.5,23.23,100.0,2015-02-05T18:34:00
office-occupancy-sensor-001,21.5,23.05,100.0,2015-02-05T18:35:00
office-occupancy-sensor-001,21.39,23.05,100.0,2015-02-05T18:36:00
office-occupancy-sensor-001,21.39,22.945,100.0,2015-02-05T18:36:59
office-occupancy-sensor-001,21.39,22.79,100.0,2015-02-05T18:38:00
office-occupancy-sensor-001,21.39,22.695,100.0,2015-02-05T18:39:00
office-occupancy-sensor-001,21.34,22.55,100.0,2015-02-05T18:40:00
office-occupancy-sensor-001,21.29,22.6,100.0,2015-02-05T18:40:59
office-occupancy-sensor-001,21.323,22.533,100.0,2015-02-05T18:42:00
office-occupancy-sensor-001,21.34,22.395,100.0,2015-02-05T18:42:59
office-occupancy-sensor-001,21.34,22.395,100.0,2015-02-05T18:43:59
office-occupancy-sensor-001,21.29,21.945,100.0,2015-02-05T18:45:00
office-occupancy-sensor-001,21.29,21.85,100.0,2015-02-05T18:46:00
office-occupancy-sensor-001,21.245,21.745,100.0,2015-02-05T18:47:00
office-occupancy-sensor-001,21.2,21.745,100.0,2015-02-05T18:48:00
office-occupancy-sensor-001,21.2,21.995,100.0,2015-02-05T18:49:00
office-occupancy-sensor-001,21.245,22.1,100.0,2015-02-05T18:49:59
office-occupancy-sensor-001,21.29,22.1,100.0,2015-02-05T18:51:00
office-occupancy-sensor-001,21.29,21.863,100.0,2015-02-05T18:52:00
office-occupancy-sensor-001,21.29,21.5,100.0,2015-02-05T18:53:00
office-occupancy-sensor-001,21.29,21.34,100.0,2015-02-05T18:53:59
office-occupancy-sensor-001,21.2,21.167,100.0,2015-02-05T18:55:00
office-occupancy-sensor-001,21.2,21.567,100.0,2015-02-05T18:55:59
office-occupancy-sensor-001,21.2,21.6,100.0,2015-02-05T18:56:59
office-occupancy-sensor-001,21.2,21.55,100.0,2015-02-05T18:58:00
office-occupancy-sensor-001,21.2,21.445,100.0,2015-02-05T18:59:00
office-occupancy-sensor-001,21.2,21.195,100.0,2015-02-05T19:00:00
office-occupancy-sensor-001,21.2,21.2,100.0,2015-02-05T19:01:00
office-occupancy-sensor-001,21.2,21.357,100.0,2015-02-05T19:01:59
office-occupancy-sensor-001,21.2,21.067,100.0,2015-02-05T19:02:59
office-occupancy-sensor-001,21.2,21.23,100.0,2015-02-05T19:04:00
office-occupancy-sensor-001,21.2,21.2,100.0,2015-02-05T19:05:00
office-occupancy-sensor-001,21.2,21.2,100.0,2015-02-05T19:06:00
office-occupancy-sensor-001,21.29,21.1,100.0,2015-02-05T19:07:00
office-occupancy-sensor-001,21.29,21.1,100.0,2015-02-05T19:08:00
office-occupancy-sensor-001,21.29,20.89,100.0,2015-02-05T19:08:59
office-occupancy-sensor-001,21.29,20.65,100.0,2015-02-05T19:09:59
office-occupancy-sensor-001,21.29,20.89,100.0,2015-02-05T19:11:00
office-occupancy-sensor-001,21.29,20.748,100.0,2015-02-05T19:12:00
office-occupancy-sensor-001,21.29,20.795,100.0,2015-02-05T19:13:00
office-occupancy-sensor-001,21.29,20.65,100.0,2015-02-05T19:14:00
office-occupancy-sensor-001,21.245,20.79,100.0,2015-02-05T19:14:59
office-occupancy-sensor-001,21.2,20.495,100.0,2015-02-05T19:15:59
office-occupancy-sensor-001,21.2,20.393,100.0,2015-02-05T19:17:00
office-occupancy-sensor-001,21.2,20.322,100.0,2015-02-05T19:18:00
office-occupancy-sensor-001,21.2,20.122,100.0,2015-02-05T19:19:00
office-occupancy-sensor-001,21.2,20.227,100.0,2015-02-05T19:20:00
office-occupancy-sensor-001,21.2,20.0,100.0,2015-02-05T19:21:00
office-occupancy-sensor-001,21.1,20.2,100.0,2015-02-05T19:21:59
office-occupancy-sensor-001,21.1,20.1,100.0,2015-02-05T19:23:00
office-occupancy-sensor-001,21.1,20.195,100.0,2015-02-05T19:24:00
office-occupancy-sensor-001,21.1,20.245,100.0,2015-02-05T19:25:00
office-occupancy-sensor-001,21.15,20.245,100.0,2015-02-05T19:25:59
office-occupancy-sensor-001,21.1,20.033,100.0,2015-02-05T19:27:00
office-occupancy-sensor-001,21.15,20.0,100.0,2015-02-05T19:27:59
office-occupancy-sensor-001,21.15,20.0,100.0,2015-02-05T19:28:59
office-occupancy-sensor-001,21.2,19.963,100.0,2015-02-05T19:30:00
office-occupancy-sensor-001,21.2,19.995,100.0,2015-02-05T19:31:00
office-occupancy-sensor-001,21.2,19.895,100.0,2015-02-05T19:32:00
office-occupancy-sensor-001,21.2,20.0,100.0,2015-02-05T19:33:00
office-occupancy-sensor-001,21.2,19.963,100.0,2015-02-05T19:34:00
office-occupancy-sensor-001,21.2,19.895,100.0,2015-02-05T19:34:59
office-occupancy-sensor-001,21.2,19.945,100.0,2015-02-05T19:36:00
office-occupancy-sensor-001,21.2,19.84,100.0,2015-02-05T19:37:00
office-occupancy-sensor-001,21.2,19.79,100.0,2015-02-05T19:38:00
office-occupancy-sensor-001,21.15,19.65,100.0,2015-02-05T19:38:59
office-occupancy-sensor-001,21.1,19.795,100.0,2015-02-05T19:40:00
office-occupancy-sensor-001,21.1,19.79,100.0,2015-02-05T19:40:59
office-occupancy-sensor-001,21.1,19.79,100.0,2015-02-05T19:41:59
office-occupancy-sensor-001,21.1,19.79,100.0,2015-02-05T19:43:00
office-occupancy-sensor-001,21.175,19.79,100.0,2015-02-05T19:44:00
office-occupancy-sensor-001,21.2,19.63,100.0,2015-02-05T19:45:00
office-occupancy-sensor-001,21.1,19.29,100.0,2015-02-05T19:46:00
office-occupancy-sensor-001,21.1,19.39,100.0,2015-02-05T19:46:59
office-occupancy-sensor-001,21.1,19.65,100.0,2015-02-05T19:47:59
office-occupancy-sensor-001,21.075,19.65,100.0,2015-02-05T19:49:00
office-occupancy-sensor-001,21.05,19.6,100.0,2015-02-05T19:50:00
office-occupancy-sensor-001,21.1,19.7,100.0,2015-02-05T19:51:00
office-occupancy-sensor-001,21.15,19.55,100.0,2015-02-05T19:52:00
office-occupancy-sensor-001,21.15,19.445,100.0,2015-02-05T19:53:00
office-occupancy-sensor-001,21.2,19.6,100.0,2015-02-05T19:53:59
office-occupancy-sensor-001,21.175,19.442,100.0,2015-02-05T19:54:59
office-occupancy-sensor-001,21.167,19.497,100.0,2015-02-05T19:56:00
office-occupancy-sensor-001,21.15,19.55,100.0,2015-02-05T19:57:00
office-occupancy-sensor-001,21.1,19.5,100.0,2015-02-05T19:58:00
office-occupancy-sensor-001,21.2,19.39,100.0,2015-02-05T19:59:00
office-occupancy-sensor-001,21.2,19.34,100.0,2015-02-05T19:59:59
office-occupancy-sensor-001,21.15,19.395,100.0,2015-02-05T20:00:59
office-occupancy-sensor-001,21.167,19.5,100.0,2015-02-05T20:02:00
office-occupancy-sensor-001,21.1,19.5,100.0,2015-02-05T20:03:00
office-occupancy-sensor-001,21.2,19.445,100.0,2015-02-05T20:04:00
office-occupancy-sensor-001,21.2,19.39,100.0,2015-02-05T20:05:00
office-occupancy-sensor-001,21.2,19.39,100.0,2015-02-05T20:06:00
office-occupancy-sensor-001,21.2,19.445,100.0,2015-02-05T20:06:59
office-occupancy-sensor-001,21.2,19.29,100.0,2015-02-05T20:08:00
office-occupancy-sensor-001,21.2,19.39,100.0,2015-02-05T20:09:00
office-occupancy-sensor-001,21.2,19.245,100.0,2015-02-05T20:10:00
office-occupancy-sensor-001,21.2,19.34,100.0,2015-02-05T20:10:59
office-occupancy-sensor-001,21.2,19.29,100.0,2015-02-05T20:12:00
office-occupancy-sensor-001,21.2,19.29,100.0,2015-02-05T20:12:59
office-occupancy-sensor-001,21.2,19.29,100.0,2015-02-05T20:13:59
office-occupancy-sensor-001,21.2,19.29,100.0,2015-02-05T20:15:00
office-occupancy-sensor-001,21.2,19.29,100.0,2015-02-05T20:16:00
office-occupancy-sensor-001,21.2,19.315,100.0,2015-02-05T20:17:00
office-occupancy-sensor-001,21.2,19.34,100.0,2015-02-05T20:18:00
office-occupancy-sensor-001,21.2,19.39,100.0,2015-02-05T20:19:00
office-occupancy-sensor-001,21.2,19.39,100.0,2015-02-05T20:19:59
office-occupancy-sensor-001,21.2,19.34,100.0,2015-02-05T20:21:00
office-occupancy-sensor-001,21.2,19.39,100.0,2015-02-05T20:22:00
office-occupancy-sensor-001,21.2,19.39,100.0,2015-02-05T20:23:00
office-occupancy-sensor-001,21.2,19.39,100.0,2015-02-05T20:23:59
office-occupancy-sensor-001,21.2,19.39,100.0,2015-02-05T20:25:00
office-occupancy-sensor-001,21.2,19.39,100.0,2015-02-05T20:25:59
office-occupancy-sensor-001,21.2,19.39,100.0,2015-02-05T20:26:59
office-occupancy-sensor-001,21.15,19.39,100.0,2015-02-05T20:28:00
office-occupancy-sensor-001,21.2,19.39,100.0,2015-02-05T20:29:00
office-occupancy-sensor-001,21.2,19.39,100.0,2015-02-05T20:30:00
office-occupancy-sensor-001,21.2,19.357,100.0,2015-02-05T20:31:00
office-occupancy-sensor-001,21.2,19.39,100.0,2015-02-05T20:31:59
office-occupancy-sensor-001,21.2,19.39,100.0,2015-02-05T20:32:59
office-occupancy-sensor-001,21.2,19.39,100.0,2015-02-05T20:34:00
office-occupancy-sensor-001,21.2,19.39,100.0,2015-02-05T20:35:00
office-occupancy-sensor-001,21.2,19.39,100.0,2015-02-05T20:36:00
office-occupancy-sensor-001,21.2,19.445,100.0,2015-02-05T20:37:00
office-occupancy-sensor-001,21.2,19.39,100.0,2015-02-05T20:38:00
office-occupancy-sensor-001,21.2,19.445,100.0,2015-02-05T20:38:59
office-occupancy-sensor-001,21.15,19.5,100.0,2015-02-05T20:39:59
office-occupancy-sensor-001,21.167,19.5,100.0,2015-02-05T20:41:00
office-occupancy-sensor-001,21.1,19.5,100.0,2015-02-05T20:42:00
office-occupancy-sensor-001,21.1,19.5,100.0,2015-02-05T20:43:00
office-occupancy-sensor-001,21.1,19.5,100.0,2015-02-05T20:44:00
office-occupancy-sensor-001,21.1,19.6,100.0,2015-02-05T20:44:59
office-occupancy-sensor-001,21.033,19.533,100.0,2015-02-05T20:45:59
office-occupancy-sensor-001,21.0,19.6,100.0,2015-02-05T20:47:00
office-occupancy-sensor-001,21.0,19.6,100.0,2015-02-05T20:48:00
office-occupancy-sensor-001,21.0,19.6,100.0,2015-02-05T20:49:00
office-occupancy-sensor-001,21.0,19.6,100.0,2015-02-05T20:50:00
office-occupancy-sensor-001,21.0,19.7,100.0,2015-02-05T20:51:00
office-occupancy-sensor-001,21.0,19.7,100.0,2015-02-05T20:51:59
office-occupancy-sensor-001,21.0,19.7,100.0,2015-02-05T20:53:00
office-occupancy-sensor-001,21.0,19.76,100.0,2015-02-05T20:54:00
office-occupancy-sensor-001,21.0,19.79,100.0,2015-02-05T20:55:00
office-occupancy-sensor-001,21.0,19.79,100.0,2015-02-05T20:55:59
office-occupancy-sensor-001,21.0,19.79,100.0,2015-02-05T20:57:00
office-occupancy-sensor-001,21.0,19.79,100.0,2015-02-05T20:57:59
office-occupancy-sensor-001,20.972,19.79,100.0,2015-02-05T20:58:59
office-occupancy-sensor-001,21.0,19.79,100.0,2015-02-05T21:00:00
office-occupancy-sensor-001,20.963,19.79,100.0,2015-02-05T21:01:00
office-occupancy-sensor-001,21.0,19.79,100.0,2015-02-05T21:02:00
office-occupancy-sensor-001,20.89,19.79,100.0,2015-02-05T21:03:00
office-occupancy-sensor-001,20.963,19.79,100.0,2015-02-05T21:04:00
office-occupancy-sensor-001,21.0,19.79,100.0,2015-02-05T21:04:59
office-occupancy-sensor-001,20.89,19.89,100.0,2015-02-05T21:06:00
office-occupancy-sensor-001,20.89,19.84,100.0,2015-02-05T21:07:00
office-occupancy-sensor-001,20.89,19.89,100.0,2015-02-05T21:08:00
office-occupancy-sensor-001,20.89,19.89,100.0,2015-02-05T21:08:59
office-occupancy-sensor-001,20.89,19.89,100.0,2015-02-05T21:10:00
office-occupancy-sensor-001,20.89,19.927,100.0,2015-02-05T21:10:59
office-occupancy-sensor-001,20.89,19.945,100.0,2015-02-05T21:11:59
office-occupancy-sensor-001,20.89,20.0,100.0,2015-02-05T21:13:00
office-occupancy-sensor-001,20.89,20.0,100.0,2015-02-05T21:14:00
office-occupancy-sensor-001,20.89,20.0,100.0,2015-02-05T21:15:00
office-occupancy-sensor-001,20.89,20.0,100.0,2015-02-05T21:16:00
office-occupancy-sensor-001,20.89,20.0,100.0,2015-02-05T21:16:59
office-occupancy-sensor-001,20.89,20.0,100.0,2015-02-05T21:17:59
office-occupancy-sensor-001,20.89,20.0,100.0,2015-02-05T21:19:00
office-occupancy-sensor-001,20.89,20.0,100.0,2015-02-05T21:20:00
office-occupancy-sensor-001,20.89,20.0,100.0,2015-02-05T21:21:00
office-occupancy-sensor-001,20.89,20.0,100.0,2015-02-05T21:22:00
office-occupancy-sensor-001,20.79,20.0,100.0,2015-02-05T21:23:00
office-occupancy-sensor-001,20.89,20.0,100.0,2015-02-05T21:23:59
office-occupancy-sensor-001,20.89,20.1,100.0,2015-02-05T21:24:59
office-occupancy-sensor-001,20.89,20.1,100.0,2015-02-05T21:26:00
office-occupancy-sensor-001,20.89,20.1,100.0,2015-02-05T21:27:00
office-occupancy-sensor-001,20.89,20.1,100.0,2015-02-05T21:28:00
office-occupancy-sensor-001,20.89,20.1,100.0,2015-02-05T21:29:00
office-occupancy-sensor-001,20.89,20.1,100.0,2015-02-05T21:29:59
office-occupancy-sensor-001,20.89,20.15,100.0,2015-02-05T21:30:59
office-occupancy-sensor-001,20.79,20.05,100.0,2015-02-05T21:32:00
office-occupancy-sensor-001,20.89,20.2,100.0,2015-02-05T21:33:00
office-occupancy-sensor-001,20.79,20.1,100.0,2015-02-05T21:34:00
office-occupancy-sensor-001,20.79,20.1,100.0,2015-02-05T21:35:00
office-occupancy-sensor-001,20.79,20.15,100.0,2015-02-05T21:36:00
office-occupancy-sensor-001,20.79,20.2,100.0,2015-02-05T21:36:59
office-occupancy-sensor-001,20.79,20.2,100.0,2015-02-05T21:38:00
office-occupancy-sensor-001,20.79,20.2,100.0,2015-02-05T21:39:00
office-occupancy-sensor-001,20.79,20.2,100.0,2015-02-05T21:40:00
office-occupancy-sensor-001,20.79,20.245,100.0,2015-02-05T21:40:59
office-occupancy-sensor-001,20.79,20.29,100.0,2015-02-05T21:42:00
office-occupancy-sensor-001,20.745,20.29,100.0,2015-02-05T21:42:59
office-occupancy-sensor-001,20.79,20.29,100.0,2015-02-05T21:43:59
office-occupancy-sensor-001,20.745,20.34,100.0,2015-02-05T21:45:00
office-occupancy-sensor-001,20.7,20.39,100.0,2015-02-05T21:46:00
office-occupancy-sensor-001,20.745,20.39,100.0,2015-02-05T21:47:00
office-occupancy-sensor-001,20.7,20.39,100.0,2015-02-05T21:48:00
office-occupancy-sensor-001,20.7,20.39,100.0,2015-02-05T21:49:00
office-occupancy-sensor-001,20.7,20.39,100.0,2015-02-05T21:49:59
office-occupancy-sensor-001,20.7,20.445,100.0,2015-02-05T21:51:00
office-occupancy-sensor-001,20.7,20.445,100.0,2015-02-05T21:52:00
office-occupancy-sensor-001,20.7,20.5,100.0,2015-02-05T21:53:00
office-occupancy-sensor-001,20.7,20.5,100.0,2015-02-05T21:53:59
office-occupancy-sensor-001,20.7,20.55,100.0,2015-02-05T21:55:00
office-occupancy-sensor-001,20.7,20.6,100.0,2015-02-05T21:55:59
office-occupancy-sensor-001,20.7,20.6,100.0,2015-02-05T21:56:59
office-occupancy-sensor-001,20.7,20.6,100.0,2015-02-05T21:58:00
office-occupancy-sensor-001,20.7,20.6,100.0,2015-02-05T21:59:00
office-occupancy-sensor-001,20.7,20.6,100.0,2015-02-05T22:00:00
office-occupancy-sensor-001,20.7,20.6,100.0,2015-02-05T22:01:00
office-occupancy-sensor-001,20.633,20.633,100.0,2015-02-05T22:01:59
office-occupancy-sensor-001,20.7,20.7,100.0,2015-02-05T22:02:59
office-occupancy-sensor-001,20.65,20.65,100.0,2015-02-05T22:04:00
office-occupancy-sensor-001,20.6,20.6,100.0,2015-02-05T22:05:00
office-occupancy-sensor-001,20.65,20.65,100.0,2015-02-05T22:06:00
office-occupancy-sensor-001,20.6,20.6,100.0,2015-02-05T22:07:00
office-occupancy-sensor-001,20.6,20.7,100.0,2015-02-05T22:08:00
office-occupancy-sensor-001,20.6,20.7,100.0,2015-02-05T22:08:59
office-occupancy-sensor-001,20.6,20.7,100.0,2015-02-05T22:09:59
office-occupancy-sensor-001,20.6,20.7,100.0,2015-02-05T22:11:00
office-occupancy-sensor-001,20.6,20.745,100.0,2015-02-05T22:12:00
office-occupancy-sensor-001,20.6,20.745,100.0,2015-02-05T22:13:00
office-occupancy-sensor-001,20.6,20.79,100.0,2015-02-05T22:14:00
office-occupancy-sensor-001,20.55,20.79,100.0,2015-02-05T22:14:59
office-occupancy-sensor-001,20.6,20.79,100.0,2015-02-05T22:15:59
office-occupancy-sensor-001,20.6,20.79,100.0,2015-02-05T22:17:00
office-occupancy-sensor-001,20.6,20.79,100.0,2015-02-05T22:18:00
office-occupancy-sensor-001,20.6,20.84,100.0,2015-02-05T22:19:00
office-occupancy-sensor-001,20.6,20.89,100.0,2015-02-05T22:20:00
office-occupancy-sensor-001,20.55,20.89,100.0,2015-02-05T22:21:00
office-occupancy-sensor-001,20.6,20.84,100.0,2015-02-05T22:21:59
office-occupancy-sensor-001,20.55,20.89,100.0,2015-02-05T22:23:00
office-occupancy-sensor-001,20.6,20.89,100.0,2015-02-05T22:24:00
office-occupancy-sensor-001,20.6,20.89,100.0,2015-02-05T22:25:00
office-occupancy-sensor-001,20.6,20.89,100.0,2015-02-05T22:25:59
office-occupancy-sensor-001,20.575,20.918,100.0,2015-02-05T22:27:00
office-occupancy-sensor-001,20.6,20.89,100.0,2015-02-05T22:27:59
office-occupancy-sensor-001,20.5,20.945,100.0,2015-02-05T22:28:59
office-occupancy-sensor-001,20.5,21.0,100.0,2015-02-05T22:30:00
office-occupancy-sensor-001,20.55,21.0,100.0,2015-02-05T22:31:00
office-occupancy-sensor-001,20.6,21.0,100.0,2015-02-05T22:32:00
office-occupancy-sensor-001,20.55,21.0,100.0,2015-02-05T22:33:00
office-occupancy-sensor-001,20.55,21.0,100.0,2015-02-05T22:34:00
office-occupancy-sensor-001,20.5,21.0,100.0,2015-02-05T22:34:59
office-occupancy-sensor-001,20.6,21.0,100.0,2015-02-05T22:36:00
office-occupancy-sensor-001,20.567,21.033,100.0,2015-02-05T22:37:00
office-occupancy-sensor-001,20.55,21.05,100.0,2015-02-05T22:38:00
office-occupancy-sensor-001,20.5,21.1,100.0,2015-02-05T22:38:59
office-occupancy-sensor-001,20.55,21.1,100.0,2015-02-05T22:40:00
office-occupancy-sensor-001,20.6,21.1,100.0,2015-02-05T22:40:59
office-occupancy-sensor-001,20.5,21.1,100.0,2015-02-05T22:41:59
office-occupancy-sensor-001,20.55,21.1,100.0,2015-02-05T22:43:00
office-occupancy-sensor-001,20.55,21.1,100.0,2015-02-05T22:44:00
office-occupancy-sensor-001,20.5,21.1,100.0,2015-02-05T22:45:00
office-occupancy-sensor-001,20.5,21.1,100.0,2015-02-05T22:46:00
office-occupancy-sensor-001,20.5,21.1,100.0,2015-02-05T22:46:59
office-occupancy-sensor-001,20.55,21.1,100.0,2015-02-05T22:47:59
office-occupancy-sensor-001,20.5,21.1,100.0,2015-02-05T22:49:00
office-occupancy-sensor-001,20.5,21.1,100.0,2015-02-05T22:50:00
office-occupancy-sensor-001,20.533,21.2,100.0,2015-02-05T22:51:00
office-occupancy-sensor-001,20.5,21.2,100.0,2015-02-05T22:52:00
office-occupancy-sensor-001,20.5,21.2,100.0,2015-02-05T22:53:00
office-occupancy-sensor-001,20.5,21.2,100.0,2015-02-05T22:53:59
office-occupancy-sensor-001,20.5,21.2,100.0,2015-02-05T22:54:59
office-occupancy-sensor-001,20.5,21.2,100.0,2015-02-05T22:56:00
office-occupancy-sensor-001,20.5,21.245,100.0,2015-02-05T22:57:00
office-occupancy-sensor-001,20.5,21.2,100.0,2015-02-05T22:58:00
office-occupancy-sensor-001,20.5,21.2,100.0,2015-02-05T22:59:00
office-occupancy-sensor-001,20.5,21.245,100.0,2015-02-05T22:59:59
office-occupancy-sensor-001,20.5,21.29,100.0,2015-02-05T23:00:59
office-occupancy-sensor-001,20.5,21.26,100.0,2015-02-05T23:02:00
office-occupancy-sensor-001,20.5,21.268,100.0,2015-02-05T23:03:00
office-occupancy-sensor-001,20.5,21.29,100.0,2015-02-05T23:04:00
office-occupancy-sensor-001,20.5,21.29,100.0,2015-02-05T23:05:00
office-occupancy-sensor-001,20.5,21.29,100.0,2015-02-05T23:06:00
office-occupancy-sensor-001,20.5,21.29,100.0,2015-02-05T23:06:59
office-occupancy-sensor-001,20.5,21.29,100.0,2015-02-05T23:08:00
office-occupancy-sensor-001,20.5,21.29,100.0,2015-02-05T23:09:00
office-occupancy-sensor-001,20.5,21.29,100.0,2015-02-05T23:10:00
office-occupancy-sensor-001,20.445,21.29,100.0,2015-02-05T23:10:59
office-occupancy-sensor-001,20.5,21.29,100.0,2015-02-05T23:12:00
office-occupancy-sensor-001,20.5,21.29,100.0,2015-02-05T23:12:59
office-occupancy-sensor-001,20.39,21.29,100.0,2015-02-05T23:13:59
office-occupancy-sensor-001,20.445,21.29,100.0,2015-02-05T23:15:00
office-occupancy-sensor-001,20.39,21.29,100.0,2015-02-05T23:16:00
office-occupancy-sensor-001,20.427,21.29,100.0,2015-02-05T23:17:00
office-occupancy-sensor-001,20.39,21.29,100.0,2015-02-05T23:18:00
office-occupancy-sensor-001,20.39,21.29,100.0,2015-02-05T23:19:00
office-occupancy-sensor-001,20.39,21.29,100.0,2015-02-05T23:19:59
office-occupancy-sensor-001,20.39,21.29,100.0,2015-02-05T23:21:00
office-occupancy-sensor-001,20.39,21.29,100.0,2015-02-05T23:22:00
office-occupancy-sensor-001,20.39,21.29,100.0,2015-02-05T23:23:00
office-occupancy-sensor-001,20.39,21.29,100.0,2015-02-05T23:23:59
office-occupancy-sensor-001,20.39,21.29,100.0,2015-02-05T23:25:00
office-occupancy-sensor-001,20.39,21.29,100.0,2015-02-05T23:25:59
office-occupancy-sensor-001,20.39,21.29,100.0,2015-02-05T23:26:59
office-occupancy-sensor-001,20.39,21.29,100.0,2015-02-05T23:28:00
office-occupancy-sensor-001,20.39,21.29,100.0,2015-02-05T23:29:00
office-occupancy-sensor-001,20.39,21.29,100.0,2015-02-05T23:30:00
office-occupancy-sensor-001,20.39,21.29,100.0,2015-02-05T23:31:00
office-occupancy-sensor-001,20.357,21.29,100.0,2015-02-05T23:31:59
office-occupancy-sensor-001,20.357,21.29,100.0,2015-02-05T23:32:59
office-occupancy-sensor-001,20.39,21.29,100.0,2015-02-05T23:34:00
office-occupancy-sensor-001,20.29,21.29,100.0,2015-02-05T23:35:00
office-occupancy-sensor-001,20.39,21.29,100.0,2015-02-05T23:36:00
office-occupancy-sensor-001,20.34,21.29,100.0,2015-02-05T23:37:00
office-occupancy-sensor-001,20.29,21.29,100.0,2015-02-05T23:38:00
office-occupancy-sensor-001,20.29,21.29,100.0,2015-02-05T23:38:59
office-occupancy-sensor-001,20.29,21.29,100.0,2015-02-05T23:39:59
office-occupancy-sensor-001,20.323,21.29,100.0,2015-02-05T23:41:00
office-occupancy-sensor-001,20.29,21.29,100.0,2015-02-05T23:42:00
office-occupancy-sensor-001,20.323,21.29,100.0,2015-02-05T23:43:00
office-occupancy-sensor-001,20.29,21.29,100.0,2015-02-05T23:44:00
office-occupancy-sensor-001,20.29,21.29,100.0,2015-02-05T23:44:59
office-occupancy-sensor-001,20.29,21.29,100.0,2015-02-05T23:45:59
office-occupancy-sensor-001,20.29,21.29,100.0,2015-02-05T23:47:00
office-occupancy-sensor-001,20.29,21.29,100.0,2015-02-05T23:48:00
office-occupancy-sensor-001,20.29,21.29,100.0,2015-02-05T23:49:00
office-occupancy-sensor-001,20.29,21.29,100.0,2015-02-05T23:50:00
office-occupancy-sensor-001,20.245,21.245,100.0,2015-02-05T23:51:00
office-occupancy-sensor-001,20.29,21.29,100.0,2015-02-05T23:51:59
office-occupancy-sensor-001,20.29,21.29,100.0,2015-02-05T23:53:00
office-occupancy-sensor-001,20.29,21.29,100.0,2015-02-05T23:54:00
office-occupancy-sensor-001,20.29,21.29,100.0,2015-02-05T23:55:00
office-occupancy-sensor-001,20.222,21.222,100.0,2015-02-05T23:55:59
office-occupancy-sensor-001,20.2,21.2,100.0,2015-02-05T23:57:00
office-occupancy-sensor-001,20.2,21.2,100.0,2015-02-05T23:57:59
office-occupancy-sensor-001,20.2,21.2,100.0,2015-02-05T23:58:59
office-occupancy-sensor-001,20.2,21.29,100.0,2015-02-06T00:00:00
office-occupancy-sensor-001,20.2,21.2,100.0,2015-02-06T00:01:00
office-occupancy-sensor-001,20.2,21.29,100.0,2015-02-06T00:02:00
office-occupancy-sensor-001,20.2,21.29,100.0,2015-02-06T00:03:00
office-occupancy-sensor-001,20.2,21.29,100.0,2015-02-06T00:04:00
office-occupancy-sensor-001,20.2,21.29,100.0,2015-02-06T00:04:59
office-occupancy-sensor-001,20.2,21.29,100.0,2015-02-06T00:06:00
office-occupancy-sensor-001,20.2,21.29,100.0,2015-02-06T00:07:00
office-occupancy-sensor-001,20.2,21.29,100.0,2015-02-06T00:08:00
office-occupancy-sensor-001,20.2,21.29,100.0,2015-02-06T00:08:59
office-occupancy-sensor-001,20.2,21.29,100.0,2015-02-06T00:10:00
office-occupancy-sensor-001,20.2,21.29,100.0,2015-02-06T00:10:59
office-occupancy-sensor-001,20.167,21.23,100.0,2015-02-06T00:11:59
office-occupancy-sensor-001,20.15,21.245,100.0,2015-02-06T00:13:00
office-occupancy-sensor-001,20.2,21.29,100.0,2015-02-06T00:14:00
office-occupancy-sensor-001,20.15,21.245,100.0,2015-02-06T00:15:00
office-occupancy-sensor-001,20.15,21.29,100.0,2015-02-06T00:16:00
office-occupancy-sensor-001,20.2,21.2,100.0,2015-02-06T00:16:59
office-occupancy-sensor-001,20.15,21.2,100.0,2015-02-06T00:17:59
office-occupancy-sensor-001,20.2,21.2,100.0,2015-02-06T00:19:00
office-occupancy-sensor-001,20.15,21.2,100.0,2015-02-06T00:20:00
office-occupancy-sensor-001,20.1,21.2,100.0,2015-02-06T00:21:00
office-occupancy-sensor-001,20.2,21.2,100.0,2015-02-06T00:22:00
office-occupancy-sensor-001,20.1,21.2,100.0,2015-02-06T00:23:00
office-occupancy-sensor-001,20.1,21.2,100.0,2015-02-06T00:23:59
office-occupancy-sensor-001,20.1,21.2,100.0,2015-02-06T00:24:59
office-occupancy-sensor-001,20.1,21.0,100.0,2015-02-06T00:26:00
office-occupancy-sensor-001,20.1,21.1,100.0,2015-02-06T00:27:00
office-occupancy-sensor-001,20.1,21.1,100.0,2015-02-06T00:28:00
office-occupancy-sensor-001,20.1,21.1,100.0,2015-02-06T00:29:00
office-occupancy-sensor-001,20.1,21.1,100.0,2015-02-06T00:29:59
office-occupancy-sensor-001,20.1,21.067,100.0,2015-02-06T00:30:59
office-occupancy-sensor-001,20.1,21.067,100.0,2015-02-06T00:32:00
office-occupancy-sensor-001,20.1,21.0,100.0,2015-02-06T00:33:00
office-occupancy-sensor-001,20.1,21.0,100.0,2015-02-06T00:34:00
office-occupancy-sensor-001,20.1,21.0,100.0,2015-02-06T00:35:00
office-occupancy-sensor-001,20.1,21.0,100.0,2015-02-06T00:36:00
office-occupancy-sensor-001,20.1,21.0,100.0,2015-02-06T00:36:59
office-occupancy-sensor-001,20.167,21.0,100.0,2015-02-06T00:38:00
office-occupancy-sensor-001,20.2,21.0,100.0,2015-02-06T00:39:00
office-occupancy-sensor-001,20.2,20.963,100.0,2015-02-06T00:40:00
office-occupancy-sensor-001,20.2,20.89,100.0,2015-02-06T00:40:59
office-occupancy-sensor-001,20.2,20.857,100.0,2015-02-06T00:42:00
office-occupancy-sensor-001,20.2,20.89,100.0,2015-02-06T00:42:59
office-occupancy-sensor-001,20.2,20.79,100.0,2015-02-06T00:43:59
office-occupancy-sensor-001,20.2,20.79,100.0,2015-02-06T00:45:00
office-occupancy-sensor-001,20.2,20.745,100.0,2015-02-06T00:46:00
office-occupancy-sensor-001,20.245,20.84,100.0,2015-02-06T00:47:00
office-occupancy-sensor-001,20.245,20.84,100.0,2015-02-06T00:48:00
office-occupancy-sensor-001,20.29,20.89,100.0,2015-02-06T00:49:00
office-occupancy-sensor-001,20.29,20.89,100.0,2015-02-06T00:49:59
office-occupancy-sensor-001,20.29,20.79,100.0,2015-02-06T00:51:00
office-occupancy-sensor-001,20.29,20.79,100.0,2015-02-06T00:52:00
office-occupancy-sensor-001,20.29,20.79,100.0,2015-02-06T00:53:00
office-occupancy-sensor-001,20.29,20.79,100.0,2015-02-06T00:53:59
office-occupancy-sensor-001,20.29,20.79,100.0,2015-02-06T00:55:00
office-occupancy-sensor-001,20.29,20.7,100.0,2015-02-06T00:55:59
office-occupancy-sensor-001,20.29,20.7,100.0,2015-02-06T00:56:59
office-occupancy-sensor-001,20.357,20.7,100.0,2015-02-06T00:58:00
office-occupancy-sensor-001,20.29,20.65,100.0,2015-02-06T00:59:00
office-occupancy-sensor-001,20.29,20.7,100.0,2015-02-06T01:00:00
office-occupancy-sensor-001,20.29,20.7,100.0,2015-02-06T01:01:00
office-occupancy-sensor-001,20.29,20.7,100.0,2015-02-06T01:01:59
office-occupancy-sensor-001,20.29,20.7,100.0,2015-02-06T01:02:59
office-occupancy-sensor-001,20.29,20.7,100.0,2015-02-06T01:04:00
office-occupancy-sensor-001,20.29,20.7,100.0,2015-02-06T01:05:00
office-occupancy-sensor-001,20.29,20.7,100.0,2015-02-06T01:06:00
office-occupancy-sensor-001,20.29,20.7,100.0,2015-02-06T01:07:00
office-occupancy-sensor-001,20.26,20.7,100.0,2015-02-06T01:08:00
office-occupancy-sensor-001,20.29,20.7,100.0,2015-02-06T01:08:59
office-occupancy-sensor-001,20.29,20.76,100.0,2015-02-06T01:09:59
office-occupancy-sensor-001,20.29,20.7,100.0,2015-02-06T01:11:00
office-occupancy-sensor-001,20.29,20.7,100.0,2015-02-06T01:12:00
office-occupancy-sensor-001,20.245,20.7,100.0,2015-02-06T01:13:00
office-occupancy-sensor-001,20.29,20.7,100.0,2015-02-06T01:14:00
office-occupancy-sensor-001,20.23,20.633,100.0,2015-02-06T01:14:59
office-occupancy-sensor-001,20.245,20.65,100.0,2015-02-06T01:15:59
office-occupancy-sensor-001,20.2,20.6,100.0,2015-02-06T01:17:00
office-occupancy-sensor-001,20.29,20.7,100.0,2015-02-06T01:18:00
office-occupancy-sensor-001,20.2,20.6,100.0,2015-02-06T01:19:00
office-occupancy-sensor-001,20.23,20.567,100.0,2015-02-06T01:20:00
office-occupancy-sensor-001,20.245,20.55,100.0,2015-02-06T01:21:00
office-occupancy-sensor-001,20.29,20.6,100.0,2015-02-06T01:21:59
office-occupancy-sensor-001,20.26,20.497,100.0,2015-02-06T01:23:00
office-occupancy-sensor-001,20.29,20.5,100.0,2015-02-06T01:24:00
office-occupancy-sensor-001,20.29,20.55,100.0,2015-02-06T01:25:00
office-occupancy-sensor-001,20.29,20.6,100.0,2015-02-06T01:25:59
office-occupancy-sensor-001,20.29,20.5,100.0,2015-02-06T01:27:00
office-occupancy-sensor-001,20.323,20.5,100.0,2015-02-06T01:27:59
office-occupancy-sensor-001,20.39,20.445,100.0,2015-02-06T01:28:59
office-occupancy-sensor-001,20.39,20.39,100.0,2015-02-06T01:30:00
office-occupancy-sensor-001,20.39,20.29,100.0,2015-02-06T01:31:00
office-occupancy-sensor-001,20.39,20.2,100.0,2015-02-06T01:32:00
office-occupancy-sensor-001,20.39,20.2,100.0,2015-02-06T01:33:00
office-occupancy-sensor-001,20.39,20.2,100.0,2015-02-06T01:34:00
office-occupancy-sensor-001,20.39,20.1,100.0,2015-02-06T01:34:59
office-occupancy-sensor-001,20.39,20.1,100.0,2015-02-06T01:36:00
office-occupancy-sensor-001,20.39,20.05,100.0,2015-02-06T01:37:00
office-occupancy-sensor-001,20.34,20.05,100.0,2015-02-06T01:38:00
office-occupancy-sensor-001,20.39,20.05,100.0,2015-02-06T01:38:59
office-occupancy-sensor-001,20.39,20.0,100.0,2015-02-06T01:40:00
office-occupancy-sensor-001,20.39,20.0,100.0,2015-02-06T01:40:59
office-occupancy-sensor-001,20.39,20.0,100.0,2015-02-06T01:41:59
office-occupancy-sensor-001,20.39,19.945,100.0,2015-02-06T01:43:00
office-occupancy-sensor-001,20.5,19.89,100.0,2015-02-06T01:44:00
office-occupancy-sensor-001,20.427,19.927,100.0,2015-02-06T01:45:00
office-occupancy-sensor-001,20.5,19.89,100.0,2015-02-06T01:46:00
office-occupancy-sensor-001,20.5,19.89,100.0,2015-02-06T01:46:59
office-occupancy-sensor-001,20.5,19.89,100.0,2015-02-06T01:47:59
office-occupancy-sensor-001,20.5,19.89,100.0,2015-02-06T01:49:00
office-occupancy-sensor-001,20.5,19.89,100.0,2015-02-06T01:50:00
office-occupancy-sensor-001,20.5,19.89,100.0,2015-02-06T01:51:00
office-occupancy-sensor-001,20.5,19.89,100.0,2015-02-06T01:52:00
office-occupancy-sensor-001,20.5,19.89,100.0,2015-02-06T01:53:00
office-occupancy-sensor-001,20.5,19.89,100.0,2015-02-06T01:53:59
office-occupancy-sensor-001,20.5,19.89,100.0,2015-02-06T01:54:59
office-occupancy-sensor-001,20.5,19.745,100.0,2015-02-06T01:56:00
office-occupancy-sensor-001,20.5,19.79,100.0,2015-02-06T01:57:00
office-occupancy-sensor-001,20.55,19.84,100.0,2015-02-06T01:58:00
office-occupancy-sensor-001,20.5,19.79,100.0,2015-02-06T01:59:00
office-occupancy-sensor-001,20.5,19.745,100.0,2015-02-06T01:59:59
office-occupancy-sensor-001,20.5,19.65,100.0,2015-02-06T02:00:59
office-occupancy-sensor-001,20.5,19.7,100.0,2015-02-06T02:02:00
office-occupancy-sensor-001,20.6,19.6,100.0,2015-02-06T02:03:00
office-occupancy-sensor-001,20.5,19.745,100.0,2015-02-06T02:04:00
office-occupancy-sensor-001,20.6,19.6,100.0,2015-02-06T02:05:00
office-occupancy-sensor-001,20.5,19.65,100.0,2015-02-06T02:06:00
office-occupancy-sensor-001,20.5,19.65,100.0,2015-02-06T02:06:59
office-occupancy-sensor-001,20.55,19.65,100.0,2015-02-06T02:08:00
office-occupancy-sensor-001,20.55,19.6,100.0,2015-02-06T02:09:00
office-occupancy-sensor-001,20.5,19.6,100.0,2015-02-06T02:10:00
office-occupancy-sensor-001,20.55,19.6,100.0,2015-02-06T02:10:59
office-occupancy-sensor-001,20.6,19.6,100.0,2015-02-06T02:12:00
office-occupancy-sensor-001,20.6,19.53,100.0,2015-02-06T02:12:59
office-occupancy-sensor-001,20.6,19.445,100.0,2015-02-06T02:13:59
office-occupancy-sensor-001,20.5,19.55,100.0,2015-02-06T02:15:00
office-occupancy-sensor-001,20.5,19.6,100.0,2015-02-06T02:16:00
office-occupancy-sensor-001,20.6,19.6,100.0,2015-02-06T02:17:00
office-occupancy-sensor-001,20.6,19.5,100.0,2015-02-06T02:18:00
office-occupancy-sensor-001,20.567,19.533,100.0,2015-02-06T02:19:00
office-occupancy-sensor-001,20.567,19.5,100.0,2015-02-06T02:19:59
office-occupancy-sensor-001,20.567,19.5,100.0,2015-02-06T02:21:00
office-occupancy-sensor-001,20.6,19.5,100.0,2015-02-06T02:22:00
office-occupancy-sensor-001,20.6,19.445,100.0,2015-02-06T02:23:00
office-occupancy-sensor-001,20.6,19.5,100.0,2015-02-06T02:23:59
office-occupancy-sensor-001,20.6,19.5,100.0,2015-02-06T02:25:00
office-occupancy-sensor-001,20.6,19.34,100.0,2015-02-06T02:25:59
office-occupancy-sensor-001,20.5,19.34,100.0,2015-02-06T02:26:59
office-occupancy-sensor-001,20.6,19.5,100.0,2015-02-06T02:28:00
office-occupancy-sensor-001,20.55,19.445,100.0,2015-02-06T02:29:00
office-occupancy-sensor-001,20.55,19.39,100.0,2015-02-06T02:30:00
office-occupancy-sensor-001,20.6,19.34,100.0,2015-02-06T02:31:00
office-occupancy-sensor-001,20.5,19.39,100.0,2015-02-06T02:31:59
office-occupancy-sensor-001,20.5,19.39,100.0,2015-02-06T02:32:59
office-occupancy-sensor-001,20.55,19.29,100.0,2015-02-06T02:34:00
office-occupancy-sensor-001,20.6,19.39,100.0,2015-02-06T02:35:00
office-occupancy-sensor-001,20.6,19.295,100.0,2015-02-06T02:36:00
office-occupancy-sensor-001,20.6,19.29,100.0,2015-02-06T02:37:00
office-occupancy-sensor-001,20.6,19.29,100.0,2015-02-06T02:38:00
office-occupancy-sensor-001,20.5,19.34,100.0,2015-02-06T02:38:59
office-occupancy-sensor-001,20.5,19.29,100.0,2015-02-06T02:39:59
office-occupancy-sensor-001,20.463,19.227,100.0,2015-02-06T02:41:00
office-occupancy-sensor-001,20.5,19.39,100.0,2015-02-06T02:42:00
office-occupancy-sensor-001,20.5,19.39,100.0,2015-02-06T02:43:00
office-occupancy-sensor-001,20.5,19.245,100.0,2015-02-06T02:44:00
office-occupancy-sensor-001,20.5,19.2,100.0,2015-02-06T02:44:59
office-occupancy-sensor-001,20.39,19.29,100.0,2015-02-06T02:45:59
office-occupancy-sensor-001,20.427,19.29,100.0,2015-02-06T02:47:00
office-occupancy-sensor-001,20.5,19.29,100.0,2015-02-06T02:48:00
office-occupancy-sensor-001,20.5,19.2,100.0,2015-02-06T02:49:00
office-occupancy-sensor-001,20.5,19.15,100.0,2015-02-06T02:50:00
office-occupancy-sensor-001,20.445,19.05,100.0,2015-02-06T02:51:00
office-occupancy-sensor-001,20.39,19.167,100.0,2015-02-06T02:51:59
office-occupancy-sensor-001,20.39,19.245,100.0,2015-02-06T02:53:00
office-occupancy-sensor-001,20.39,19.2,100.0,2015-02-06T02:54:00
office-occupancy-sensor-001,20.5,19.2,100.0,2015-02-06T02:55:00
office-occupancy-sensor-001,20.5,19.2,100.0,2015-02-06T02:55:59
office-occupancy-sensor-001,20.5,19.2,100.0,2015-02-06T02:57:00
office-occupancy-sensor-001,20.5,19.2,100.0,2015-02-06T02:57:59
office-occupancy-sensor-001,20.533,19.167,100.0,2015-02-06T02:58:59
office-occupancy-sensor-001,20.525,19.175,100.0,2015-02-06T03:00:00
office-occupancy-sensor-001,20.5,19.1,100.0,2015-02-06T03:01:00
office-occupancy-sensor-001,20.5,19.1,100.0,2015-02-06T03:02:00
office-occupancy-sensor-001,20.533,19.1,100.0,2015-02-06T03:03:00
office-occupancy-sensor-001,20.5,19.1,100.0,2015-02-06T03:04:00
office-occupancy-sensor-001,20.5,19.1,100.0,2015-02-06T03:04:59
office-occupancy-sensor-001,20.5,19.1,100.0,2015-02-06T03:06:00
office-occupancy-sensor-001,20.5,19.1,100.0,2015-02-06T03:07:00
office-occupancy-sensor-001,20.5,19.1,100.0,2015-02-06T03:08:00
office-occupancy-sensor-001,20.533,18.963,100.0,2015-02-06T03:08:59
office-occupancy-sensor-001,20.525,19.075,100.0,2015-02-06T03:10:00
office-occupancy-sensor-001,20.5,19.05,100.0,2015-02-06T03:10:59
office-occupancy-sensor-001,20.5,19.1,100.0,2015-02-06T03:11:59
office-occupancy-sensor-001,20.533,19.0,100.0,2015-02-06T03:13:00
office-occupancy-sensor-001,20.55,19.0,100.0,2015-02-06T03:14:00
office-occupancy-sensor-001,20.5,18.945,100.0,2015-02-06T03:15:00
office-occupancy-sensor-001,20.55,19.0,100.0,2015-02-06T03:16:00
office-occupancy-sensor-001,20.55,19.0,100.0,2015-02-06T03:16:59
office-occupancy-sensor-001,20.5,19.0,100.0,2015-02-06T03:17:59
office-occupancy-sensor-001,20.5,19.0,100.0,2015-02-06T03:19:00
office-occupancy-sensor-001,20.6,18.963,100.0,2015-02-06T03:20:00
office-occupancy-sensor-001,20.5,19.0,100.0,2015-02-06T03:21:00
office-occupancy-sensor-001,20.533,18.963,100.0,2015-02-06T03:22:00
office-occupancy-sensor-001,20.533,18.927,100.0,2015-02-06T03:23:00
office-occupancy-sensor-001,20.6,18.945,100.0,2015-02-06T03:23:59
office-occupancy-sensor-001,20.6,19.0,100.0,2015-02-06T03:24:59
office-occupancy-sensor-001,20.5,19.0,100.0,2015-02-06T03:26:00
office-occupancy-sensor-001,20.55,18.945,100.0,2015-02-06T03:27:00
office-occupancy-sensor-001,20.55,18.945,100.0,2015-02-06T03:28:00
office-occupancy-sensor-001,20.5,19.0,100.0,2015-02-06T03:29:00
office-occupancy-sensor-001,20.6,19.0,100.0,2015-02-06T03:29:59
office-occupancy-sensor-001,20.5,18.89,100.0,2015-02-06T03:30:59
office-occupancy-sensor-001,20.55,19.0,100.0,2015-02-06T03:32:00
office-occupancy-sensor-001,20.6,19.0,100.0,2015-02-06T03:33:00
office-occupancy-sensor-001,20.55,19.0,100.0,2015-02-06T03:34:00
office-occupancy-sensor-001,20.55,18.89,100.0,2015-02-06T03:35:00
office-occupancy-sensor-001,20.5,18.945,100.0,2015-02-06T03:36:00
office-occupancy-sensor-001,20.5,18.84,100.0,2015-02-06T03:36:59
office-occupancy-sensor-001,20.5,18.89,100.0,2015-02-06T03:38:00
office-occupancy-sensor-001,20.5,19.0,100.0,2015-02-06T03:39:00
office-occupancy-sensor-001,20.5,19.0,100.0,2015-02-06T03:40:00
office-occupancy-sensor-001,20.5,19.0,100.0,2015-02-06T03:40:59
office-occupancy-sensor-001,20.5,19.0,100.0,2015-02-06T03:42:00
office-occupancy-sensor-001,20.5,18.945,100.0,2015-02-06T03:42:59
office-occupancy-sensor-001,20.445,18.945,100.0,2015-02-06T03:43:59
office-occupancy-sensor-001,20.5,19.0,100.0,2015-02-06T03:45:00
office-occupancy-sensor-001,20.5,18.895,100.0,2015-02-06T03:46:00
office-occupancy-sensor-001,20.5,18.89,100.0,2015-02-06T03:47:00
office-occupancy-sensor-001,20.5,19.0,100.0,2015-02-06T03:48:00
office-occupancy-sensor-001,20.427,18.89,100.0,2015-02-06T03:49:00
office-occupancy-sensor-001,20.39,18.823,100.0,2015-02-06T03:49:59
office-occupancy-sensor-001,20.39,18.79,100.0,2015-02-06T03:51:00
office-occupancy-sensor-001,20.39,18.927,100.0,2015-02-06T03:52:00
office-occupancy-sensor-001,20.39,18.84,100.0,2015-02-06T03:53:00
office-occupancy-sensor-001,20.39,18.7,100.0,2015-02-06T03:53:59
office-occupancy-sensor-001,20.39,18.89,100.0,2015-02-06T03:55:00
office-occupancy-sensor-001,20.39,18.927,100.0,2015-02-06T03:55:59
office-occupancy-sensor-001,20.39,18.823,100.0,2015-02-06T03:56:59
office-occupancy-sensor-001,20.39,18.79,100.0,2015-02-06T03:58:00
office-occupancy-sensor-001,20.39,18.79,100.0,2015-02-06T03:59:00
office-occupancy-sensor-001,20.445,18.79,100.0,2015-02-06T04:00:00
office-occupancy-sensor-001,20.445,18.79,100.0,2015-02-06T04:01:00
office-occupancy-sensor-001,20.5,18.79,100.0,2015-02-06T04:01:59
office-occupancy-sensor-001,20.5,18.79,100.0,2015-02-06T04:02:59
office-occupancy-sensor-001,20.5,18.79,100.0,2015-02-06T04:04:00
office-occupancy-sensor-001,20.5,18.745,100.0,2015-02-06T04:05:00
office-occupancy-sensor-001,20.5,18.745,100.0,2015-02-06T04:06:00
office-occupancy-sensor-001,20.5,18.7,100.0,2015-02-06T04:07:00
office-occupancy-sensor-001,20.5,18.79,100.0,2015-02-06T04:08:00
office-occupancy-sensor-001,20.5,18.79,100.0,2015-02-06T04:08:59
office-occupancy-sensor-001,20.5,18.7,100.0,2015-02-06T04:09:59
office-occupancy-sensor-001,20.39,18.667,100.0,2015-02-06T04:11:00
office-occupancy-sensor-001,20.39,18.76,100.0,2015-02-06T04:12:00
office-occupancy-sensor-001,20.39,18.768,100.0,2015-02-06T04:13:00
office-occupancy-sensor-001,20.39,18.722,100.0,2015-02-06T04:14:00
office-occupancy-sensor-001,20.39,18.7,100.0,2015-02-06T04:14:59
office-occupancy-sensor-001,20.39,18.7,100.0,2015-02-06T04:15:59
office-occupancy-sensor-001,20.39,18.745,100.0,2015-02-06T04:17:00
office-occupancy-sensor-001,20.39,18.7,100.0,2015-02-06T04:18:00
office-occupancy-sensor-001,20.39,18.6,100.0,2015-02-06T04:19:00
office-occupancy-sensor-001,20.39,18.745,100.0,2015-02-06T04:20:00
office-occupancy-sensor-001,20.39,18.76,100.0,2015-02-06T04:21:00
office-occupancy-sensor-001,20.39,18.745,100.0,2015-02-06T04:21:59
office-occupancy-sensor-001,20.39,18.7,100.0,2015-02-06T04:23:00
office-occupancy-sensor-001,20.39,18.7,100.0,2015-02-06T04:24:00
office-occupancy-sensor-001,20.39,18.7,100.0,2015-02-06T04:25:00
office-occupancy-sensor-001,20.5,18.745,100.0,2015-02-06T04:25:59
office-occupancy-sensor-001,20.39,18.7,100.0,2015-02-06T04:27:00
office-occupancy-sensor-001,20.445,18.7,100.0,2015-02-06T04:27:59
office-occupancy-sensor-001,20.463,18.73,100.0,2015-02-06T04:28:59
office-occupancy-sensor-001,20.5,18.7,100.0,2015-02-06T04:30:00
office-occupancy-sensor-001,20.445,18.7,100.0,2015-02-06T04:31:00
office-occupancy-sensor-001,20.39,18.6,100.0,2015-02-06T04:32:00
office-occupancy-sensor-001,20.39,18.7,100.0,2015-02-06T04:33:00
office-occupancy-sensor-001,20.39,18.7,100.0,2015-02-06T04:34:00
office-occupancy-sensor-001,20.39,18.7,100.0,2015-02-06T04:34:59
office-occupancy-sensor-001,20.445,18.7,100.0,2015-02-06T04:36:00
office-occupancy-sensor-001,20.445,18.7,100.0,2015-02-06T04:37:00
office-occupancy-sensor-001,20.5,18.7,100.0,2015-02-06T04:38:00
office-occupancy-sensor-001,20.5,18.7,100.0,2015-02-06T04:38:59
office-occupancy-sensor-001,20.445,18.7,100.0,2015-02-06T04:40:00
office-occupancy-sensor-001,20.445,18.7,100.0,2015-02-06T04:40:59
office-occupancy-sensor-001,20.463,18.7,100.0,2015-02-06T04:41:59
office-occupancy-sensor-001,20.39,18.7,100.0,2015-02-06T04:43:00
office-occupancy-sensor-001,20.5,18.7,100.0,2015-02-06T04:44:00
office-occupancy-sensor-001,20.5,18.745,100.0,2015-02-06T04:45:00
office-occupancy-sensor-001,20.463,18.667,100.0,2015-02-06T04:46:00
office-occupancy-sensor-001,20.39,18.6,100.0,2015-02-06T04:46:59
office-occupancy-sensor-001,20.39,18.6,100.0,2015-02-06T04:47:59
office-occupancy-sensor-001,20.39,18.65,100.0,2015-02-06T04:49:00
office-occupancy-sensor-001,20.39,18.7,100.0,2015-02-06T04:50:00
office-occupancy-sensor-001,20.39,18.7,100.0,2015-02-06T04:51:00
office-occupancy-sensor-001,20.39,18.7,100.0,2015-02-06T04:52:00
office-occupancy-sensor-001,20.39,18.6,100.0,2015-02-06T04:53:00
office-occupancy-sensor-001,20.39,18.7,100.0,2015-02-06T04:53:59
office-occupancy-sensor-001,20.39,18.7,100.0,2015-02-06T04:54:59
office-occupancy-sensor-001,20.39,18.7,100.0,2015-02-06T04:56:00
office-occupancy-sensor-001,20.445,18.7,100.0,2015-02-06T04:57:00
office-occupancy-sensor-001,20.39,18.7,100.0,2015-02-06T04:58:00
office-occupancy-sensor-001,20.39,18.667,100.0,2015-02-06T04:59:00
office-occupancy-sensor-001,20.39,18.7,100.0,2015-02-06T04:59:59
office-occupancy-sensor-001,20.39,18.7,100.0,2015-02-06T05:00:59
office-occupancy-sensor-001,20.39,18.7,100.0,2015-02-06T05:02:00
office-occupancy-sensor-001,20.445,18.6,100.0,2015-02-06T05:03:00
office-occupancy-sensor-001,20.39,18.7,100.0,2015-02-06T05:04:00
office-occupancy-sensor-001,20.39,18.7,100.0,2015-02-06T05:05:00
office-occupancy-sensor-001,20.39,18.7,100.0,2015-02-06T05:06:00
office-occupancy-sensor-001,20.39,18.7,100.0,2015-02-06T05:06:59
office-occupancy-sensor-001,20.39,18.65,100.0,2015-02-06T05:08:00
office-occupancy-sensor-001,20.39,18.7,100.0,2015-02-06T05:09:00
office-occupancy-sensor-001,20.39,18.7,100.0,2015-02-06T05:10:00
office-occupancy-sensor-001,20.39,18.667,100.0,2015-02-06T05:10:59
office-occupancy-sensor-001,20.39,18.6,100.0,2015-02-06T05:12:00
office-occupancy-sensor-001,20.357,18.6,100.0,2015-02-06T05:12:59
office-occupancy-sensor-001,20.29,18.65,100.0,2015-02-06T05:13:59
office-occupancy-sensor-001,20.34,18.7,100.0,2015-02-06T05:15:00
office-occupancy-sensor-001,20.34,18.7,100.0,2015-02-06T05:16:00
office-occupancy-sensor-001,20.34,18.7,100.0,2015-02-06T05:17:00
office-occupancy-sensor-001,20.39,18.7,100.0,2015-02-06T05:18:00
office-occupancy-sensor-001,20.39,18.65,100.0,2015-02-06T05:19:00
office-occupancy-sensor-001,20.34,18.65,100.0,2015-02-06T05:19:59
office-occupancy-sensor-001,20.357,18.667,100.0,2015-02-06T05:21:00
office-occupancy-sensor-001,20.39,18.7,100.0,2015-02-06T05:22:00
office-occupancy-sensor-001,20.34,18.7,100.0,2015-02-06T05:23:00
office-occupancy-sensor-001,20.39,18.7,100.0,2015-02-06T05:23:59
office-occupancy-sensor-001,20.39,18.65,100.0,2015-02-06T05:25:00
office-occupancy-sensor-001,20.39,18.7,100.0,2015-02-06T05:25:59
office-occupancy-sensor-001,20.39,18.7,100.0,2015-02-06T05:26:59
office-occupancy-sensor-001,20.39,18.7,100.0,2015-02-06T05:28:00
office-occupancy-sensor-001,20.34,18.7,100.0,2015-02-06T05:29:00
office-occupancy-sensor-001,20.39,18.7,100.0,2015-02-06T05:30:00
office-occupancy-sensor-001,20.39,18.7,100.0,2015-02-06T05:31:00
office-occupancy-sensor-001,20.357,18.667,100.0,2015-02-06T05:31:59
office-occupancy-sensor-001,20.34,18.6,100.0,2015-02-06T05:32:59
office-occupancy-sensor-001,20.29,18.745,100.0,2015-02-06T05:34:00
office-occupancy-sensor-001,20.29,18.745,100.0,2015-02-06T05:35:00
office-occupancy-sensor-001,20.29,18.745,100.0,2015-02-06T05:36:00
office-occupancy-sensor-001,20.29,18.79,100.0,2015-02-06T05:37:00
office-occupancy-sensor-001,20.29,18.7,100.0,2015-02-06T05:38:00
office-occupancy-sensor-001,20.29,18.745,100.0,2015-02-06T05:38:59
office-occupancy-sensor-001,20.29,18.79,100.0,2015-02-06T05:39:59
office-occupancy-sensor-001,20.29,18.768,100.0,2015-02-06T05:41:00
office-occupancy-sensor-001,20.29,18.7,100.0,2015-02-06T05:42:00
office-occupancy-sensor-001,20.29,18.7,100.0,2015-02-06T05:43:00
office-occupancy-sensor-001,20.29,18.7,100.0,2015-02-06T05:44:00
office-occupancy-sensor-001,20.245,18.695,100.0,2015-02-06T05:44:59
office-occupancy-sensor-001,20.29,18.79,100.0,2015-02-06T05:45:59
office-occupancy-sensor-001,20.29,18.79,100.0,2015-02-06T05:47:00
office-occupancy-sensor-001,20.29,18.79,100.0,2015-02-06T05:48:00
office-occupancy-sensor-001,20.29,18.79,100.0,2015-02-06T05:49:00
office-occupancy-sensor-001,20.29,18.79,100.0,2015-02-06T05:50:00
office-occupancy-sensor-001,20.29,18.745,100.0,2015-02-06T05:51:00
office-occupancy-sensor-001,20.29,18.79,100.0,2015-02-06T05:51:59
office-occupancy-sensor-001,20.29,18.84,100.0,2015-02-06T05:53:00
office-occupancy-sensor-001,20.245,18.795,100.0,2015-02-06T05:54:00
office-occupancy-sensor-001,20.29,18.76,100.0,2015-02-06T05:55:00
office-occupancy-sensor-001,20.29,18.79,100.0,2015-02-06T05:55:59
office-occupancy-sensor-001,20.29,18.79,100.0,2015-02-06T05:57:00
office-occupancy-sensor-001,20.29,18.79,100.0,2015-02-06T05:57:59
office-occupancy-sensor-001,20.29,18.745,100.0,2015-02-06T05:58:59
office-occupancy-sensor-001,20.29,18.745,100.0,2015-02-06T06:00:00
office-occupancy-sensor-001,20.29,18.79,100.0,2015-02-06T06:01:00
office-occupancy-sensor-001,20.29,18.7,100.0,2015-02-06T06:02:00
office-occupancy-sensor-001,20.245,18.745,100.0,2015-02-06T06:03:00
office-occupancy-sensor-001,20.245,18.745,100.0,2015-02-06T06:04:00
office-occupancy-sensor-001,20.245,18.745,100.0,2015-02-06T06:04:59
office-occupancy-sensor-001,20.2,18.745,100.0,2015-02-06T06:06:00
office-occupancy-sensor-001,20.245,18.84,100.0,2015-02-06T06:07:00
office-occupancy-sensor-001,20.2,18.79,100.0,2015-02-06T06:08:00
office-occupancy-sensor-001,20.29,18.79,100.0,2015-02-06T06:08:59
office-occupancy-sensor-001,20.245,18.745,100.0,2015-02-06T06:10:00
office-occupancy-sensor-001,20.29,18.79,100.0,2015-02-06T06:10:59
office-occupancy-sensor-001,20.29,18.745,100.0,2015-02-06T06:11:59
office-occupancy-sensor-001,20.29,18.84,100.0,2015-02-06T06:13:00
office-occupancy-sensor-001,20.29,18.79,100.0,2015-02-06T06:14:00
office-occupancy-sensor-001,20.29,18.7,100.0,2015-02-06T06:15:00
office-occupancy-sensor-001,20.29,18.79,100.0,2015-02-06T06:16:00
office-occupancy-sensor-001,20.29,18.73,100.0,2015-02-06T06:16:59
office-occupancy-sensor-001,20.2,18.7,100.0,2015-02-06T06:17:59
office-occupancy-sensor-001,20.23,18.73,100.0,2015-02-06T06:19:00
office-occupancy-sensor-001,20.29,18.745,100.0,2015-02-06T06:20:00
office-occupancy-sensor-001,20.29,18.6,100.0,2015-02-06T06:21:00
office-occupancy-sensor-001,20.29,18.7,100.0,2015-02-06T06:22:00
office-occupancy-sensor-001,20.2,18.7,100.0,2015-02-06T06:23:00
office-occupancy-sensor-001,20.29,18.7,100.0,2015-02-06T06:23:59
office-occupancy-sensor-001,20.29,18.7,100.0,2015-02-06T06:24:59
office-occupancy-sensor-001,20.29,18.675,100.0,2015-02-06T06:26:00
office-occupancy-sensor-001,20.26,18.633,100.0,2015-02-06T06:27:00
office-occupancy-sensor-001,20.245,18.65,100.0,2015-02-06T06:28:00
office-occupancy-sensor-001,20.29,18.7,100.0,2015-02-06T06:29:00
office-occupancy-sensor-001,20.29,18.7,100.0,2015-02-06T06:29:59
office-occupancy-sensor-001,20.29,18.6,100.0,2015-02-06T06:30:59
office-occupancy-sensor-001,20.29,18.7,100.0,2015-02-06T06:32:00
office-occupancy-sensor-001,20.29,18.7,100.0,2015-02-06T06:33:00
office-occupancy-sensor-001,20.29,18.6,100.0,2015-02-06T06:34:00
office-occupancy-sensor-001,20.29,18.65,100.0,2015-02-06T06:35:00
office-occupancy-sensor-001,20.29,18.7,100.0,2015-02-06T06:36:00
office-occupancy-sensor-001,20.29,18.7,100.0,2015-02-06T06:36:59
office-occupancy-sensor-001,20.29,18.65,100.0,2015-02-06T06:38:00
office-occupancy-sensor-001,20.29,18.6,100.0,2015-02-06T06:39:00
office-occupancy-sensor-001,20.323,18.567,100.0,2015-02-06T06:40:00
office-occupancy-sensor-001,20.39,18.6,100.0,2015-02-06T06:40:59
office-occupancy-sensor-001,20.39,18.6,100.0,2015-02-06T06:42:00
office-occupancy-sensor-001,20.39,18.6,100.0,2015-02-06T06:42:59
office-occupancy-sensor-001,20.39,18.6,100.0,2015-02-06T06:43:59
office-occupancy-sensor-001,20.39,18.6,100.0,2015-02-06T06:45:00
office-occupancy-sensor-001,20.39,18.5,100.0,2015-02-06T06:46:00
office-occupancy-sensor-001,20.39,18.6,100.0,2015-02-06T06:47:00
office-occupancy-sensor-001,20.29,18.6,100.0,2015-02-06T06:48:00
office-occupancy-sensor-001,20.29,18.39,100.0,2015-02-06T06:49:00
office-occupancy-sensor-001,20.245,18.6,100.0,2015-02-06T06:49:59
office-occupancy-sensor-001,20.29,18.7,100.0,2015-02-06T06:51:00
office-occupancy-sensor-001,20.29,18.65,100.0,2015-02-06T06:52:00
office-occupancy-sensor-001,20.2,18.6,100.0,2015-02-06T06:53:00
office-occupancy-sensor-001,20.2,18.6,100.0,2015-02-06T06:53:59
office-occupancy-sensor-001,20.2,18.6,100.0,2015-02-06T06:55:00
office-occupancy-sensor-001,20.2,18.6,100.0,2015-02-06T06:55:59
office-occupancy-sensor-001,20.2,18.6,100.0,2015-02-06T06:56:59
office-occupancy-sensor-001,20.1,18.6,100.0,2015-02-06T06:58:00
office-occupancy-sensor-001,20.2,18.6,100.0,2015-02-06T06:59:00
office-occupancy-sensor-001,20.2,18.6,100.0,2015-02-06T07:00:00
office-occupancy-sensor-001,20.2,18.6,100.0,2015-02-06T07:01:00
office-occupancy-sensor-001,20.2,18.6,100.0,2015-02-06T07:01:59
office-occupancy-sensor-001,20.2,18.6,100.0,2015-02-06T07:02:59
office-occupancy-sensor-001,20.2,18.6,100.0,2015-02-06T07:04:00
office-occupancy-sensor-001,20.2,18.6,100.0,2015-02-06T07:05:00
office-occupancy-sensor-001,20.2,18.6,100.0,2015-02-06T07:06:00
office-occupancy-sensor-001,20.2,18.6,100.0,2015-02-06T07:07:00
office-occupancy-sensor-001,20.2,18.6,100.0,2015-02-06T07:08:00
office-occupancy-sensor-001,20.2,18.6,100.0,2015-02-06T07:08:59
office-occupancy-sensor-001,20.2,18.6,100.0,2015-02-06T07:09:59
office-occupancy-sensor-001,20.2,18.6,100.0,2015-02-06T07:11:00
office-occupancy-sensor-001,20.2,18.6,100.0,2015-02-06T07:12:00
office-occupancy-sensor-001,20.2,18.567,100.0,2015-02-06T07:13:00
office-occupancy-sensor-001,20.2,18.6,100.0,2015-02-06T07:14:00
office-occupancy-sensor-001,20.2,18.6,100.0,2015-02-06T07:14:59
office-occupancy-sensor-001,20.245,18.6,100.0,2015-02-06T07:15:59
office-occupancy-sensor-001,20.29,18.6,100.0,2015-02-06T07:17:00
office-occupancy-sensor-001,20.29,18.5,100.0,2015-02-06T07:18:00
office-occupancy-sensor-001,20.29,18.5,100.0,2015-02-06T07:19:00
office-occupancy-sensor-001,20.29,18.567,100.0,2015-02-06T07:20:00
office-occupancy-sensor-001,20.29,18.5,100.0,2015-02-06T07:21:00
office-occupancy-sensor-001,20.29,18.5,100.0,2015-02-06T07:21:59
office-occupancy-sensor-001,20.29,18.5,100.0,2015-02-06T07:23:00
office-occupancy-sensor-001,20.29,18.55,100.0,2015-02-06T07:24:00
office-occupancy-sensor-001,20.29,18.5,100.0,2015-02-06T07:25:00
office-occupancy-sensor-001,20.29,18.5,100.0,2015-02-06T07:25:59
office-occupancy-sensor-001,20.29,18.5,100.0,2015-02-06T07:27:00
office-occupancy-sensor-001,20.245,18.5,100.0,2015-02-06T07:27:59
office-occupancy-sensor-001,20.245,18.55,100.0,2015-02-06T07:28:59
office-occupancy-sensor-001,20.2,18.5,100.0,2015-02-06T07:30:00
office-occupancy-sensor-001,20.2,18.5,100.0,2015-02-06T07:31:00
office-occupancy-sensor-001,20.2,18.5,100.0,2015-02-06T07:32:00
office-occupancy-sensor-001,20.2,18.5,100.0,2015-02-06T07:33:00
office-occupancy-sensor-001,20.245,18.55,100.0,2015-02-06T07:34:00
office-occupancy-sensor-001,20.245,18.55,100.0,2015-02-06T07:34:59
office-occupancy-sensor-001,20.2,18.5,100.0,2015-02-06T07:36:00
office-occupancy-sensor-001,20.2,18.5,100.0,2015-02-06T07:37:00
office-occupancy-sensor-001,20.2,18.6,100.0,2015-02-06T07:38:00
office-occupancy-sensor-001,20.2,18.6,100.0,2015-02-06T07:38:59
office-occupancy-sensor-001,20.2,18.6,100.0,2015-02-06T07:40:00
office-occupancy-sensor-001,20.2,18.6,100.0,2015-02-06T07:40:59
office-occupancy-sensor-001,20.175,18.6,100.0,2015-02-06T07:41:59
office-occupancy-sensor-001,20.175,18.675,100.0,2015-02-06T07:43:00
office-occupancy-sensor-001,20.2,18.7,100.0,2015-02-06T07:44:00
office-occupancy-sensor-001,20.175,18.7,100.0,2015-02-06T07:45:00
office-occupancy-sensor-001,20.1,18.745,100.0,2015-02-06T07:46:00
office-occupancy-sensor-001,20.15,18.7,100.0,2015-02-06T07:46:59
office-occupancy-sensor-001,20.133,18.7,100.0,2015-02-06T07:47:59
office-occupancy-sensor-001,20.175,18.722,100.0,2015-02-06T07:49:00
office-occupancy-sensor-001,20.125,18.865,100.0,2015-02-06T07:50:00
office-occupancy-sensor-001,20.15,18.89,100.0,2015-02-06T07:51:00
office-occupancy-sensor-001,20.2,18.89,100.0,2015-02-06T07:52:00
office-occupancy-sensor-001,20.2,19.05,100.0,2015-02-06T07:53:00
office-occupancy-sensor-001,20.222,19.05,100.0,2015-02-06T07:53:59
office-occupancy-sensor-001,20.268,19.218,100.0,2015-02-06T07:54:59
office-occupancy-sensor-001,20.29,19.222,100.0,2015-02-06T07:56:00
office-occupancy-sensor-001,20.315,19.245,100.0,2015-02-06T07:57:00
office-occupancy-sensor-001,20.39,19.22,100.0,2015-02-06T07:58:00
office-occupancy-sensor-001,20.39,19.26,100.0,2015-02-06T07:59:00
office-occupancy-sensor-001,20.418,19.29,100.0,2015-02-06T07:59:59
office-occupancy-sensor-001,20.427,19.163,100.0,2015-02-06T08:00:59
office-occupancy-sensor-001,20.472,19.098,100.0,2015-02-06T08:02:00
office-occupancy-sensor-001,20.525,19.315,100.0,2015-02-06T08:03:00
office-occupancy-sensor-001,20.5,19.242,100.0,2015-02-06T08:04:00
office-occupancy-sensor-001,20.567,19.2,100.0,2015-02-06T08:05:00
office-occupancy-sensor-001,20.625,19.418,100.0,2015-02-06T08:06:00
office-occupancy-sensor-001,20.65,19.472,100.0,2015-02-06T08:06:59
office-occupancy-sensor-001,20.7,19.5,100.0,2015-02-06T08:08:00
office-occupancy-sensor-001,20.7,19.5,100.0,2015-02-06T08:09:00
office-occupancy-sensor-001,20.7,19.575,100.0,2015-02-06T08:10:00
office-occupancy-sensor-001,20.722,19.6,100.0,2015-02-06T08:10:59
office-occupancy-sensor-001,20.7,19.533,100.0,2015-02-06T08:12:00
office-occupancy-sensor-001,20.79,19.472,100.0,2015-02-06T08:12:59
office-occupancy-sensor-001,20.79,19.5,100.0,2015-02-06T08:13:59
office-occupancy-sensor-001,20.79,19.533,100.0,2015-02-06T08:15:00
office-occupancy-sensor-001,20.79,19.525,100.0,2015-02-06T08:16:00
office-occupancy-sensor-001,20.815,19.625,100.0,2015-02-06T08:17:00
office-occupancy-sensor-001,20.79,19.633,100.0,2015-02-06T08:18:00
office-occupancy-sensor-001,20.84,19.65,100.0,2015-02-06T08:19:00
office-occupancy-sensor-001,20.89,19.72,100.0,2015-02-06T08:19:59
office-occupancy-sensor-001,20.865,19.65,100.0,2015-02-06T08:21:00
office-occupancy-sensor-001,20.89,19.6,100.0,2015-02-06T08:22:00
office-occupancy-sensor-001,20.89,19.633,100.0,2015-02-06T08:23:00
office-occupancy-sensor-001,20.89,19.7,100.0,2015-02-06T08:23:59
office-occupancy-sensor-001,20.89,19.65,100.0,2015-02-06T08:25:00
office-occupancy-sensor-001,20.89,19.7,100.0,2015-02-06T08:25:59
office-occupancy-sensor-001,20.89,19.625,100.0,2015-02-06T08:26:59
office-occupancy-sensor-001,20.89,19.633,100.0,2015-02-06T08:28:00
office-occupancy-sensor-001,20.865,19.675,100.0,2015-02-06T08:29:00
office-occupancy-sensor-001,20.865,19.742,100.0,2015-02-06T08:30:00
office-occupancy-sensor-001,20.823,19.667,100.0,2015-02-06T08:31:00
office-occupancy-sensor-001,20.84,19.695,100.0,2015-02-06T08:31:59
office-occupancy-sensor-001,20.89,19.722,100.0,2015-02-06T08:32:59
office-occupancy-sensor-001,20.865,19.722,100.0,2015-02-06T08:34:00
office-occupancy-sensor-001,20.857,19.76,100.0,2015-02-06T08:35:00
office-occupancy-sensor-001,20.865,19.768,100.0,2015-02-06T08:36:00
office-occupancy-sensor-001,20.84,19.745,100.0,2015-02-06T08:37:00
office-occupancy-sensor-001,20.84,19.745,100.0,2015-02-06T08:38:00
office-occupancy-sensor-001,20.84,19.745,100.0,2015-02-06T08:38:59
office-occupancy-sensor-001,20.89,19.79,100.0,2015-02-06T08:39:59
office-occupancy-sensor-001,20.865,19.768,100.0,2015-02-06T08:41:00
office-occupancy-sensor-001,20.865,19.768,100.0,2015-02-06T08:42:00
office-occupancy-sensor-001,20.865,19.768,100.0,2015-02-06T08:43:00
office-occupancy-sensor-001,20.89,19.79,100.0,2015-02-06T08:44:00
office-occupancy-sensor-001,20.865,19.768,100.0,2015-02-06T08:44:59
